#GRID	LADCO	-132000.000000	-420000.000000	1333.330000	1333.330000	1260	1170	1	LAMBERT	meters	33.000000	45.000000	-97.000000	-97.000000	40.000000
#SRGDESC=904,LOCUS HDV Idling
#
#SURROGATE REGION = USA
#SURROGATE CODE = 904
#SURROGATE NAME = LOCUS HDV Idling
#DATA SHAPEFILE = cb_2020_us_county_500k
#DATA ATTRIBUTE = GEOID
#WEIGHT SHAPEFILE = LOCUS_IL_Idling
#WEIGHT ATTRIBUTE = HDT_avg_da
#WEIGHT FUNCTION = 
#FILTER FUNCTION = 
#
#CONTROL VARIABLE FILE = /gpfs/projects/b1045/SMOKE.EMF/2016_beta/spatial_allocator/srgtools/control_variables_grid_2022.csv
#SURROGATE SPECIFICATION FILE = ./surrogate_specification_2022v1.csv
#SHAPEFILE CATALOG = ./shapefile_catalog_2022v1.csv
#GENERATION CONTROL FILE = ./surrogate_generation_grid_2022v1.csv
#SURROGATE CODE FILE = ./surrogate_codes_2022.csv
#GRIDDESC = ./GRIDDESC.txt
#OUTPUT_FILE_ELLIPSOID = +a=6370000.0,+b=6370000.0
#DENOMINATOR_THRESHOLD = 0.0005
#
#USER = vlx1618
#COMPUTER SYSTEM = linux
#DATE = Sun Nov 02 13:34:03 CST 2025
  904	17153	  615	   96	0.03471246	!	3.751078	108.061437	0.034712
  904	17153	  616	   96	0.00007558	!	0.008167	108.061437	0.034788
  904	17153	  615	   97	0.00000480	!	0.000519	108.061437	0.034793
  904	17153	  616	   97	0.00000001	!	0.000001	108.061437	0.034793
  904	17153	  615	   98	0.05439678	!	5.878194	108.061437	0.089190
  904	17153	  616	   98	0.00010448	!	0.011291	108.061437	0.089294
  904	17153	  617	   98	0.00000002	!	0.000003	108.061437	0.089294
  904	17153	  616	   99	0.16827491	!	18.184029	108.061437	0.257569
  904	17153	  617	   99	0.00027898	!	0.030147	108.061437	0.257848
  904	17153	  616	  100	0.45498337	!	49.166156	108.061437	0.712831
  904	17153	  617	  100	0.00075431	!	0.081512	108.061437	0.713586
  904	17153	  617	  110	0.00001542	!	0.001666	108.061437	0.713601
  904	17153	  618	  110	0.00000003	!	0.000003	108.061437	0.713601
  904	17153	  615	  111	0.00000060	!	0.000065	108.061437	0.713602
  904	17153	  616	  111	0.00000000	!	0.000000	108.061437	0.713602
  904	17153	  617	  111	0.27476925	!	29.691960	108.061437	0.988371
  904	17153	  618	  111	0.00045622	!	0.049299	108.061437	0.988827
  904	17153	  615	  112	0.01115433	!	1.205352	108.061437	0.999982
  904	17153	  616	  112	0.00001846	!	0.001995	108.061437	1.000000
  904	17007	  597	  522	0.00283982	!	6.272775	2208.866346	0.002840
  904	17007	  598	  522	0.00000457	!	0.010104	2208.866346	0.002844
  904	17007	  594	  523	0.00011508	!	0.254201	2208.866346	0.002959
  904	17007	  595	  523	0.00315851	!	6.976730	2208.866346	0.006118
  904	17007	  596	  523	0.00540472	!	11.938303	2208.866346	0.011523
  904	17007	  597	  523	0.00001142	!	0.025232	2208.866346	0.011534
  904	17007	  598	  523	0.00000000	!	0.000010	2208.866346	0.011534
  904	17007	  599	  523	0.00347631	!	7.678710	2208.866346	0.015010
  904	17007	  600	  523	0.00000562	!	0.012406	2208.866346	0.015016
  904	17007	  601	  523	0.14646069	!	323.512100	2208.866346	0.161477
  904	17007	  602	  523	0.00314672	!	6.950676	2208.866346	0.164623
  904	17007	  603	  523	0.00000472	!	0.010431	2208.866346	0.164628
  904	17007	  594	  524	0.00000018	!	0.000394	2208.866346	0.164628
  904	17007	  595	  524	0.00000305	!	0.006747	2208.866346	0.164631
  904	17007	  596	  524	0.00310425	!	6.856870	2208.866346	0.167736
  904	17007	  597	  524	0.10249693	!	226.402008	2208.866346	0.270233
  904	17007	  598	  524	0.35091506	!	775.124473	2208.866346	0.621148
  904	17007	  599	  524	0.03655591	!	80.747110	2208.866346	0.657704
  904	17007	  600	  524	0.00975735	!	21.552691	2208.866346	0.667461
  904	17007	  601	  524	0.01381554	!	30.516672	2208.866346	0.681276
  904	17007	  602	  524	0.02606275	!	57.569121	2208.866346	0.707339
  904	17007	  603	  524	0.00004227	!	0.093361	2208.866346	0.707381
  904	17007	  596	  525	0.00000300	!	0.006636	2208.866346	0.707384
  904	17007	  597	  525	0.15705456	!	346.912537	2208.866346	0.864439
  904	17007	  598	  525	0.00059302	!	1.309894	2208.866346	0.865032
  904	17007	  599	  525	0.00567993	!	12.546208	2208.866346	0.870712
  904	17007	  600	  525	0.00141823	!	3.132682	2208.866346	0.872130
  904	17007	  601	  525	0.00111080	!	2.453606	2208.866346	0.873241
  904	17007	  602	  525	0.00763726	!	16.869689	2208.866346	0.880878
  904	17007	  603	  525	0.00001239	!	0.027375	2208.866346	0.880891
  904	17007	  607	  525	0.00524557	!	11.586756	2208.866346	0.886136
  904	17007	  608	  525	0.00000858	!	0.018951	2208.866346	0.886145
  904	17007	  597	  526	0.00015256	!	0.336975	2208.866346	0.886297
  904	17007	  598	  526	0.00000025	!	0.000543	2208.866346	0.886298
  904	17007	  599	  526	0.00806874	!	17.822774	2208.866346	0.894366
  904	17007	  600	  526	0.03331422	!	73.586654	2208.866346	0.927681
  904	17007	  601	  526	0.04239297	!	93.640411	2208.866346	0.970074
  904	17007	  602	  526	0.00505154	!	11.158186	2208.866346	0.975125
  904	17007	  603	  526	0.00000809	!	0.017865	2208.866346	0.975133
  904	17007	  604	  526	0.00132736	!	2.931966	2208.866346	0.976461
  904	17007	  605	  526	0.00000216	!	0.004773	2208.866346	0.976463
  904	17007	  607	  526	0.00000510	!	0.011262	2208.866346	0.976468
  904	17007	  608	  526	0.00000001	!	0.000018	2208.866346	0.976468
  904	17007	  599	  527	0.00447716	!	9.889456	2208.866346	0.980945
  904	17007	  600	  527	0.00126134	!	2.786130	2208.866346	0.982206
  904	17007	  601	  527	0.00004329	!	0.095612	2208.866346	0.982250
  904	17007	  602	  527	0.00000492	!	0.010857	2208.866346	0.982255
  904	17007	  603	  527	0.00000001	!	0.000017	2208.866346	0.982255
  904	17007	  604	  527	0.00000129	!	0.002857	2208.866346	0.982256
  904	17007	  605	  527	0.00000000	!	0.000005	2208.866346	0.982256
  904	17007	  608	  527	0.00322370	!	7.120718	2208.866346	0.985480
  904	17007	  609	  527	0.00000528	!	0.011664	2208.866346	0.985485
  904	17007	  599	  528	0.00000437	!	0.009644	2208.866346	0.985489
  904	17007	  600	  528	0.00000120	!	0.002652	2208.866346	0.985490
  904	17007	  601	  528	0.00000000	!	0.000004	2208.866346	0.985490
  904	17007	  608	  528	0.00000315	!	0.006956	2208.866346	0.985494
  904	17007	  609	  528	0.00000001	!	0.000011	2208.866346	0.985494
  904	17007	  599	  533	0.00647088	!	14.293305	2208.866346	0.991964
  904	17007	  600	  533	0.00001045	!	0.023093	2208.866346	0.991975
  904	17007	  599	  534	0.00000642	!	0.014176	2208.866346	0.991981
  904	17007	  600	  534	0.00000001	!	0.000023	2208.866346	0.991981
  904	17007	  601	  534	0.00295688	!	6.531352	2208.866346	0.994938
  904	17007	  602	  534	0.00000479	!	0.010585	2208.866346	0.994943
  904	17007	  601	  535	0.00000294	!	0.006494	2208.866346	0.994946
  904	17007	  602	  535	0.00000000	!	0.000011	2208.866346	0.994946
  904	17007	  606	  538	0.00504080	!	11.134453	2208.866346	0.999987
  904	17007	  607	  538	0.00000823	!	0.018183	2208.866346	0.999995
  904	17007	  606	  539	0.00000506	!	0.011181	2208.866346	1.000000
  904	17007	  607	  539	0.00000001	!	0.000018	2208.866346	1.000000
  904	17125	  561	  351	0.06952222	!	7.186880	103.375286	0.069522
  904	17125	  562	  351	0.03896702	!	4.028226	103.375286	0.108489
  904	17125	  563	  351	0.00005922	!	0.006122	103.375286	0.108548
  904	17125	  561	  352	0.00003759	!	0.003886	103.375286	0.108586
  904	17125	  562	  352	0.00002107	!	0.002178	103.375286	0.108607
  904	17125	  563	  352	0.00000003	!	0.000003	103.375286	0.108607
  904	17125	  537	  356	0.01433136	!	1.481509	103.375286	0.122939
  904	17125	  538	  356	0.30307683	!	31.330654	103.375286	0.426015
  904	17125	  539	  356	0.00044370	!	0.045867	103.375286	0.426459
  904	17125	  537	  357	0.00022931	!	0.023705	103.375286	0.426688
  904	17125	  538	  357	0.25590109	!	26.453848	103.375286	0.682589
  904	17125	  539	  357	0.12820883	!	13.253624	103.375286	0.810798
  904	17125	  540	  357	0.00018747	!	0.019379	103.375286	0.810986
  904	17125	  538	  358	0.00014156	!	0.014634	103.375286	0.811127
  904	17125	  539	  358	0.00007122	!	0.007363	103.375286	0.811199
  904	17125	  540	  358	0.00000010	!	0.000011	103.375286	0.811199
  904	17125	  552	  362	0.14850574	!	15.351824	103.375286	0.959704
  904	17125	  553	  362	0.00022261	!	0.023012	103.375286	0.959927
  904	17125	  552	  363	0.00008434	!	0.008719	103.375286	0.960011
  904	17125	  553	  363	0.00000013	!	0.000013	103.375286	0.960011
  904	17125	  555	  369	0.03990506	!	4.125197	103.375286	0.999916
  904	17125	  556	  369	0.00006011	!	0.006214	103.375286	0.999977
  904	17125	  555	  370	0.00002336	!	0.002414	103.375286	1.000000
  904	17125	  556	  370	0.00000004	!	0.000004	103.375286	1.000000
  904	17175	  551	  421	0.07693748	!	3.141217	40.828172	0.076937
  904	17175	  552	  421	0.00011514	!	0.004701	40.828172	0.077053
  904	17175	  551	  422	0.06491997	!	2.650564	40.828172	0.141973
  904	17175	  552	  422	0.00009715	!	0.003967	40.828172	0.142070
  904	17175	  551	  423	0.66334424	!	27.083133	40.828172	0.805414
  904	17175	  552	  423	0.00099269	!	0.040530	40.828172	0.806407
  904	17175	  545	  424	0.10520088	!	4.295160	40.828172	0.911608
  904	17175	  546	  424	0.00015587	!	0.006364	40.828172	0.911763
  904	17175	  551	  424	0.00047697	!	0.019474	40.828172	0.912240
  904	17175	  552	  424	0.00000071	!	0.000029	40.828172	0.912241
  904	17175	  545	  425	0.00007591	!	0.003099	40.828172	0.912317
  904	17175	  546	  425	0.00000011	!	0.000005	40.828172	0.912317
  904	17175	  558	  432	0.08748546	!	3.571872	40.828172	0.999803
  904	17175	  559	  432	0.00013244	!	0.005407	40.828172	0.999935
  904	17175	  558	  433	0.00006486	!	0.002648	40.828172	1.000000
  904	17175	  559	  433	0.00000010	!	0.000004	40.828172	1.000000
  904	17017	  531	  327	0.03192121	!	28.751266	900.694747	0.031921
  904	17017	  532	  327	0.00004619	!	0.041599	900.694747	0.031967
  904	17017	  543	  327	0.00314372	!	2.831531	900.694747	0.035111
  904	17017	  544	  327	0.00000464	!	0.004181	900.694747	0.035116
  904	17017	  514	  328	0.02772104	!	24.968192	900.694747	0.062837
  904	17017	  515	  328	0.00003894	!	0.035072	900.694747	0.062876
  904	17017	  531	  328	0.01071902	!	9.654563	900.694747	0.073595
  904	17017	  532	  328	0.00001551	!	0.013969	900.694747	0.073610
  904	17017	  543	  328	0.00000151	!	0.001363	900.694747	0.073612
  904	17017	  544	  328	0.00000000	!	0.000002	900.694747	0.073612
  904	17017	  513	  329	0.01558931	!	14.041209	900.694747	0.089201
  904	17017	  514	  329	0.00003527	!	0.031765	900.694747	0.089236
  904	17017	  515	  329	0.02740796	!	24.686205	900.694747	0.116644
  904	17017	  516	  329	0.00003857	!	0.034737	900.694747	0.116683
  904	17017	  531	  329	0.00000518	!	0.004663	900.694747	0.116688
  904	17017	  532	  329	0.00000001	!	0.000007	900.694747	0.116688
  904	17017	  513	  330	0.00000758	!	0.006826	900.694747	0.116696
  904	17017	  514	  330	0.00000001	!	0.000010	900.694747	0.116696
  904	17017	  515	  330	0.00001332	!	0.012001	900.694747	0.116709
  904	17017	  516	  330	0.00000002	!	0.000017	900.694747	0.116709
  904	17017	  518	  330	0.58097371	!	523.279970	900.694747	0.697683
  904	17017	  519	  330	0.04130056	!	37.199193	900.694747	0.738983
  904	17017	  520	  330	0.00005736	!	0.051665	900.694747	0.739041
  904	17017	  516	  331	0.02637345	!	23.754425	900.694747	0.765414
  904	17017	  517	  331	0.02056186	!	18.519962	900.694747	0.785976
  904	17017	  518	  331	0.17378063	!	156.523296	900.694747	0.959757
  904	17017	  519	  331	0.00026557	!	0.239194	900.694747	0.960022
  904	17017	  520	  331	0.00000003	!	0.000025	900.694747	0.960022
  904	17017	  516	  332	0.00726087	!	6.539826	900.694747	0.967283
  904	17017	  517	  332	0.02650281	!	23.870937	900.694747	0.993786
  904	17017	  518	  332	0.00012260	!	0.110423	900.694747	0.993908
  904	17017	  519	  332	0.00000012	!	0.000109	900.694747	0.993909
  904	17017	  516	  333	0.00000165	!	0.001488	900.694747	0.993910
  904	17017	  517	  333	0.00001308	!	0.011778	900.694747	0.993923
  904	17017	  518	  333	0.00000002	!	0.000017	900.694747	0.993923
  904	17017	  522	  333	0.00606506	!	5.462766	900.694747	0.999988
  904	17017	  523	  333	0.00000864	!	0.007782	900.694747	0.999997
  904	17017	  522	  334	0.00000301	!	0.002710	900.694747	1.000000
  904	17017	  523	  334	0.00000000	!	0.000004	900.694747	1.000000
  904	17047	  681	  206	0.04230505	!	7.094134	167.690013	0.042305
  904	17047	  682	  206	0.13045342	!	21.875735	167.690013	0.172758
  904	17047	  683	  206	0.00023752	!	0.039830	167.690013	0.172996
  904	17047	  681	  207	0.00000768	!	0.001288	167.690013	0.173004
  904	17047	  682	  207	0.00002368	!	0.003971	167.690013	0.173027
  904	17047	  683	  207	0.00000004	!	0.000007	167.690013	0.173027
  904	17047	  680	  208	0.29129626	!	48.847474	167.690013	0.464324
  904	17047	  681	  208	0.09174430	!	15.384603	167.690013	0.556068
  904	17047	  682	  208	0.00016595	!	0.027828	167.690013	0.556234
  904	17047	  680	  209	0.29962405	!	50.243961	167.690013	0.855858
  904	17047	  681	  209	0.06073879	!	10.185288	167.690013	0.916597
  904	17047	  682	  209	0.00010951	!	0.018364	167.690013	0.916706
  904	17047	  683	  209	0.00423340	!	0.709899	167.690013	0.920940
  904	17047	  684	  209	0.00000772	!	0.001295	167.690013	0.920947
  904	17047	  679	  210	0.00881603	!	1.478360	167.690013	0.929763
  904	17047	  680	  210	0.02306597	!	3.867934	167.690013	0.952829
  904	17047	  681	  210	0.00005325	!	0.008929	167.690013	0.952883
  904	17047	  682	  210	0.00000002	!	0.000003	167.690013	0.952883
  904	17047	  683	  210	0.00000080	!	0.000134	167.690013	0.952883
  904	17047	  684	  210	0.00000000	!	0.000000	167.690013	0.952883
  904	17047	  679	  211	0.00000169	!	0.000283	167.690013	0.952885
  904	17047	  680	  211	0.00000440	!	0.000739	167.690013	0.952890
  904	17047	  681	  211	0.00000001	!	0.000001	167.690013	0.952890
  904	17047	  682	  221	0.02369921	!	3.974120	167.690013	0.976589
  904	17047	  683	  221	0.00004318	!	0.007240	167.690013	0.976632
  904	17047	  682	  222	0.02332042	!	3.910602	167.690013	0.999952
  904	17047	  683	  222	0.00004249	!	0.007124	167.690013	0.999995
  904	17047	  682	  223	0.00000516	!	0.000865	167.690013	1.000000
  904	17047	  683	  223	0.00000001	!	0.000002	167.690013	1.000000
#SKIPPED   904	18089	  686	  479	0.59481820	!	0.000000	0.000000	0.594818
#SKIPPED   904	18089	  687	  479	0.40132596	!	0.000000	0.000000	0.996144
#SKIPPED   904	18089	  686	  480	0.00385348	!	0.000000	0.000000	0.999998
  904	17185	  698	  214	0.77451072	!	41.210439	53.208352	0.774511
  904	17185	  699	  214	0.22487150	!	11.965042	53.208352	0.999382
  904	17185	  700	  214	0.00041648	!	0.022160	53.208352	0.999799
  904	17185	  698	  215	0.00015594	!	0.008297	53.208352	0.999955
  904	17185	  699	  215	0.00004528	!	0.002409	53.208352	1.000000
  904	17185	  700	  215	0.00000008	!	0.000004	53.208352	1.000000
  904	17097	  643	  521	0.00165042	!	14.571888	8829.188768	0.001650
  904	17097	  644	  521	0.00754233	!	66.592659	8829.188768	0.009193
  904	17097	  645	  521	0.00233749	!	20.638107	8829.188768	0.011530
  904	17097	  646	  521	0.00000370	!	0.032656	8829.188768	0.011534
  904	17097	  650	  521	0.00249585	!	22.036310	8829.188768	0.014030
  904	17097	  651	  521	0.00075305	!	6.648800	8829.188768	0.014783
  904	17097	  643	  522	0.00000204	!	0.018046	8829.188768	0.014785
  904	17097	  644	  522	0.00001067	!	0.094180	8829.188768	0.014796
  904	17097	  645	  522	0.00000384	!	0.033943	8829.188768	0.014799
  904	17097	  646	  522	0.00000001	!	0.000058	8829.188768	0.014799
  904	17097	  649	  522	0.00196836	!	17.378997	8829.188768	0.016768
  904	17097	  650	  522	0.00348844	!	30.800105	8829.188768	0.020256
  904	17097	  651	  522	0.00047694	!	4.210995	8829.188768	0.020733
  904	17097	  652	  522	0.00047482	!	4.192299	8829.188768	0.021208
  904	17097	  653	  522	0.00000079	!	0.006943	8829.188768	0.021209
  904	17097	  654	  522	0.00017438	!	1.539590	8829.188768	0.021383
  904	17097	  655	  522	0.00312032	!	27.549865	8829.188768	0.024503
  904	17097	  656	  522	0.00274921	!	24.273330	8829.188768	0.027253
  904	17097	  657	  522	0.00570680	!	50.386414	8829.188768	0.032959
  904	17097	  658	  522	0.00065124	!	5.749961	8829.188768	0.033611
  904	17097	  659	  522	0.00000099	!	0.008744	8829.188768	0.033612
  904	17097	  660	  522	0.00046227	!	4.081511	8829.188768	0.034074
  904	17097	  661	  522	0.00122125	!	10.782642	8829.188768	0.035295
  904	17097	  662	  522	0.00027224	!	2.403700	8829.188768	0.035567
  904	17097	  641	  523	0.00563973	!	49.794258	8829.188768	0.041207
  904	17097	  642	  523	0.00000970	!	0.085644	8829.188768	0.041217
  904	17097	  648	  523	0.00108358	!	9.567166	8829.188768	0.042300
  904	17097	  649	  523	0.00000378	!	0.033384	8829.188768	0.042304
  904	17097	  650	  523	0.00000335	!	0.029546	8829.188768	0.042308
  904	17097	  651	  523	0.00000044	!	0.003909	8829.188768	0.042308
  904	17097	  652	  523	0.00000049	!	0.004309	8829.188768	0.042309
  904	17097	  653	  523	0.00016162	!	1.426998	8829.188768	0.042470
  904	17097	  654	  523	0.00019126	!	1.688674	8829.188768	0.042661
  904	17097	  655	  523	0.00033120	!	2.924189	8829.188768	0.042993
  904	17097	  656	  523	0.00525460	!	46.393832	8829.188768	0.048247
  904	17097	  657	  523	0.00352335	!	31.108280	8829.188768	0.051771
  904	17097	  658	  523	0.00024513	!	2.164286	8829.188768	0.052016
  904	17097	  659	  523	0.00000042	!	0.003718	8829.188768	0.052016
  904	17097	  660	  523	0.00000225	!	0.019887	8829.188768	0.052018
  904	17097	  661	  523	0.00001182	!	0.104322	8829.188768	0.052030
  904	17097	  662	  523	0.00233910	!	20.652318	8829.188768	0.054369
  904	17097	  663	  523	0.00364653	!	32.195880	8829.188768	0.058016
  904	17097	  664	  523	0.00072771	!	6.425082	8829.188768	0.058743
  904	17097	  665	  523	0.00213943	!	18.889413	8829.188768	0.060883
  904	17097	  666	  523	0.00000356	!	0.031390	8829.188768	0.060886
  904	17097	  640	  524	0.00053977	!	4.765764	8829.188768	0.061426
  904	17097	  641	  524	0.00000794	!	0.070144	8829.188768	0.061434
  904	17097	  642	  524	0.00063932	!	5.644675	8829.188768	0.062074
  904	17097	  643	  524	0.00000110	!	0.009723	8829.188768	0.062075
  904	17097	  646	  524	0.00522923	!	46.169885	8829.188768	0.067304
  904	17097	  647	  524	0.00387267	!	34.192542	8829.188768	0.071177
  904	17097	  648	  524	0.00000775	!	0.068432	8829.188768	0.071184
  904	17097	  649	  524	0.00000000	!	0.000016	8829.188768	0.071184
  904	17097	  652	  524	0.00015078	!	1.331265	8829.188768	0.071335
  904	17097	  653	  524	0.00000042	!	0.003706	8829.188768	0.071335
  904	17097	  654	  524	0.00022619	!	1.997083	8829.188768	0.071562
  904	17097	  655	  524	0.00461434	!	40.740901	8829.188768	0.076176
  904	17097	  656	  524	0.01906774	!	168.352664	8829.188768	0.095244
  904	17097	  657	  524	0.00039359	!	3.475070	8829.188768	0.095637
  904	17097	  658	  524	0.00000086	!	0.007621	8829.188768	0.095638
  904	17097	  659	  524	0.00000000	!	0.000004	8829.188768	0.095638
  904	17097	  661	  524	0.00225341	!	19.895776	8829.188768	0.097892
  904	17097	  662	  524	0.00105584	!	9.322187	8829.188768	0.098947
  904	17097	  663	  524	0.00220073	!	19.430659	8829.188768	0.101148
  904	17097	  664	  524	0.00155219	!	13.704580	8829.188768	0.102700
  904	17097	  665	  524	0.00000559	!	0.049397	8829.188768	0.102706
  904	17097	  666	  524	0.00000001	!	0.000045	8829.188768	0.102706
  904	17097	  640	  525	0.00000059	!	0.005180	8829.188768	0.102707
  904	17097	  641	  525	0.00000000	!	0.000021	8829.188768	0.102707
  904	17097	  642	  525	0.00000062	!	0.005472	8829.188768	0.102707
  904	17097	  643	  525	0.00000000	!	0.000009	8829.188768	0.102707
  904	17097	  645	  525	0.00013690	!	1.208701	8829.188768	0.102844
  904	17097	  646	  525	0.00000531	!	0.046852	8829.188768	0.102849
  904	17097	  647	  525	0.00107332	!	9.476521	8829.188768	0.103923
  904	17097	  648	  525	0.00532214	!	46.990168	8829.188768	0.109245
  904	17097	  649	  525	0.01223721	!	108.044625	8829.188768	0.121482
  904	17097	  650	  525	0.00047844	!	4.224218	8829.188768	0.121960
  904	17097	  651	  525	0.00000080	!	0.007033	8829.188768	0.121961
  904	17097	  652	  525	0.00000015	!	0.001291	8829.188768	0.121961
  904	17097	  653	  525	0.00000000	!	0.000002	8829.188768	0.121961
  904	17097	  654	  525	0.00115193	!	10.170607	8829.188768	0.123113
  904	17097	  655	  525	0.00131919	!	11.647393	8829.188768	0.124433
  904	17097	  656	  525	0.01773458	!	156.581938	8829.188768	0.142167
  904	17097	  657	  525	0.00107813	!	9.519045	8829.188768	0.143245
  904	17097	  658	  525	0.00000184	!	0.016267	8829.188768	0.143247
  904	17097	  661	  525	0.00000218	!	0.019289	8829.188768	0.143249
  904	17097	  662	  525	0.00000102	!	0.009018	8829.188768	0.143250
  904	17097	  663	  525	0.00000213	!	0.018805	8829.188768	0.143252
  904	17097	  664	  525	0.00000150	!	0.013279	8829.188768	0.143254
  904	17097	  665	  525	0.00000000	!	0.000024	8829.188768	0.143254
  904	17097	  645	  526	0.00238010	!	21.014388	8829.188768	0.145634
  904	17097	  646	  526	0.00000412	!	0.036353	8829.188768	0.145638
  904	17097	  647	  526	0.00039192	!	3.460344	8829.188768	0.146030
  904	17097	  648	  526	0.00431660	!	38.112069	8829.188768	0.150347
  904	17097	  649	  526	0.00001938	!	0.171140	8829.188768	0.150366
  904	17097	  650	  526	0.00000047	!	0.004106	8829.188768	0.150367
  904	17097	  651	  526	0.00000000	!	0.000007	8829.188768	0.150367
  904	17097	  654	  526	0.00000112	!	0.009884	8829.188768	0.150368
  904	17097	  655	  526	0.00000128	!	0.011283	8829.188768	0.150369
  904	17097	  656	  526	0.00422539	!	37.306750	8829.188768	0.154594
  904	17097	  657	  526	0.00157152	!	13.875277	8829.188768	0.156166
  904	17097	  658	  526	0.00000275	!	0.024301	8829.188768	0.156169
  904	17097	  661	  526	0.00192552	!	17.000794	8829.188768	0.158094
  904	17097	  662	  526	0.00000341	!	0.030085	8829.188768	0.158098
  904	17097	  663	  526	0.00358687	!	31.669160	8829.188768	0.161684
  904	17097	  664	  526	0.00000637	!	0.056200	8829.188768	0.161691
  904	17097	  645	  527	0.00000232	!	0.020476	8829.188768	0.161693
  904	17097	  646	  527	0.00000000	!	0.000035	8829.188768	0.161693
  904	17097	  647	  527	0.00000038	!	0.003363	8829.188768	0.161693
  904	17097	  648	  527	0.00000420	!	0.037094	8829.188768	0.161698
  904	17097	  649	  527	0.00000001	!	0.000064	8829.188768	0.161698
  904	17097	  655	  527	0.00686996	!	60.656188	8829.188768	0.168568
  904	17097	  656	  527	0.00488196	!	43.103712	8829.188768	0.173450
  904	17097	  657	  527	0.00001008	!	0.089004	8829.188768	0.173460
  904	17097	  658	  527	0.00000000	!	0.000024	8829.188768	0.173460
  904	17097	  661	  527	0.00000188	!	0.016566	8829.188768	0.173462
  904	17097	  662	  527	0.00058249	!	5.142871	8829.188768	0.174044
  904	17097	  663	  527	0.00000453	!	0.039974	8829.188768	0.174049
  904	17097	  664	  527	0.00000001	!	0.000055	8829.188768	0.174049
  904	17097	  649	  528	0.00212045	!	18.721875	8829.188768	0.176169
  904	17097	  650	  528	0.00000369	!	0.032573	8829.188768	0.176173
  904	17097	  652	  528	0.00115141	!	10.166011	8829.188768	0.177324
  904	17097	  653	  528	0.00000201	!	0.017763	8829.188768	0.177326
  904	17097	  654	  528	0.00169596	!	14.973924	8829.188768	0.179022
  904	17097	  655	  528	0.00521334	!	46.029542	8829.188768	0.184235
  904	17097	  656	  528	0.00239108	!	21.111331	8829.188768	0.186627
  904	17097	  657	  528	0.00000419	!	0.036955	8829.188768	0.186631
  904	17097	  662	  528	0.00000057	!	0.005024	8829.188768	0.186631
  904	17097	  663	  528	0.00000000	!	0.000009	8829.188768	0.186631
  904	17097	  643	  529	0.00097626	!	8.619559	8829.188768	0.187608
  904	17097	  644	  529	0.00083105	!	7.337504	8829.188768	0.188439
  904	17097	  645	  529	0.00000143	!	0.012649	8829.188768	0.188440
  904	17097	  649	  529	0.00000208	!	0.018336	8829.188768	0.188442
  904	17097	  650	  529	0.00000000	!	0.000032	8829.188768	0.188442
  904	17097	  651	  529	0.00097430	!	8.602289	8829.188768	0.189416
  904	17097	  652	  529	0.00894253	!	78.955271	8829.188768	0.198359
  904	17097	  653	  529	0.00900904	!	79.542478	8829.188768	0.207368
  904	17097	  654	  529	0.01186432	!	104.752356	8829.188768	0.219232
  904	17097	  655	  529	0.01297849	!	114.589514	8829.188768	0.232211
  904	17097	  656	  529	0.00619595	!	54.705235	8829.188768	0.238407
  904	17097	  657	  529	0.00001085	!	0.095776	8829.188768	0.238418
  904	17097	  658	  529	0.00327911	!	28.951838	8829.188768	0.241697
  904	17097	  659	  529	0.00000578	!	0.051019	8829.188768	0.241702
  904	17097	  660	  529	0.00035170	!	3.105235	8829.188768	0.242054
  904	17097	  661	  529	0.00000062	!	0.005487	8829.188768	0.242055
  904	17097	  640	  530	0.00024550	!	2.167531	8829.188768	0.242300
  904	17097	  641	  530	0.00000047	!	0.004163	8829.188768	0.242301
  904	17097	  642	  530	0.00225017	!	19.867189	8829.188768	0.244551
  904	17097	  643	  530	0.00037762	!	3.334061	8829.188768	0.244929
  904	17097	  644	  530	0.00000146	!	0.012882	8829.188768	0.244930
  904	17097	  645	  530	0.00000000	!	0.000012	8829.188768	0.244930
  904	17097	  651	  530	0.00039319	!	3.471525	8829.188768	0.245323
  904	17097	  652	  530	0.00266653	!	23.543281	8829.188768	0.247990
  904	17097	  653	  530	0.01044812	!	92.248434	8829.188768	0.258438
  904	17097	  654	  530	0.00002991	!	0.264046	8829.188768	0.258468
  904	17097	  655	  530	0.00194989	!	17.215944	8829.188768	0.260418
  904	17097	  656	  530	0.00000948	!	0.083706	8829.188768	0.260427
  904	17097	  657	  530	0.01173238	!	103.587414	8829.188768	0.272159
  904	17097	  658	  530	0.12137332	!	1071.627980	8829.188768	0.393533
  904	17097	  659	  530	0.00103311	!	9.121541	8829.188768	0.394566
  904	17097	  660	  530	0.00000179	!	0.015814	8829.188768	0.394568
  904	17097	  661	  530	0.00000000	!	0.000005	8829.188768	0.394568
  904	17097	  662	  530	0.00074413	!	6.570046	8829.188768	0.395312
  904	17097	  663	  530	0.00000132	!	0.011643	8829.188768	0.395313
  904	17097	  639	  531	0.00000766	!	0.067603	8829.188768	0.395321
  904	17097	  640	  531	0.00000082	!	0.007282	8829.188768	0.395322
  904	17097	  641	  531	0.00016734	!	1.477443	8829.188768	0.395489
  904	17097	  642	  531	0.00597570	!	52.760570	8829.188768	0.401465
  904	17097	  643	  531	0.00389929	!	34.427537	8829.188768	0.405364
  904	17097	  644	  531	0.00000671	!	0.059228	8829.188768	0.405371
  904	17097	  650	  531	0.00024977	!	2.205269	8829.188768	0.405620
  904	17097	  651	  531	0.00115842	!	10.227914	8829.188768	0.406779
  904	17097	  652	  531	0.00344446	!	30.411830	8829.188768	0.410223
  904	17097	  653	  531	0.00045753	!	4.039650	8829.188768	0.410681
  904	17097	  654	  531	0.00000079	!	0.006976	8829.188768	0.410682
  904	17097	  655	  531	0.00184521	!	16.291677	8829.188768	0.412527
  904	17097	  656	  531	0.00000324	!	0.028588	8829.188768	0.412530
  904	17097	  657	  531	0.00001155	!	0.101968	8829.188768	0.412542
  904	17097	  658	  531	0.00406207	!	35.864827	8829.188768	0.416604
  904	17097	  659	  531	0.00000796	!	0.070321	8829.188768	0.416612
  904	17097	  660	  531	0.00358671	!	31.667736	8829.188768	0.420198
  904	17097	  661	  531	0.00207721	!	18.340069	8829.188768	0.422276
  904	17097	  662	  531	0.00056245	!	4.965961	8829.188768	0.422838
  904	17097	  663	  531	0.00000099	!	0.008743	8829.188768	0.422839
  904	17097	  639	  532	0.00000003	!	0.000291	8829.188768	0.422839
  904	17097	  640	  532	0.00000000	!	0.000011	8829.188768	0.422839
  904	17097	  641	  532	0.00018865	!	1.665600	8829.188768	0.423028
  904	17097	  642	  532	0.00000622	!	0.054910	8829.188768	0.423034
  904	17097	  643	  532	0.00000385	!	0.033972	8829.188768	0.423038
  904	17097	  644	  532	0.00000001	!	0.000058	8829.188768	0.423038
  904	17097	  649	  532	0.00132167	!	11.669235	8829.188768	0.424359
  904	17097	  650	  532	0.00119432	!	10.544874	8829.188768	0.425554
  904	17097	  651	  532	0.00000322	!	0.028423	8829.188768	0.425557
  904	17097	  652	  532	0.00083840	!	7.402350	8829.188768	0.426395
  904	17097	  653	  532	0.00000190	!	0.016779	8829.188768	0.426397
  904	17097	  654	  532	0.00056579	!	4.995453	8829.188768	0.426963
  904	17097	  655	  532	0.00251300	!	22.187764	8829.188768	0.429476
  904	17097	  656	  532	0.00063565	!	5.612315	8829.188768	0.430112
  904	17097	  657	  532	0.00822204	!	72.593930	8829.188768	0.438334
  904	17097	  658	  532	0.00855422	!	75.526824	8829.188768	0.446888
  904	17097	  659	  532	0.00048338	!	4.267873	8829.188768	0.447371
  904	17097	  660	  532	0.00332434	!	29.351226	8829.188768	0.450696
  904	17097	  661	  532	0.00122737	!	10.836719	8829.188768	0.451923
  904	17097	  662	  532	0.00000271	!	0.023948	8829.188768	0.451926
  904	17097	  663	  532	0.00000000	!	0.000009	8829.188768	0.451926
  904	17097	  641	  533	0.00023967	!	2.116099	8829.188768	0.452165
  904	17097	  642	  533	0.00000041	!	0.003640	8829.188768	0.452166
  904	17097	  649	  533	0.00000131	!	0.011545	8829.188768	0.452167
  904	17097	  650	  533	0.00048234	!	4.258655	8829.188768	0.452650
  904	17097	  651	  533	0.00596587	!	52.673759	8829.188768	0.458615
  904	17097	  652	  533	0.00153249	!	13.530679	8829.188768	0.460148
  904	17097	  653	  533	0.00000266	!	0.023481	8829.188768	0.460151
  904	17097	  654	  533	0.00137236	!	12.116810	8829.188768	0.461523
  904	17097	  655	  533	0.00642441	!	56.722315	8829.188768	0.467947
  904	17097	  656	  533	0.00001189	!	0.105009	8829.188768	0.467959
  904	17097	  657	  533	0.00842665	!	74.400497	8829.188768	0.476386
  904	17097	  658	  533	0.00462686	!	40.851439	8829.188768	0.481013
  904	17097	  659	  533	0.00081986	!	7.238704	8829.188768	0.481833
  904	17097	  660	  533	0.00695537	!	61.410283	8829.188768	0.488788
  904	17097	  661	  533	0.00084446	!	7.455901	8829.188768	0.489632
  904	17097	  662	  533	0.00000147	!	0.013002	8829.188768	0.489634
  904	17097	  639	  534	0.00035996	!	3.178168	8829.188768	0.489994
  904	17097	  640	  534	0.00000200	!	0.017637	8829.188768	0.489996
  904	17097	  641	  534	0.00101844	!	8.991962	8829.188768	0.491014
  904	17097	  642	  534	0.00000175	!	0.015466	8829.188768	0.491016
  904	17097	  647	  534	0.00078418	!	6.923702	8829.188768	0.491800
  904	17097	  648	  534	0.00140093	!	12.369069	8829.188768	0.493201
  904	17097	  649	  534	0.00122620	!	10.826387	8829.188768	0.494427
  904	17097	  650	  534	0.00700871	!	61.881186	8829.188768	0.501436
  904	17097	  651	  534	0.01074918	!	94.906495	8829.188768	0.512185
  904	17097	  652	  534	0.00530406	!	46.830524	8829.188768	0.517489
  904	17097	  653	  534	0.00000923	!	0.081537	8829.188768	0.517499
  904	17097	  654	  534	0.00379431	!	33.500652	8829.188768	0.521293
  904	17097	  655	  534	0.00001302	!	0.114916	8829.188768	0.521306
  904	17097	  656	  534	0.00000001	!	0.000099	8829.188768	0.521306
  904	17097	  657	  534	0.00000835	!	0.073720	8829.188768	0.521314
  904	17097	  658	  534	0.00322178	!	28.445727	8829.188768	0.524536
  904	17097	  659	  534	0.00637217	!	56.261118	8829.188768	0.530908
  904	17097	  660	  534	0.00511392	!	45.151785	8829.188768	0.536022
  904	17097	  661	  534	0.00074155	!	6.547253	8829.188768	0.536764
  904	17097	  662	  534	0.00000130	!	0.011445	8829.188768	0.536765
  904	17097	  639	  535	0.00024257	!	2.141655	8829.188768	0.537007
  904	17097	  640	  535	0.00131702	!	11.628178	8829.188768	0.538325
  904	17097	  641	  535	0.00228822	!	20.203164	8829.188768	0.540613
  904	17097	  642	  535	0.00061262	!	5.408912	8829.188768	0.541225
  904	17097	  643	  535	0.00310895	!	27.449500	8829.188768	0.544334
  904	17097	  644	  535	0.00000536	!	0.047333	8829.188768	0.544340
  904	17097	  647	  535	0.00000078	!	0.006884	8829.188768	0.544340
  904	17097	  648	  535	0.00000139	!	0.012298	8829.188768	0.544342
  904	17097	  649	  535	0.00010265	!	0.906274	8829.188768	0.544444
  904	17097	  650	  535	0.00482845	!	42.631260	8829.188768	0.549273
  904	17097	  651	  535	0.00148307	!	13.094273	8829.188768	0.550756
  904	17097	  652	  535	0.00000783	!	0.069103	8829.188768	0.550764
  904	17097	  653	  535	0.00000001	!	0.000081	8829.188768	0.550764
  904	17097	  654	  535	0.00112229	!	9.908911	8829.188768	0.551886
  904	17097	  655	  535	0.00000197	!	0.017363	8829.188768	0.551888
  904	17097	  657	  535	0.00088568	!	7.819836	8829.188768	0.552774
  904	17097	  658	  535	0.01218529	!	107.586213	8829.188768	0.564959
  904	17097	  659	  535	0.01559398	!	137.682201	8829.188768	0.580553
  904	17097	  660	  535	0.00208212	!	18.383438	8829.188768	0.582635
  904	17097	  661	  535	0.00000436	!	0.038481	8829.188768	0.582640
  904	17097	  662	  535	0.00000000	!	0.000011	8829.188768	0.582640
  904	17097	  639	  536	0.00013509	!	1.192730	8829.188768	0.582775
  904	17097	  640	  536	0.00000179	!	0.015826	8829.188768	0.582776
  904	17097	  641	  536	0.00000228	!	0.020129	8829.188768	0.582779
  904	17097	  642	  536	0.00000061	!	0.005391	8829.188768	0.582779
  904	17097	  643	  536	0.00000310	!	0.027361	8829.188768	0.582782
  904	17097	  644	  536	0.00000001	!	0.000047	8829.188768	0.582782
  904	17097	  646	  536	0.00006973	!	0.615651	8829.188768	0.582852
  904	17097	  647	  536	0.00000012	!	0.001067	8829.188768	0.582852
  904	17097	  648	  536	0.00047939	!	4.232622	8829.188768	0.583332
  904	17097	  649	  536	0.00416393	!	36.764145	8829.188768	0.587496
  904	17097	  650	  536	0.00315633	!	27.867838	8829.188768	0.590652
  904	17097	  651	  536	0.00000695	!	0.061327	8829.188768	0.590659
  904	17097	  652	  536	0.00000000	!	0.000022	8829.188768	0.590659
  904	17097	  654	  536	0.00000111	!	0.009844	8829.188768	0.590660
  904	17097	  655	  536	0.00000000	!	0.000017	8829.188768	0.590660
  904	17097	  657	  536	0.00447874	!	39.543648	8829.188768	0.595139
  904	17097	  658	  536	0.01690744	!	149.279008	8829.188768	0.612046
  904	17097	  659	  536	0.00045571	!	4.023567	8829.188768	0.612502
  904	17097	  660	  536	0.00526039	!	46.444946	8829.188768	0.617762
  904	17097	  661	  536	0.01208707	!	106.719009	8829.188768	0.629849
  904	17097	  662	  536	0.00002137	!	0.188709	8829.188768	0.629871
  904	17097	  639	  537	0.00000015	!	0.001305	8829.188768	0.629871
  904	17097	  640	  537	0.00000000	!	0.000004	8829.188768	0.629871
  904	17097	  641	  537	0.00142707	!	12.599883	8829.188768	0.631298
  904	17097	  642	  537	0.00000245	!	0.021671	8829.188768	0.631300
  904	17097	  646	  537	0.02872163	!	253.588725	8829.188768	0.660022
  904	17097	  647	  537	0.00325314	!	28.722588	8829.188768	0.663275
  904	17097	  648	  537	0.00000604	!	0.053297	8829.188768	0.663281
  904	17097	  649	  537	0.01033544	!	91.253559	8829.188768	0.673617
  904	17097	  650	  537	0.00078320	!	6.915051	8829.188768	0.674400
  904	17097	  651	  537	0.00063053	!	5.567102	8829.188768	0.675030
  904	17097	  652	  537	0.00000110	!	0.009693	8829.188768	0.675031
  904	17097	  657	  537	0.03147500	!	277.898678	8829.188768	0.706506
  904	17097	  658	  537	0.01188310	!	104.918115	8829.188768	0.718390
  904	17097	  659	  537	0.00301548	!	26.624235	8829.188768	0.721405
  904	17097	  660	  537	0.00009303	!	0.821356	8829.188768	0.721498
  904	17097	  661	  537	0.00876292	!	77.369488	8829.188768	0.730261
  904	17097	  662	  537	0.00001551	!	0.136914	8829.188768	0.730276
  904	17097	  640	  538	0.00033720	!	2.977195	8829.188768	0.730614
  904	17097	  641	  538	0.00536623	!	47.379421	8829.188768	0.735980
  904	17097	  642	  538	0.00000923	!	0.081482	8829.188768	0.735989
  904	17097	  644	  538	0.00024622	!	2.173962	8829.188768	0.736235
  904	17097	  645	  538	0.00129704	!	11.451819	8829.188768	0.737532
  904	17097	  646	  538	0.00085968	!	7.590298	8829.188768	0.738392
  904	17097	  647	  538	0.00067364	!	5.947694	8829.188768	0.739066
  904	17097	  648	  538	0.00000117	!	0.010296	8829.188768	0.739067
  904	17097	  649	  538	0.00088877	!	7.847086	8829.188768	0.739956
  904	17097	  650	  538	0.00032091	!	2.833398	8829.188768	0.740277
  904	17097	  651	  538	0.00000119	!	0.010478	8829.188768	0.740278
  904	17097	  652	  538	0.00000000	!	0.000010	8829.188768	0.740278
  904	17097	  657	  538	0.00315163	!	27.826372	8829.188768	0.743429
  904	17097	  658	  538	0.00112388	!	9.922948	8829.188768	0.744553
  904	17097	  659	  538	0.00000497	!	0.043882	8829.188768	0.744558
  904	17097	  660	  538	0.00000009	!	0.000776	8829.188768	0.744558
  904	17097	  661	  538	0.00347662	!	30.695704	8829.188768	0.748035
  904	17097	  662	  538	0.00000615	!	0.054320	8829.188768	0.748041
  904	17097	  640	  539	0.00000034	!	0.002990	8829.188768	0.748041
  904	17097	  641	  539	0.00000539	!	0.047566	8829.188768	0.748047
  904	17097	  642	  539	0.00000001	!	0.000082	8829.188768	0.748047
  904	17097	  644	  539	0.00045084	!	3.980548	8829.188768	0.748498
  904	17097	  645	  539	0.00022439	!	1.981172	8829.188768	0.748722
  904	17097	  646	  539	0.00000122	!	0.010763	8829.188768	0.748723
  904	17097	  647	  539	0.00000067	!	0.005944	8829.188768	0.748724
  904	17097	  648	  539	0.00023145	!	2.043507	8829.188768	0.748955
  904	17097	  649	  539	0.00000128	!	0.011339	8829.188768	0.748957
  904	17097	  650	  539	0.00000032	!	0.002838	8829.188768	0.748957
  904	17097	  651	  539	0.00081423	!	7.188960	8829.188768	0.749771
  904	17097	  652	  539	0.00000142	!	0.012543	8829.188768	0.749773
  904	17097	  653	  539	0.00065076	!	5.745717	8829.188768	0.750423
  904	17097	  654	  539	0.00050212	!	4.433294	8829.188768	0.750926
  904	17097	  655	  539	0.00092353	!	8.154044	8829.188768	0.751849
  904	17097	  656	  539	0.00000162	!	0.014295	8829.188768	0.751851
  904	17097	  657	  539	0.00045965	!	4.058293	8829.188768	0.752310
  904	17097	  658	  539	0.00365554	!	32.275439	8829.188768	0.755966
  904	17097	  659	  539	0.00750415	!	66.255601	8829.188768	0.763470
  904	17097	  660	  539	0.00217112	!	19.169191	8829.188768	0.765641
  904	17097	  661	  539	0.00239343	!	21.132068	8829.188768	0.768035
  904	17097	  662	  539	0.00000423	!	0.037337	8829.188768	0.768039
  904	17097	  640	  540	0.00160843	!	14.201114	8829.188768	0.769647
  904	17097	  641	  540	0.00103242	!	9.115388	8829.188768	0.770680
  904	17097	  642	  540	0.00000177	!	0.015636	8829.188768	0.770681
  904	17097	  644	  540	0.00000045	!	0.004005	8829.188768	0.770682
  904	17097	  645	  540	0.00035166	!	3.104831	8829.188768	0.771034
  904	17097	  646	  540	0.00082593	!	7.292278	8829.188768	0.771859
  904	17097	  647	  540	0.00169501	!	14.965595	8829.188768	0.773554
  904	17097	  648	  540	0.00000317	!	0.027999	8829.188768	0.773558
  904	17097	  649	  540	0.00000000	!	0.000004	8829.188768	0.773558
  904	17097	  651	  540	0.00000082	!	0.007237	8829.188768	0.773558
  904	17097	  652	  540	0.00000000	!	0.000013	8829.188768	0.773558
  904	17097	  653	  540	0.00107828	!	9.520314	8829.188768	0.774637
  904	17097	  654	  540	0.00914607	!	80.752367	8829.188768	0.783783
  904	17097	  655	  540	0.00777379	!	68.636284	8829.188768	0.791557
  904	17097	  656	  540	0.00180282	!	15.917448	8829.188768	0.793359
  904	17097	  657	  540	0.00168464	!	14.873988	8829.188768	0.795044
  904	17097	  658	  540	0.00365057	!	32.231571	8829.188768	0.798695
  904	17097	  659	  540	0.02330718	!	205.783453	8829.188768	0.822002
  904	17097	  660	  540	0.00209329	!	18.482078	8829.188768	0.824095
  904	17097	  661	  540	0.00613642	!	54.179637	8829.188768	0.830232
  904	17097	  662	  540	0.00001085	!	0.095822	8829.188768	0.830242
  904	17097	  639	  541	0.00060611	!	5.351494	8829.188768	0.830848
  904	17097	  640	  541	0.00048033	!	4.240912	8829.188768	0.831329
  904	17097	  641	  541	0.00142905	!	12.617346	8829.188768	0.832758
  904	17097	  642	  541	0.00000246	!	0.021689	8829.188768	0.832760
  904	17097	  645	  541	0.00000035	!	0.003131	8829.188768	0.832761
  904	17097	  646	  541	0.00000083	!	0.007359	8829.188768	0.832762
  904	17097	  647	  541	0.00635780	!	56.134190	8829.188768	0.839119
  904	17097	  648	  541	0.00001103	!	0.097385	8829.188768	0.839130
  904	17097	  651	  541	0.00045462	!	4.013910	8829.188768	0.839585
  904	17097	  652	  541	0.00327393	!	28.906186	8829.188768	0.842859
  904	17097	  653	  541	0.00363935	!	32.132469	8829.188768	0.846498
  904	17097	  654	  541	0.00175229	!	15.471312	8829.188768	0.848251
  904	17097	  655	  541	0.00001089	!	0.096126	8829.188768	0.848261
  904	17097	  656	  541	0.00164943	!	14.563172	8829.188768	0.849911
  904	17097	  657	  541	0.00466513	!	41.189270	8829.188768	0.854576
  904	17097	  658	  541	0.00001188	!	0.104904	8829.188768	0.854588
  904	17097	  659	  541	0.00002351	!	0.207603	8829.188768	0.854611
  904	17097	  660	  541	0.00097513	!	8.609604	8829.188768	0.855586
  904	17097	  661	  541	0.00250526	!	22.119420	8829.188768	0.858092
  904	17097	  662	  541	0.00000443	!	0.039116	8829.188768	0.858096
  904	17097	  639	  542	0.00034068	!	3.007912	8829.188768	0.858437
  904	17097	  640	  542	0.00000107	!	0.009425	8829.188768	0.858438
  904	17097	  641	  542	0.00000144	!	0.012755	8829.188768	0.858439
  904	17097	  642	  542	0.00000000	!	0.000022	8829.188768	0.858439
  904	17097	  646	  542	0.00343933	!	30.366466	8829.188768	0.861879
  904	17097	  647	  542	0.00001239	!	0.109379	8829.188768	0.861891
  904	17097	  648	  542	0.00000001	!	0.000098	8829.188768	0.861891
  904	17097	  649	  542	0.00069934	!	6.174594	8829.188768	0.862590
  904	17097	  650	  542	0.00120398	!	10.630208	8829.188768	0.863794
  904	17097	  651	  542	0.00000256	!	0.022563	8829.188768	0.863797
  904	17097	  652	  542	0.00000331	!	0.029243	8829.188768	0.863800
  904	17097	  653	  542	0.00000368	!	0.032497	8829.188768	0.863804
  904	17097	  654	  542	0.00146111	!	12.900421	8829.188768	0.865265
  904	17097	  655	  542	0.00447468	!	39.507790	8829.188768	0.869740
  904	17097	  656	  542	0.00856915	!	75.658644	8829.188768	0.878309
  904	17097	  657	  542	0.01324390	!	116.932852	8829.188768	0.891553
  904	17097	  658	  542	0.00080009	!	7.064109	8829.188768	0.892353
  904	17097	  659	  542	0.00076084	!	6.717644	8829.188768	0.893114
  904	17097	  660	  542	0.00157981	!	13.948424	8829.188768	0.894694
  904	17097	  661	  542	0.00081261	!	7.174650	8829.188768	0.895506
  904	17097	  662	  542	0.00000143	!	0.012653	8829.188768	0.895508
  904	17097	  639	  543	0.00000034	!	0.003045	8829.188768	0.895508
  904	17097	  640	  543	0.00000000	!	0.000005	8829.188768	0.895508
  904	17097	  646	  543	0.00171115	!	15.108060	8829.188768	0.897219
  904	17097	  647	  543	0.00071817	!	6.340871	8829.188768	0.897937
  904	17097	  648	  543	0.00202631	!	17.890666	8829.188768	0.899964
  904	17097	  649	  543	0.00009031	!	0.797363	8829.188768	0.900054
  904	17097	  650	  543	0.00021104	!	1.863318	8829.188768	0.900265
  904	17097	  651	  543	0.00000037	!	0.003244	8829.188768	0.900265
  904	17097	  654	  543	0.00000148	!	0.013067	8829.188768	0.900267
  904	17097	  655	  543	0.00000454	!	0.040066	8829.188768	0.900271
  904	17097	  656	  543	0.00046848	!	4.136262	8829.188768	0.900740
  904	17097	  657	  543	0.00063717	!	5.625699	8829.188768	0.901377
  904	17097	  658	  543	0.00000191	!	0.016842	8829.188768	0.901379
  904	17097	  659	  543	0.00000077	!	0.006813	8829.188768	0.901380
  904	17097	  660	  543	0.00018584	!	1.640784	8829.188768	0.901565
  904	17097	  661	  543	0.00000115	!	0.010128	8829.188768	0.901567
  904	17097	  662	  543	0.00000000	!	0.000013	8829.188768	0.901567
  904	17097	  645	  544	0.00314360	!	27.755448	8829.188768	0.904710
  904	17097	  646	  544	0.00000717	!	0.063342	8829.188768	0.904717
  904	17097	  647	  544	0.00000073	!	0.006446	8829.188768	0.904718
  904	17097	  648	  544	0.00000206	!	0.018188	8829.188768	0.904720
  904	17097	  649	  544	0.00000009	!	0.000804	8829.188768	0.904720
  904	17097	  650	  544	0.00000021	!	0.001883	8829.188768	0.904720
  904	17097	  651	  544	0.00000000	!	0.000003	8829.188768	0.904720
  904	17097	  656	  544	0.00000047	!	0.004127	8829.188768	0.904721
  904	17097	  657	  544	0.00000063	!	0.005599	8829.188768	0.904722
  904	17097	  658	  544	0.00000000	!	0.000010	8829.188768	0.904722
  904	17097	  659	  544	0.00072467	!	6.398210	8829.188768	0.905446
  904	17097	  660	  544	0.00000147	!	0.012944	8829.188768	0.905448
  904	17097	  661	  544	0.00014371	!	1.268838	8829.188768	0.905591
  904	17097	  662	  544	0.00000025	!	0.002245	8829.188768	0.905592
  904	17097	  645	  545	0.00082593	!	7.292316	8829.188768	0.906418
  904	17097	  646	  545	0.00000143	!	0.012615	8829.188768	0.906419
  904	17097	  653	  545	0.00254782	!	22.495212	8829.188768	0.908967
  904	17097	  654	  545	0.00516451	!	45.598391	8829.188768	0.914131
  904	17097	  655	  545	0.00000904	!	0.079831	8829.188768	0.914140
  904	17097	  658	  545	0.00304997	!	26.928753	8829.188768	0.917190
  904	17097	  659	  545	0.00033733	!	2.978341	8829.188768	0.917528
  904	17097	  660	  545	0.00000059	!	0.005172	8829.188768	0.917528
  904	17097	  661	  545	0.00000015	!	0.001293	8829.188768	0.917528
  904	17097	  662	  545	0.00000000	!	0.000002	8829.188768	0.917528
  904	17097	  645	  546	0.00000084	!	0.007421	8829.188768	0.917529
  904	17097	  646	  546	0.00000000	!	0.000013	8829.188768	0.917529
  904	17097	  653	  546	0.00000260	!	0.022980	8829.188768	0.917532
  904	17097	  654	  546	0.00000528	!	0.046582	8829.188768	0.917537
  904	17097	  655	  546	0.00000001	!	0.000082	8829.188768	0.917537
  904	17097	  658	  546	0.00000312	!	0.027510	8829.188768	0.917540
  904	17097	  659	  546	0.00000034	!	0.003036	8829.188768	0.917541
  904	17097	  660	  546	0.00000000	!	0.000005	8829.188768	0.917541
  904	17097	  661	  546	0.00099137	!	8.753025	8829.188768	0.918532
  904	17097	  662	  546	0.00000175	!	0.015490	8829.188768	0.918534
  904	17097	  638	  547	0.00019582	!	1.728940	8829.188768	0.918730
  904	17097	  639	  547	0.00000057	!	0.005019	8829.188768	0.918730
  904	17097	  645	  547	0.00136874	!	12.084838	8829.188768	0.920099
  904	17097	  646	  547	0.00369431	!	32.617778	8829.188768	0.923793
  904	17097	  647	  547	0.00000640	!	0.056470	8829.188768	0.923800
  904	17097	  654	  547	0.00079973	!	7.060936	8829.188768	0.924599
  904	17097	  655	  547	0.00000140	!	0.012373	8829.188768	0.924601
  904	17097	  659	  547	0.00081540	!	7.199277	8829.188768	0.925416
  904	17097	  660	  547	0.00020518	!	1.811589	8829.188768	0.925621
  904	17097	  661	  547	0.00179456	!	15.844530	8829.188768	0.927416
  904	17097	  662	  547	0.00000318	!	0.028033	8829.188768	0.927419
  904	17097	  638	  548	0.00000022	!	0.001931	8829.188768	0.927419
  904	17097	  639	  548	0.00000000	!	0.000005	8829.188768	0.927419
  904	17097	  644	  548	0.01228163	!	108.436829	8829.188768	0.939701
  904	17097	  645	  548	0.00569893	!	50.316945	8829.188768	0.945400
  904	17097	  646	  548	0.00001361	!	0.120181	8829.188768	0.945413
  904	17097	  647	  548	0.00000001	!	0.000058	8829.188768	0.945413
  904	17097	  650	  548	0.00548742	!	48.449489	8829.188768	0.950901
  904	17097	  651	  548	0.00000956	!	0.084414	8829.188768	0.950910
  904	17097	  654	  548	0.00000082	!	0.007248	8829.188768	0.950911
  904	17097	  655	  548	0.00000000	!	0.000013	8829.188768	0.950911
  904	17097	  657	  548	0.00060768	!	5.365343	8829.188768	0.951519
  904	17097	  658	  548	0.00684913	!	60.472299	8829.188768	0.958368
  904	17097	  659	  548	0.00401791	!	35.474922	8829.188768	0.962386
  904	17097	  660	  548	0.00045582	!	4.024560	8829.188768	0.962842
  904	17097	  661	  548	0.00114654	!	10.123003	8829.188768	0.963988
  904	17097	  662	  548	0.00000203	!	0.017902	8829.188768	0.963990
  904	17097	  644	  549	0.00001264	!	0.111582	8829.188768	0.964003
  904	17097	  645	  549	0.00000586	!	0.051764	8829.188768	0.964009
  904	17097	  646	  549	0.00000001	!	0.000089	8829.188768	0.964009
  904	17097	  650	  549	0.00000565	!	0.049855	8829.188768	0.964015
  904	17097	  651	  549	0.00000001	!	0.000087	8829.188768	0.964015
  904	17097	  653	  549	0.03308752	!	292.135946	8829.188768	0.997102
  904	17097	  654	  549	0.00005790	!	0.511170	8829.188768	0.997160
  904	17097	  657	  549	0.00090871	!	8.023209	8829.188768	0.998069
  904	17097	  658	  549	0.00000865	!	0.076335	8829.188768	0.998077
  904	17097	  659	  549	0.00063009	!	5.563159	8829.188768	0.998707
  904	17097	  660	  549	0.00000157	!	0.013892	8829.188768	0.998709
  904	17097	  661	  549	0.00000118	!	0.010400	8829.188768	0.998710
  904	17097	  662	  549	0.00000000	!	0.000018	8829.188768	0.998710
  904	17097	  653	  550	0.00003413	!	0.301335	8829.188768	0.998744
  904	17097	  654	  550	0.00000006	!	0.000527	8829.188768	0.998744
  904	17097	  657	  550	0.00000094	!	0.008270	8829.188768	0.998745
  904	17097	  658	  550	0.00000000	!	0.000015	8829.188768	0.998745
  904	17097	  659	  550	0.00000065	!	0.005701	8829.188768	0.998746
  904	17097	  660	  550	0.00000000	!	0.000010	8829.188768	0.998746
  904	17097	  661	  550	0.00125058	!	11.041564	8829.188768	0.999996
  904	17097	  662	  550	0.00000221	!	0.019540	8829.188768	0.999999
  904	17097	  661	  551	0.00000129	!	0.011417	8829.188768	1.000000
  904	17097	  662	  551	0.00000000	!	0.000020	8829.188768	1.000000
  904	17163	  571	  189	0.00051994	!	3.025701	5819.374885	0.000520
  904	17163	  572	  189	0.00000080	!	0.004678	5819.374885	0.000521
  904	17163	  569	  190	0.00239460	!	13.935104	5819.374885	0.002915
  904	17163	  570	  190	0.00000369	!	0.021477	5819.374885	0.002919
  904	17163	  571	  190	0.00000007	!	0.000422	5819.374885	0.002919
  904	17163	  572	  190	0.00000000	!	0.000001	5819.374885	0.002919
  904	17163	  569	  191	0.00000034	!	0.001978	5819.374885	0.002919
  904	17163	  570	  191	0.00000000	!	0.000003	5819.374885	0.002919
  904	17163	  564	  193	0.00060797	!	3.538008	5819.374885	0.003527
  904	17163	  565	  193	0.00000093	!	0.005409	5819.374885	0.003528
  904	17163	  564	  194	0.00000009	!	0.000528	5819.374885	0.003528
  904	17163	  565	  194	0.00000000	!	0.000001	5819.374885	0.003528
  904	17163	  572	  199	0.00055232	!	3.214186	5819.374885	0.004081
  904	17163	  573	  199	0.00000086	!	0.004978	5819.374885	0.004082
  904	17163	  572	  200	0.00000009	!	0.000528	5819.374885	0.004082
  904	17163	  573	  200	0.00000000	!	0.000001	5819.374885	0.004082
  904	17163	  554	  201	0.00074056	!	4.309582	5819.374885	0.004822
  904	17163	  555	  201	0.00000111	!	0.006481	5819.374885	0.004823
  904	17163	  554	  202	0.00042796	!	2.490466	5819.374885	0.005251
  904	17163	  555	  202	0.00000064	!	0.003746	5819.374885	0.005252
  904	17163	  560	  202	0.00077673	!	4.520089	5819.374885	0.006029
  904	17163	  561	  202	0.00000118	!	0.006865	5819.374885	0.006030
  904	17163	  554	  203	0.00000007	!	0.000427	5819.374885	0.006030
  904	17163	  555	  203	0.00000000	!	0.000001	5819.374885	0.006030
  904	17163	  559	  203	0.00111600	!	6.494443	5819.374885	0.007146
  904	17163	  560	  203	0.00100277	!	5.835512	5819.374885	0.008149
  904	17163	  561	  203	0.00000152	!	0.008848	5819.374885	0.008150
  904	17163	  546	  204	0.00084731	!	4.930823	5819.374885	0.008998
  904	17163	  547	  204	0.00000126	!	0.007318	5819.374885	0.008999
  904	17163	  548	  204	0.00165511	!	9.631690	5819.374885	0.010654
  904	17163	  549	  204	0.00000246	!	0.014342	5819.374885	0.010656
  904	17163	  559	  204	0.00044262	!	2.575794	5819.374885	0.011099
  904	17163	  560	  204	0.00000085	!	0.004920	5819.374885	0.011100
  904	17163	  561	  204	0.00000000	!	0.000002	5819.374885	0.011100
  904	17163	  546	  205	0.00000015	!	0.000871	5819.374885	0.011100
  904	17163	  547	  205	0.00160009	!	9.311510	5819.374885	0.012700
  904	17163	  548	  205	0.00168398	!	9.799720	5819.374885	0.014384
  904	17163	  549	  205	0.00000250	!	0.014572	5819.374885	0.014387
  904	17163	  559	  205	0.00000008	!	0.000455	5819.374885	0.014387
  904	17163	  560	  205	0.00000000	!	0.000001	5819.374885	0.014387
  904	17163	  539	  206	0.00072010	!	4.190545	5819.374885	0.015107
  904	17163	  540	  206	0.00000470	!	0.027350	5819.374885	0.015111
  904	17163	  547	  206	0.00000029	!	0.001667	5819.374885	0.015112
  904	17163	  548	  206	0.00000030	!	0.001754	5819.374885	0.015112
  904	17163	  549	  206	0.00000000	!	0.000003	5819.374885	0.015112
  904	17163	  539	  207	0.00000068	!	0.003958	5819.374885	0.015113
  904	17163	  540	  207	0.00000000	!	0.000013	5819.374885	0.015113
  904	17163	  557	  207	0.00045775	!	2.663811	5819.374885	0.015571
  904	17163	  558	  207	0.00056841	!	3.307820	5819.374885	0.016139
  904	17163	  559	  207	0.00000086	!	0.005002	5819.374885	0.016140
  904	17163	  557	  208	0.00000008	!	0.000490	5819.374885	0.016140
  904	17163	  558	  208	0.00000010	!	0.000609	5819.374885	0.016140
  904	17163	  559	  208	0.00000000	!	0.000001	5819.374885	0.016140
  904	17163	  570	  208	0.00360358	!	20.970583	5819.374885	0.019744
  904	17163	  571	  208	0.00000556	!	0.032372	5819.374885	0.019749
  904	17163	  539	  209	0.00224866	!	13.085781	5819.374885	0.021998
  904	17163	  540	  209	0.00834507	!	48.563075	5819.374885	0.030343
  904	17163	  541	  209	0.00001226	!	0.071320	5819.374885	0.030355
  904	17163	  553	  209	0.00100390	!	5.842051	5819.374885	0.031359
  904	17163	  554	  209	0.00446971	!	26.010912	5819.374885	0.035829
  904	17163	  555	  209	0.00404261	!	23.525467	5819.374885	0.039871
  904	17163	  556	  209	0.00210802	!	12.267331	5819.374885	0.041979
  904	17163	  557	  209	0.01080693	!	62.889548	5819.374885	0.052786
  904	17163	  558	  209	0.00066143	!	3.849123	5819.374885	0.053448
  904	17163	  559	  209	0.00000098	!	0.005683	5819.374885	0.053449
  904	17163	  565	  209	0.00028455	!	1.655926	5819.374885	0.053733
  904	17163	  566	  209	0.00054417	!	3.166734	5819.374885	0.054277
  904	17163	  567	  209	0.00082686	!	4.811799	5819.374885	0.055104
  904	17163	  568	  209	0.00646758	!	37.637276	5819.374885	0.061572
  904	17163	  569	  209	0.00000995	!	0.057901	5819.374885	0.061582
  904	17163	  570	  209	0.00000067	!	0.003911	5819.374885	0.061582
  904	17163	  571	  209	0.00000000	!	0.000006	5819.374885	0.061582
  904	17163	  539	  210	0.00123972	!	7.214415	5819.374885	0.062822
  904	17163	  540	  210	0.01360483	!	79.171589	5819.374885	0.076427
  904	17163	  541	  210	0.02049639	!	119.276188	5819.374885	0.096923
  904	17163	  542	  210	0.00066874	!	3.891622	5819.374885	0.097592
  904	17163	  543	  210	0.00000094	!	0.005478	5819.374885	0.097593
  904	17163	  547	  210	0.00553643	!	32.218547	5819.374885	0.103129
  904	17163	  548	  210	0.00000823	!	0.047895	5819.374885	0.103138
  904	17163	  550	  210	0.00185328	!	10.784935	5819.374885	0.104991
  904	17163	  551	  210	0.00256582	!	14.931462	5819.374885	0.107557
  904	17163	  552	  210	0.00066410	!	3.864669	5819.374885	0.108221
  904	17163	  553	  210	0.00222702	!	12.959878	5819.374885	0.110448
  904	17163	  554	  210	0.00273461	!	15.913703	5819.374885	0.113183
  904	17163	  555	  210	0.00258753	!	15.057812	5819.374885	0.115770
  904	17163	  556	  210	0.00515647	!	30.007427	5819.374885	0.120927
  904	17163	  557	  210	0.00000982	!	0.057125	5819.374885	0.120936
  904	17163	  558	  210	0.00178934	!	10.412836	5819.374885	0.122726
  904	17163	  559	  210	0.00000271	!	0.015764	5819.374885	0.122728
  904	17163	  565	  210	0.00000005	!	0.000313	5819.374885	0.122728
  904	17163	  566	  210	0.00000010	!	0.000598	5819.374885	0.122729
  904	17163	  567	  210	0.00000016	!	0.000909	5819.374885	0.122729
  904	17163	  568	  210	0.00000122	!	0.007112	5819.374885	0.122730
  904	17163	  569	  210	0.00000000	!	0.000011	5819.374885	0.122730
  904	17163	  539	  211	0.00000024	!	0.001381	5819.374885	0.122730
  904	17163	  540	  211	0.00149324	!	8.689743	5819.374885	0.124223
  904	17163	  541	  211	0.00000611	!	0.035578	5819.374885	0.124230
  904	17163	  542	  211	0.00242985	!	14.140205	5819.374885	0.126659
  904	17163	  543	  211	0.00000358	!	0.020845	5819.374885	0.126663
  904	17163	  547	  211	0.00000106	!	0.006168	5819.374885	0.126664
  904	17163	  548	  211	0.00000000	!	0.000009	5819.374885	0.126664
  904	17163	  550	  211	0.00000035	!	0.002065	5819.374885	0.126664
  904	17163	  551	  211	0.00202425	!	11.779857	5819.374885	0.128689
  904	17163	  552	  211	0.00403467	!	23.479260	5819.374885	0.132723
  904	17163	  553	  211	0.00000647	!	0.037648	5819.374885	0.132730
  904	17163	  554	  211	0.00253264	!	14.738377	5819.374885	0.135262
  904	17163	  555	  211	0.00084151	!	4.897050	5819.374885	0.136104
  904	17163	  556	  211	0.00000225	!	0.013083	5819.374885	0.136106
  904	17163	  557	  211	0.00000000	!	0.000009	5819.374885	0.136106
  904	17163	  558	  211	0.00142080	!	8.268175	5819.374885	0.137527
  904	17163	  559	  211	0.00000215	!	0.012517	5819.374885	0.137529
  904	17163	  566	  211	0.00069092	!	4.020731	5819.374885	0.138220
  904	17163	  567	  211	0.00000106	!	0.006167	5819.374885	0.138221
  904	17163	  540	  212	0.00121303	!	7.059052	5819.374885	0.139434
  904	17163	  541	  212	0.00000178	!	0.010371	5819.374885	0.139436
  904	17163	  542	  212	0.00235694	!	13.715940	5819.374885	0.141793
  904	17163	  543	  212	0.00023110	!	1.344834	5819.374885	0.142024
  904	17163	  544	  212	0.00000034	!	0.001956	5819.374885	0.142024
  904	17163	  549	  212	0.00191761	!	11.159276	5819.374885	0.143942
  904	17163	  550	  212	0.00000286	!	0.016644	5819.374885	0.143945
  904	17163	  551	  212	0.00161174	!	9.379310	5819.374885	0.145556
  904	17163	  552	  212	0.00176112	!	10.248619	5819.374885	0.147318
  904	17163	  553	  212	0.00256086	!	14.902592	5819.374885	0.149878
  904	17163	  554	  212	0.00325958	!	18.968716	5819.374885	0.153138
  904	17163	  555	  212	0.00000506	!	0.029439	5819.374885	0.153143
  904	17163	  556	  212	0.00661176	!	38.476321	5819.374885	0.159755
  904	17163	  557	  212	0.00000998	!	0.058057	5819.374885	0.159765
  904	17163	  558	  212	0.00000028	!	0.001603	5819.374885	0.159765
  904	17163	  559	  212	0.00000000	!	0.000002	5819.374885	0.159765
  904	17163	  561	  212	0.00059658	!	3.471722	5819.374885	0.160362
  904	17163	  562	  212	0.00000091	!	0.005282	5819.374885	0.160363
  904	17163	  563	  212	0.00032880	!	1.913417	5819.374885	0.160691
  904	17163	  564	  212	0.00000050	!	0.002920	5819.374885	0.160692
  904	17163	  566	  212	0.00000013	!	0.000780	5819.374885	0.160692
  904	17163	  567	  212	0.00000000	!	0.000001	5819.374885	0.160692
  904	17163	  539	  213	0.00058577	!	3.408834	5819.374885	0.161278
  904	17163	  540	  213	0.00000110	!	0.006386	5819.374885	0.161279
  904	17163	  541	  213	0.00060025	!	3.493096	5819.374885	0.161879
  904	17163	  542	  213	0.00042841	!	2.493084	5819.374885	0.162308
  904	17163	  543	  213	0.00000067	!	0.003928	5819.374885	0.162308
  904	17163	  544	  213	0.04868672	!	283.326294	5819.374885	0.210995
  904	17163	  545	  213	0.00007201	!	0.419074	5819.374885	0.211067
  904	17163	  546	  213	0.00033638	!	1.957512	5819.374885	0.211403
  904	17163	  547	  213	0.00252836	!	14.713486	5819.374885	0.213932
  904	17163	  548	  213	0.00000376	!	0.021868	5819.374885	0.213935
  904	17163	  549	  213	0.00000038	!	0.002192	5819.374885	0.213936
  904	17163	  550	  213	0.00168711	!	9.817911	5819.374885	0.215623
  904	17163	  551	  213	0.00192153	!	11.182121	5819.374885	0.217545
  904	17163	  552	  213	0.00188761	!	10.984705	5819.374885	0.219432
  904	17163	  553	  213	0.00000333	!	0.019365	5819.374885	0.219435
  904	17163	  554	  213	0.00000064	!	0.003725	5819.374885	0.219436
  904	17163	  555	  213	0.00000000	!	0.000006	5819.374885	0.219436
  904	17163	  556	  213	0.00000130	!	0.007556	5819.374885	0.219437
  904	17163	  557	  213	0.00000000	!	0.000011	5819.374885	0.219437
  904	17163	  558	  213	0.00085780	!	4.991870	5819.374885	0.220295
  904	17163	  559	  213	0.00000130	!	0.007557	5819.374885	0.220296
  904	17163	  561	  213	0.00052183	!	3.036727	5819.374885	0.220818
  904	17163	  562	  213	0.00310521	!	18.070353	5819.374885	0.223924
  904	17163	  563	  213	0.00000480	!	0.027904	5819.374885	0.223928
  904	17163	  564	  213	0.00000000	!	0.000001	5819.374885	0.223928
  904	17163	  571	  213	0.05703471	!	331.906344	5819.374885	0.280963
  904	17163	  572	  213	0.00072631	!	4.226684	5819.374885	0.281689
  904	17163	  539	  214	0.00000012	!	0.000678	5819.374885	0.281689
  904	17163	  540	  214	0.00024762	!	1.440971	5819.374885	0.281937
  904	17163	  541	  214	0.00083482	!	4.858136	5819.374885	0.282772
  904	17163	  542	  214	0.00000131	!	0.007641	5819.374885	0.282773
  904	17163	  543	  214	0.00297433	!	17.308715	5819.374885	0.285748
  904	17163	  544	  214	0.00057238	!	3.330876	5819.374885	0.286320
  904	17163	  545	  214	0.00341511	!	19.873822	5819.374885	0.289735
  904	17163	  546	  214	0.00060885	!	3.543149	5819.374885	0.290344
  904	17163	  547	  214	0.00000140	!	0.008140	5819.374885	0.290345
  904	17163	  548	  214	0.00000000	!	0.000004	5819.374885	0.290345
  904	17163	  550	  214	0.00000034	!	0.001952	5819.374885	0.290346
  904	17163	  551	  214	0.00000038	!	0.002223	5819.374885	0.290346
  904	17163	  552	  214	0.00000038	!	0.002184	5819.374885	0.290346
  904	17163	  553	  214	0.00000000	!	0.000003	5819.374885	0.290346
  904	17163	  558	  214	0.00000017	!	0.000993	5819.374885	0.290347
  904	17163	  559	  214	0.00000000	!	0.000002	5819.374885	0.290347
  904	17163	  561	  214	0.00068494	!	3.985914	5819.374885	0.291031
  904	17163	  562	  214	0.00000166	!	0.009656	5819.374885	0.291033
  904	17163	  563	  214	0.00000000	!	0.000005	5819.374885	0.291033
  904	17163	  565	  214	0.00224046	!	13.038054	5819.374885	0.293274
  904	17163	  566	  214	0.04615213	!	268.576551	5819.374885	0.339426
  904	17163	  567	  214	0.00007078	!	0.411895	5819.374885	0.339497
  904	17163	  568	  214	0.05342154	!	310.879972	5819.374885	0.392918
  904	17163	  569	  214	0.00008220	!	0.478351	5819.374885	0.393000
  904	17163	  571	  214	0.00001134	!	0.066004	5819.374885	0.393012
  904	17163	  572	  214	0.00000014	!	0.000794	5819.374885	0.393012
  904	17163	  540	  215	0.00000005	!	0.000290	5819.374885	0.393012
  904	17163	  541	  215	0.03747131	!	218.059607	5819.374885	0.430483
  904	17163	  542	  215	0.00122098	!	7.105340	5819.374885	0.431704
  904	17163	  543	  215	0.01208769	!	70.342786	5819.374885	0.443792
  904	17163	  544	  215	0.05244883	!	305.219386	5819.374885	0.496241
  904	17163	  545	  215	0.00471609	!	27.444681	5819.374885	0.500957
  904	17163	  546	  215	0.07153091	!	416.265197	5819.374885	0.572488
  904	17163	  547	  215	0.00010615	!	0.617714	5819.374885	0.572594
  904	17163	  554	  215	0.00143921	!	8.375290	5819.374885	0.574033
  904	17163	  555	  215	0.00000216	!	0.012596	5819.374885	0.574035
  904	17163	  557	  215	0.00321320	!	18.698816	5819.374885	0.577248
  904	17163	  558	  215	0.00471845	!	27.458445	5819.374885	0.581967
  904	17163	  559	  215	0.00058449	!	3.401390	5819.374885	0.582551
  904	17163	  560	  215	0.00379473	!	22.082947	5819.374885	0.586346
  904	17163	  561	  215	0.00000590	!	0.034335	5819.374885	0.586352
  904	17163	  562	  215	0.00000000	!	0.000001	5819.374885	0.586352
  904	17163	  563	  215	0.00396240	!	23.058673	5819.374885	0.590314
  904	17163	  564	  215	0.00000605	!	0.035194	5819.374885	0.590320
  904	17163	  565	  215	0.00000045	!	0.002625	5819.374885	0.590321
  904	17163	  566	  215	0.00616012	!	35.848054	5819.374885	0.596481
  904	17163	  567	  215	0.00000945	!	0.054981	5819.374885	0.596490
  904	17163	  568	  215	0.00001076	!	0.062593	5819.374885	0.596501
  904	17163	  569	  215	0.00000002	!	0.000096	5819.374885	0.596501
  904	17163	  541	  216	0.00000764	!	0.044444	5819.374885	0.596509
  904	17163	  542	  216	0.00925633	!	53.866044	5819.374885	0.605765
  904	17163	  543	  216	0.01815582	!	105.655540	5819.374885	0.623921
  904	17163	  544	  216	0.01572425	!	91.505330	5819.374885	0.639645
  904	17163	  545	  216	0.00395550	!	23.018515	5819.374885	0.643601
  904	17163	  546	  216	0.00002040	!	0.118738	5819.374885	0.643621
  904	17163	  547	  216	0.00000002	!	0.000126	5819.374885	0.643621
  904	17163	  548	  216	0.00339898	!	19.779918	5819.374885	0.647020
  904	17163	  549	  216	0.03375302	!	196.421500	5819.374885	0.680773
  904	17163	  550	  216	0.00034253	!	1.993306	5819.374885	0.681116
  904	17163	  551	  216	0.00000044	!	0.002540	5819.374885	0.681116
  904	17163	  552	  216	0.00016383	!	0.953410	5819.374885	0.681280
  904	17163	  553	  216	0.00299152	!	17.408771	5819.374885	0.684271
  904	17163	  554	  216	0.00537484	!	31.278219	5819.374885	0.689646
  904	17163	  555	  216	0.00163862	!	9.535723	5819.374885	0.691285
  904	17163	  556	  216	0.00476348	!	27.720452	5819.374885	0.696048
  904	17163	  557	  216	0.00346506	!	20.164497	5819.374885	0.699513
  904	17163	  558	  216	0.00157455	!	9.162894	5819.374885	0.701088
  904	17163	  559	  216	0.00576213	!	33.531984	5819.374885	0.706850
  904	17163	  560	  216	0.00069968	!	4.071674	5819.374885	0.707550
  904	17163	  561	  216	0.00656781	!	38.220532	5819.374885	0.714118
  904	17163	  562	  216	0.00000999	!	0.058137	5819.374885	0.714128
  904	17163	  563	  216	0.00000081	!	0.004700	5819.374885	0.714128
  904	17163	  564	  216	0.00000000	!	0.000007	5819.374885	0.714128
  904	17163	  566	  216	0.00000125	!	0.007295	5819.374885	0.714130
  904	17163	  567	  216	0.00000000	!	0.000011	5819.374885	0.714130
  904	17163	  542	  217	0.00000191	!	0.011112	5819.374885	0.714132
  904	17163	  543	  217	0.00340490	!	19.814384	5819.374885	0.717536
  904	17163	  544	  217	0.00062653	!	3.646013	5819.374885	0.718163
  904	17163	  545	  217	0.00108043	!	6.287416	5819.374885	0.719243
  904	17163	  546	  217	0.00034150	!	1.987343	5819.374885	0.719585
  904	17163	  547	  217	0.00000050	!	0.002936	5819.374885	0.719585
  904	17163	  548	  217	0.00160716	!	9.352648	5819.374885	0.721193
  904	17163	  549	  217	0.00751036	!	43.705622	5819.374885	0.728703
  904	17163	  550	  217	0.00077162	!	4.490375	5819.374885	0.729475
  904	17163	  551	  217	0.00000114	!	0.006611	5819.374885	0.729476
  904	17163	  552	  217	0.00000003	!	0.000197	5819.374885	0.729476
  904	17163	  553	  217	0.00000062	!	0.003591	5819.374885	0.729476
  904	17163	  554	  217	0.00139806	!	8.135813	5819.374885	0.730874
  904	17163	  555	  217	0.00000244	!	0.014193	5819.374885	0.730877
  904	17163	  556	  217	0.00329124	!	19.152984	5819.374885	0.734168
  904	17163	  557	  217	0.00000568	!	0.033051	5819.374885	0.734174
  904	17163	  558	  217	0.00101774	!	5.922623	5819.374885	0.735191
  904	17163	  559	  217	0.00265320	!	15.439990	5819.374885	0.737845
  904	17163	  560	  217	0.00000416	!	0.024228	5819.374885	0.737849
  904	17163	  561	  217	0.00000135	!	0.007885	5819.374885	0.737850
  904	17163	  562	  217	0.00000000	!	0.000012	5819.374885	0.737850
  904	17163	  564	  217	0.00460798	!	26.815578	5819.374885	0.742458
  904	17163	  565	  217	0.00250480	!	14.576398	5819.374885	0.744963
  904	17163	  566	  217	0.00000382	!	0.022257	5819.374885	0.744967
  904	17163	  542	  218	0.01748671	!	101.761701	5819.374885	0.762454
  904	17163	  543	  218	0.00088035	!	5.123079	5819.374885	0.763334
  904	17163	  544	  218	0.00193185	!	11.242185	5819.374885	0.765266
  904	17163	  545	  218	0.00133773	!	7.784761	5819.374885	0.766603
  904	17163	  546	  218	0.00628907	!	36.598460	5819.374885	0.772893
  904	17163	  547	  218	0.00298699	!	17.382400	5819.374885	0.775880
  904	17163	  548	  218	0.00000476	!	0.027711	5819.374885	0.775884
  904	17163	  549	  218	0.00922614	!	53.690361	5819.374885	0.785110
  904	17163	  550	  218	0.00219709	!	12.785698	5819.374885	0.787308
  904	17163	  551	  218	0.00000326	!	0.018982	5819.374885	0.787311
  904	17163	  554	  218	0.00000029	!	0.001697	5819.374885	0.787311
  904	17163	  555	  218	0.00000000	!	0.000003	5819.374885	0.787311
  904	17163	  556	  218	0.00000069	!	0.003997	5819.374885	0.787312
  904	17163	  557	  218	0.00000000	!	0.000006	5819.374885	0.787312
  904	17163	  558	  218	0.00000021	!	0.001236	5819.374885	0.787312
  904	17163	  559	  218	0.00000055	!	0.003222	5819.374885	0.787313
  904	17163	  560	  218	0.00000000	!	0.000005	5819.374885	0.787313
  904	17163	  564	  218	0.00000096	!	0.005598	5819.374885	0.787313
  904	17163	  565	  218	0.00469387	!	27.315362	5819.374885	0.792007
  904	17163	  566	  218	0.00000719	!	0.041827	5819.374885	0.792015
  904	17163	  570	  218	0.00238469	!	13.877412	5819.374885	0.794399
  904	17163	  571	  218	0.00000368	!	0.021422	5819.374885	0.794403
  904	17163	  542	  219	0.00205272	!	11.945568	5819.374885	0.796456
  904	17163	  543	  219	0.01085396	!	63.163236	5819.374885	0.807310
  904	17163	  544	  219	0.00348917	!	20.304804	5819.374885	0.810799
  904	17163	  545	  219	0.00000542	!	0.031536	5819.374885	0.810804
  904	17163	  546	  219	0.00051067	!	2.971753	5819.374885	0.811315
  904	17163	  547	  219	0.00000139	!	0.008071	5819.374885	0.811316
  904	17163	  548	  219	0.00000000	!	0.000005	5819.374885	0.811316
  904	17163	  549	  219	0.00000195	!	0.011340	5819.374885	0.811318
  904	17163	  550	  219	0.00000046	!	0.002701	5819.374885	0.811319
  904	17163	  551	  219	0.00122776	!	7.144787	5819.374885	0.812546
  904	17163	  552	  219	0.00000184	!	0.010692	5819.374885	0.812548
  904	17163	  565	  219	0.00000099	!	0.005770	5819.374885	0.812549
  904	17163	  566	  219	0.00000000	!	0.000009	5819.374885	0.812549
  904	17163	  570	  219	0.00000050	!	0.002932	5819.374885	0.812550
  904	17163	  571	  219	0.00000000	!	0.000005	5819.374885	0.812550
  904	17163	  542	  220	0.00828502	!	48.213623	5819.374885	0.820835
  904	17163	  543	  220	0.00712793	!	41.480095	5819.374885	0.827963
  904	17163	  544	  220	0.12978121	!	755.245485	5819.374885	0.957744
  904	17163	  545	  220	0.00459668	!	26.749777	5819.374885	0.962341
  904	17163	  546	  220	0.02319105	!	134.957425	5819.374885	0.985532
  904	17163	  547	  220	0.00283776	!	16.513991	5819.374885	0.988369
  904	17163	  548	  220	0.00000417	!	0.024252	5819.374885	0.988374
  904	17163	  551	  220	0.00144430	!	8.404921	5819.374885	0.989818
  904	17163	  552	  220	0.00000216	!	0.012578	5819.374885	0.989820
  904	17163	  542	  221	0.00137381	!	7.994731	5819.374885	0.991194
  904	17163	  543	  221	0.00169746	!	9.878176	5819.374885	0.992891
  904	17163	  544	  221	0.00123687	!	7.197821	5819.374885	0.994128
  904	17163	  545	  221	0.00051687	!	3.007848	5819.374885	0.994645
  904	17163	  546	  221	0.00000580	!	0.033779	5819.374885	0.994651
  904	17163	  547	  221	0.00349083	!	20.314470	5819.374885	0.998142
  904	17163	  548	  221	0.00047959	!	2.790901	5819.374885	0.998621
  904	17163	  549	  221	0.00042995	!	2.502011	5819.374885	0.999051
  904	17163	  550	  221	0.00000066	!	0.003858	5819.374885	0.999052
  904	17163	  551	  221	0.00034236	!	1.992312	5819.374885	0.999394
  904	17163	  552	  221	0.00000051	!	0.002981	5819.374885	0.999395
  904	17163	  551	  222	0.00013314	!	0.774816	5819.374885	0.999528
  904	17163	  552	  222	0.00007230	!	0.420717	5819.374885	0.999600
  904	17163	  553	  222	0.00039915	!	2.322780	5819.374885	0.999999
  904	17163	  554	  222	0.00000069	!	0.004005	5819.374885	1.000000
  904	17003	  616	   91	0.00009237	!	0.009793	106.021457	0.000092
  904	17003	  617	   91	0.00000015	!	0.000016	106.021457	0.000093
  904	17003	  616	   92	0.89558174	!	94.950881	106.021457	0.895674
  904	17003	  617	   92	0.00148477	!	0.157417	106.021457	0.897159
  904	17003	  615	   95	0.00000750	!	0.000795	106.021457	0.897167
  904	17003	  616	   95	0.00000001	!	0.000001	106.021457	0.897167
  904	17003	  615	   96	0.04502560	!	4.773680	106.021457	0.942192
  904	17003	  616	   96	0.00005607	!	0.005945	106.021457	0.942248
  904	17003	  604	  101	0.00000073	!	0.000078	106.021457	0.942249
  904	17003	  605	  101	0.00000000	!	0.000000	106.021457	0.942249
  904	17003	  604	  102	0.00933116	!	0.989303	106.021457	0.951580
  904	17003	  605	  102	0.00001519	!	0.001611	106.021457	0.951595
  904	17003	  610	  113	0.00000235	!	0.000249	106.021457	0.951598
  904	17003	  611	  113	0.00000000	!	0.000000	106.021457	0.951598
  904	17003	  610	  114	0.04832296	!	5.123270	106.021457	0.999921
  904	17003	  611	  114	0.00007939	!	0.008417	106.021457	1.000000
  904	17161	  494	  439	0.00002695	!	0.135265	5018.422141	0.000027
  904	17161	  494	  440	0.00000073	!	0.003660	5018.422141	0.000028
  904	17161	  505	  440	0.00017096	!	0.857937	5018.422141	0.000199
  904	17161	  506	  440	0.00000021	!	0.001079	5018.422141	0.000199
  904	17161	  501	  441	0.00092422	!	4.638120	5018.422141	0.001123
  904	17161	  502	  441	0.00000127	!	0.006365	5018.422141	0.001124
  904	17161	  505	  441	0.00000033	!	0.001673	5018.422141	0.001125
  904	17161	  506	  441	0.00000000	!	0.000002	5018.422141	0.001125
  904	17161	  501	  442	0.00000071	!	0.003542	5018.422141	0.001125
  904	17161	  502	  442	0.00000000	!	0.000005	5018.422141	0.001125
  904	17161	  503	  444	0.00608954	!	30.559879	5018.422141	0.007215
  904	17161	  504	  444	0.00000839	!	0.042092	5018.422141	0.007223
  904	17161	  502	  445	0.00127741	!	6.410574	5018.422141	0.008501
  904	17161	  503	  445	0.00000645	!	0.032380	5018.422141	0.008507
  904	17161	  504	  445	0.00000001	!	0.000032	5018.422141	0.008507
  904	17161	  502	  446	0.00000099	!	0.004959	5018.422141	0.008508
  904	17161	  503	  446	0.00000000	!	0.000007	5018.422141	0.008508
  904	17161	  500	  447	0.00019703	!	0.988795	5018.422141	0.008705
  904	17161	  501	  447	0.00000027	!	0.001355	5018.422141	0.008705
  904	17161	  500	  448	0.00000015	!	0.000770	5018.422141	0.008706
  904	17161	  501	  448	0.00000000	!	0.000001	5018.422141	0.008706
  904	17161	  506	  448	0.00218987	!	10.989689	5018.422141	0.010895
  904	17161	  507	  448	0.00000303	!	0.015219	5018.422141	0.010899
  904	17161	  494	  449	0.05187499	!	260.330596	5018.422141	0.062774
  904	17161	  495	  449	0.03204492	!	160.814915	5018.422141	0.094818
  904	17161	  496	  449	0.20441401	!	1025.835781	5018.422141	0.299232
  904	17161	  497	  449	0.01489081	!	74.728383	5018.422141	0.314123
  904	17161	  498	  449	0.00490276	!	24.604103	5018.422141	0.319026
  904	17161	  499	  449	0.00183053	!	9.186366	5018.422141	0.320857
  904	17161	  500	  449	0.00437946	!	21.977963	5018.422141	0.325236
  904	17161	  501	  449	0.00315449	!	15.830547	5018.422141	0.328390
  904	17161	  502	  449	0.00046009	!	2.308912	5018.422141	0.328851
  904	17161	  503	  449	0.00117409	!	5.892062	5018.422141	0.330025
  904	17161	  504	  449	0.00000162	!	0.008111	5018.422141	0.330026
  904	17161	  506	  449	0.00964599	!	48.407648	5018.422141	0.339672
  904	17161	  507	  449	0.00001336	!	0.067035	5018.422141	0.339686
  904	17161	  494	  450	0.00004065	!	0.203979	5018.422141	0.339726
  904	17161	  495	  450	0.00002511	!	0.126005	5018.422141	0.339751
  904	17161	  496	  450	0.00197205	!	9.896581	5018.422141	0.341723
  904	17161	  497	  450	0.00001413	!	0.070919	5018.422141	0.341738
  904	17161	  498	  450	0.00000384	!	0.019278	5018.422141	0.341741
  904	17161	  499	  450	0.00792184	!	39.755157	5018.422141	0.349663
  904	17161	  500	  450	0.01537428	!	77.154649	5018.422141	0.365038
  904	17161	  501	  450	0.03352395	!	168.237348	5018.422141	0.398561
  904	17161	  502	  450	0.00300151	!	15.062828	5018.422141	0.401563
  904	17161	  503	  450	0.00000498	!	0.025006	5018.422141	0.401568
  904	17161	  504	  450	0.00000000	!	0.000006	5018.422141	0.401568
  904	17161	  506	  450	0.00000756	!	0.037923	5018.422141	0.401576
  904	17161	  507	  450	0.00000001	!	0.000053	5018.422141	0.401576
  904	17161	  496	  451	0.00000142	!	0.007147	5018.422141	0.401577
  904	17161	  497	  451	0.00000000	!	0.000010	5018.422141	0.401577
  904	17161	  498	  451	0.00034363	!	1.724483	5018.422141	0.401921
  904	17161	  499	  451	0.00000669	!	0.033596	5018.422141	0.401927
  904	17161	  500	  451	0.00027824	!	1.396324	5018.422141	0.402206
  904	17161	  501	  451	0.00002671	!	0.134058	5018.422141	0.402232
  904	17161	  502	  451	0.00033348	!	1.673531	5018.422141	0.402566
  904	17161	  503	  451	0.00140345	!	7.043126	5018.422141	0.403969
  904	17161	  504	  451	0.00212113	!	10.644705	5018.422141	0.406090
  904	17161	  505	  451	0.00000292	!	0.014675	5018.422141	0.406093
  904	17161	  506	  451	0.00626228	!	31.426748	5018.422141	0.412355
  904	17161	  507	  451	0.00000867	!	0.043520	5018.422141	0.412364
  904	17161	  508	  451	0.00044698	!	2.243130	5018.422141	0.412811
  904	17161	  509	  451	0.00000024	!	0.001222	5018.422141	0.412811
  904	17161	  498	  452	0.00703554	!	35.307296	5018.422141	0.419847
  904	17161	  499	  452	0.00000960	!	0.048193	5018.422141	0.419857
  904	17161	  500	  452	0.00000021	!	0.001053	5018.422141	0.419857
  904	17161	  501	  452	0.00000000	!	0.000001	5018.422141	0.419857
  904	17161	  502	  452	0.00103674	!	5.202787	5018.422141	0.420893
  904	17161	  503	  452	0.00785117	!	39.400488	5018.422141	0.428745
  904	17161	  504	  452	0.00317531	!	15.935029	5018.422141	0.431920
  904	17161	  505	  452	0.00355040	!	17.817407	5018.422141	0.435470
  904	17161	  506	  452	0.00097636	!	4.899781	5018.422141	0.436447
  904	17161	  507	  452	0.00000135	!	0.006751	5018.422141	0.436448
  904	17161	  508	  452	0.00000077	!	0.003887	5018.422141	0.436449
  904	17161	  509	  452	0.00000000	!	0.000005	5018.422141	0.436449
  904	17161	  498	  453	0.01926717	!	96.690795	5018.422141	0.455716
  904	17161	  499	  453	0.00002630	!	0.131978	5018.422141	0.455742
  904	17161	  502	  453	0.00000082	!	0.004114	5018.422141	0.455743
  904	17161	  503	  453	0.00036029	!	1.808077	5018.422141	0.456103
  904	17161	  504	  453	0.00000300	!	0.015045	5018.422141	0.456106
  904	17161	  505	  453	0.00000281	!	0.014093	5018.422141	0.456109
  904	17161	  506	  453	0.00000077	!	0.003856	5018.422141	0.456110
  904	17161	  507	  453	0.00000000	!	0.000005	5018.422141	0.456110
  904	17161	  498	  454	0.00400305	!	20.089011	5018.422141	0.460113
  904	17161	  499	  454	0.00072309	!	3.628782	5018.422141	0.460836
  904	17161	  500	  454	0.00259689	!	13.032269	5018.422141	0.463433
  904	17161	  501	  454	0.00139268	!	6.989054	5018.422141	0.464826
  904	17161	  502	  454	0.00163934	!	8.226917	5018.422141	0.466465
  904	17161	  503	  454	0.00024133	!	1.211082	5018.422141	0.466706
  904	17161	  504	  454	0.00048362	!	2.427005	5018.422141	0.467190
  904	17161	  505	  454	0.00180305	!	9.048477	5018.422141	0.468993
  904	17161	  506	  454	0.00316779	!	15.897316	5018.422141	0.472161
  904	17161	  507	  454	0.00204206	!	10.247929	5018.422141	0.474203
  904	17161	  508	  454	0.00379886	!	19.064284	5018.422141	0.478002
  904	17161	  509	  454	0.00185052	!	9.286687	5018.422141	0.479852
  904	17161	  510	  454	0.00083276	!	4.179121	5018.422141	0.480685
  904	17161	  511	  454	0.00000116	!	0.005811	5018.422141	0.480686
  904	17161	  498	  455	0.00000317	!	0.015928	5018.422141	0.480689
  904	17161	  499	  455	0.00000058	!	0.002888	5018.422141	0.480690
  904	17161	  500	  455	0.01690784	!	84.850702	5018.422141	0.497598
  904	17161	  501	  455	0.00659258	!	33.084333	5018.422141	0.504190
  904	17161	  502	  455	0.00947713	!	47.560251	5018.422141	0.513667
  904	17161	  503	  455	0.01456036	!	73.070049	5018.422141	0.528228
  904	17161	  504	  455	0.00649812	!	32.610306	5018.422141	0.534726
  904	17161	  505	  455	0.00229594	!	11.521982	5018.422141	0.537022
  904	17161	  506	  455	0.00012262	!	0.615372	5018.422141	0.537145
  904	17161	  507	  455	0.00000179	!	0.008969	5018.422141	0.537146
  904	17161	  508	  455	0.00024885	!	1.248829	5018.422141	0.537395
  904	17161	  509	  455	0.00080856	!	4.057673	5018.422141	0.538204
  904	17161	  510	  455	0.00484553	!	24.316904	5018.422141	0.543049
  904	17161	  511	  455	0.00000676	!	0.033908	5018.422141	0.543056
  904	17161	  500	  456	0.00001350	!	0.067738	5018.422141	0.543070
  904	17161	  501	  456	0.00000526	!	0.026410	5018.422141	0.543075
  904	17161	  502	  456	0.00000757	!	0.037967	5018.422141	0.543082
  904	17161	  503	  456	0.00001163	!	0.058339	5018.422141	0.543094
  904	17161	  504	  456	0.00000519	!	0.026035	5018.422141	0.543099
  904	17161	  505	  456	0.00000183	!	0.009194	5018.422141	0.543101
  904	17161	  506	  456	0.00094992	!	4.767123	5018.422141	0.544051
  904	17161	  507	  456	0.01525704	!	76.566252	5018.422141	0.559308
  904	17161	  508	  456	0.01522081	!	76.384428	5018.422141	0.574529
  904	17161	  509	  456	0.00130375	!	6.542789	5018.422141	0.575833
  904	17161	  510	  456	0.00000565	!	0.028369	5018.422141	0.575838
  904	17161	  511	  456	0.00000001	!	0.000027	5018.422141	0.575838
  904	17161	  506	  457	0.00000076	!	0.003818	5018.422141	0.575839
  904	17161	  507	  457	0.04309678	!	216.277815	5018.422141	0.618936
  904	17161	  508	  457	0.00065783	!	3.301282	5018.422141	0.619594
  904	17161	  509	  457	0.03039146	!	152.517163	5018.422141	0.649985
  904	17161	  510	  457	0.00358032	!	17.967535	5018.422141	0.653565
  904	17161	  511	  457	0.00000493	!	0.024764	5018.422141	0.653570
  904	17161	  507	  458	0.00003461	!	0.173702	5018.422141	0.653605
  904	17161	  508	  458	0.00000052	!	0.002603	5018.422141	0.653605
  904	17161	  509	  458	0.00956936	!	48.023065	5018.422141	0.663175
  904	17161	  510	  458	0.00515749	!	25.882486	5018.422141	0.668332
  904	17161	  511	  458	0.00000717	!	0.036006	5018.422141	0.668339
  904	17161	  512	  458	0.01086187	!	54.509437	5018.422141	0.679201
  904	17161	  513	  458	0.00001520	!	0.076297	5018.422141	0.679216
  904	17161	  509	  459	0.00024224	!	1.215660	5018.422141	0.679459
  904	17161	  510	  459	0.00000448	!	0.022484	5018.422141	0.679463
  904	17161	  511	  459	0.00000001	!	0.000029	5018.422141	0.679463
  904	17161	  512	  459	0.00000875	!	0.043926	5018.422141	0.679472
  904	17161	  513	  459	0.00000001	!	0.000061	5018.422141	0.679472
  904	17161	  509	  460	0.00000019	!	0.000951	5018.422141	0.679472
  904	17161	  510	  460	0.00000000	!	0.000001	5018.422141	0.679472
  904	17161	  513	  460	0.00265281	!	13.312925	5018.422141	0.682125
  904	17161	  514	  460	0.00000372	!	0.018667	5018.422141	0.682129
  904	17161	  519	  460	0.00418396	!	20.996869	5018.422141	0.686313
  904	17161	  520	  460	0.24683988	!	1238.746743	5018.422141	0.933153
  904	17161	  521	  460	0.00035039	!	1.758420	5018.422141	0.933503
  904	17161	  513	  461	0.00000215	!	0.010794	5018.422141	0.933505
  904	17161	  514	  461	0.00000000	!	0.000015	5018.422141	0.933505
  904	17161	  519	  461	0.00000339	!	0.017024	5018.422141	0.933508
  904	17161	  520	  461	0.00020014	!	1.004384	5018.422141	0.933709
  904	17161	  521	  461	0.00000028	!	0.001426	5018.422141	0.933709
  904	17161	  521	  465	0.00368579	!	18.496850	5018.422141	0.937395
  904	17161	  522	  465	0.05500537	!	276.040153	5018.422141	0.992400
  904	17161	  523	  465	0.00007835	!	0.393186	5018.422141	0.992478
  904	17161	  521	  466	0.00000303	!	0.015227	5018.422141	0.992481
  904	17161	  522	  466	0.00004528	!	0.227237	5018.422141	0.992527
  904	17161	  523	  466	0.00000006	!	0.000324	5018.422141	0.992527
  904	17161	  514	  470	0.00142413	!	7.146892	5018.422141	0.993951
  904	17161	  515	  470	0.00000200	!	0.010039	5018.422141	0.993953
  904	17161	  514	  471	0.00000119	!	0.005972	5018.422141	0.993954
  904	17161	  515	  471	0.00000000	!	0.000008	5018.422141	0.993954
  904	17161	  514	  474	0.00188110	!	9.440135	5018.422141	0.995835
  904	17161	  515	  474	0.00000264	!	0.013260	5018.422141	0.995838
  904	17161	  514	  475	0.00000159	!	0.007982	5018.422141	0.995839
  904	17161	  515	  475	0.00000000	!	0.000011	5018.422141	0.995839
  904	17161	  515	  476	0.00415120	!	20.832477	5018.422141	0.999991
  904	17161	  516	  476	0.00000584	!	0.029314	5018.422141	0.999996
  904	17161	  515	  477	0.00000353	!	0.017717	5018.422141	1.000000
  904	17161	  516	  477	0.00000000	!	0.000025	5018.422141	1.000000
  904	17129	  562	  331	0.08881392	!	2.071898	23.328530	0.088814
  904	17129	  563	  331	0.00013534	!	0.003157	23.328530	0.088949
  904	17129	  562	  332	0.00004362	!	0.001018	23.328530	0.088993
  904	17129	  563	  332	0.00000007	!	0.000002	23.328530	0.088993
  904	17129	  553	  334	0.49087116	!	11.451302	23.328530	0.579864
  904	17129	  554	  334	0.00073703	!	0.017194	23.328530	0.580601
  904	17129	  552	  335	0.28439197	!	6.634446	23.328530	0.864993
  904	17129	  553	  335	0.00067102	!	0.015654	23.328530	0.865664
  904	17129	  554	  335	0.00000037	!	0.000009	23.328530	0.865664
  904	17129	  552	  336	0.00014249	!	0.003324	23.328530	0.865807
  904	17129	  553	  336	0.00000021	!	0.000005	23.328530	0.865807
  904	17129	  561	  336	0.07666340	!	1.788444	23.328530	0.942471
  904	17129	  562	  336	0.00011663	!	0.002721	23.328530	0.942587
  904	17129	  561	  337	0.00003860	!	0.000900	23.328530	0.942626
  904	17129	  562	  337	0.00000006	!	0.000001	23.328530	0.942626
  904	17129	  560	  341	0.05725758	!	1.335735	23.328530	0.999883
  904	17129	  561	  341	0.00008697	!	0.002029	23.328530	0.999970
  904	17129	  560	  342	0.00002954	!	0.000689	23.328530	1.000000
  904	17129	  561	  342	0.00000004	!	0.000001	23.328530	1.000000
  904	17027	  575	  206	0.01592986	!	6.289524	394.825978	0.015930
  904	17027	  576	  206	0.00001846	!	0.007290	394.825978	0.015948
  904	17027	  575	  207	0.00000305	!	0.001206	394.825978	0.015951
  904	17027	  576	  207	0.00000000	!	0.000002	394.825978	0.015951
  904	17027	  578	  211	0.01388971	!	5.484020	394.825978	0.029841
  904	17027	  579	  211	0.01702117	!	6.720398	394.825978	0.046862
  904	17027	  580	  211	0.00002662	!	0.010511	394.825978	0.046889
  904	17027	  574	  212	0.00355463	!	1.403460	394.825978	0.050444
  904	17027	  575	  212	0.00000552	!	0.002180	394.825978	0.050449
  904	17027	  578	  212	0.00000269	!	0.001063	394.825978	0.050452
  904	17027	  579	  212	0.00000330	!	0.001303	394.825978	0.050455
  904	17027	  580	  212	0.00000001	!	0.000002	394.825978	0.050455
  904	17027	  572	  213	0.00386537	!	1.526149	394.825978	0.054320
  904	17027	  573	  213	0.03675542	!	14.511993	394.825978	0.091076
  904	17027	  574	  213	0.00005768	!	0.022773	394.825978	0.091134
  904	17027	  575	  213	0.00000000	!	0.000000	394.825978	0.091134
  904	17027	  608	  213	0.00517522	!	2.043310	394.825978	0.096309
  904	17027	  609	  213	0.00409421	!	1.616501	394.825978	0.100403
  904	17027	  572	  214	0.00000089	!	0.000350	394.825978	0.100404
  904	17027	  573	  214	0.00000731	!	0.002886	394.825978	0.100411
  904	17027	  574	  214	0.00000001	!	0.000004	394.825978	0.100411
  904	17027	  578	  214	0.00715088	!	2.823353	394.825978	0.107562
  904	17027	  579	  214	0.00001118	!	0.004414	394.825978	0.107573
  904	17027	  587	  214	0.01327485	!	5.241257	394.825978	0.120848
  904	17027	  588	  214	0.00002105	!	0.008312	394.825978	0.120869
  904	17027	  608	  214	0.00000796	!	0.003144	394.825978	0.120877
  904	17027	  609	  214	0.03475401	!	13.721784	394.825978	0.155631
  904	17027	  578	  215	0.00000144	!	0.000568	394.825978	0.155633
  904	17027	  579	  215	0.00000000	!	0.000001	394.825978	0.155633
  904	17027	  582	  215	0.00725966	!	2.866301	394.825978	0.162892
  904	17027	  583	  215	0.01054484	!	4.163378	394.825978	0.173437
  904	17027	  584	  215	0.00001660	!	0.006554	394.825978	0.173454
  904	17027	  587	  215	0.00000267	!	0.001055	394.825978	0.173456
  904	17027	  588	  215	0.00000000	!	0.000002	394.825978	0.173456
  904	17027	  609	  215	0.00402349	!	1.588580	394.825978	0.177480
  904	17027	  582	  216	0.00000148	!	0.000584	394.825978	0.177481
  904	17027	  583	  216	0.00000215	!	0.000849	394.825978	0.177483
  904	17027	  584	  216	0.00000000	!	0.000001	394.825978	0.177483
  904	17027	  601	  216	0.00925017	!	3.652208	394.825978	0.186734
  904	17027	  602	  216	0.00001499	!	0.005919	394.825978	0.186749
  904	17027	  608	  216	0.07337951	!	28.972136	394.825978	0.260128
  904	17027	  609	  216	0.00392038	!	1.547869	394.825978	0.264048
  904	17027	  601	  217	0.00000191	!	0.000753	394.825978	0.264050
  904	17027	  602	  217	0.00000000	!	0.000001	394.825978	0.264050
  904	17027	  608	  217	0.00001514	!	0.005977	394.825978	0.264066
  904	17027	  609	  217	0.00090235	!	0.356270	394.825978	0.264968
  904	17027	  573	  219	0.04121577	!	16.273057	394.825978	0.306184
  904	17027	  574	  219	0.00006393	!	0.025241	394.825978	0.306248
  904	17027	  573	  220	0.00000881	!	0.003478	394.825978	0.306256
  904	17027	  574	  220	0.00000001	!	0.000005	394.825978	0.306256
  904	17027	  578	  220	0.00729466	!	2.880120	394.825978	0.313551
  904	17027	  579	  220	0.00001141	!	0.004503	394.825978	0.313562
  904	17027	  582	  220	0.03207527	!	12.664151	394.825978	0.345638
  904	17027	  583	  220	0.18804528	!	74.245163	394.825978	0.533683
  904	17027	  584	  220	0.19587384	!	77.336081	394.825978	0.729557
  904	17027	  585	  220	0.00030870	!	0.121885	394.825978	0.729866
  904	17027	  588	  220	0.01552004	!	6.127714	394.825978	0.745386
  904	17027	  589	  220	0.00002465	!	0.009733	394.825978	0.745410
  904	17027	  578	  221	0.00000158	!	0.000623	394.825978	0.745412
  904	17027	  579	  221	0.00000000	!	0.000001	394.825978	0.745412
  904	17027	  582	  221	0.00000693	!	0.002738	394.825978	0.745419
  904	17027	  583	  221	0.02774651	!	10.955042	394.825978	0.773165
  904	17027	  584	  221	0.00008601	!	0.033959	394.825978	0.773251
  904	17027	  585	  221	0.00000007	!	0.000026	394.825978	0.773251
  904	17027	  588	  221	0.00000336	!	0.001325	394.825978	0.773255
  904	17027	  589	  221	0.00000001	!	0.000002	394.825978	0.773255
  904	17027	  593	  221	0.03355035	!	13.246551	394.825978	0.806805
  904	17027	  594	  221	0.00005371	!	0.021205	394.825978	0.806859
  904	17027	  602	  221	0.07555491	!	29.831042	394.825978	0.882414
  904	17027	  603	  221	0.00012263	!	0.048419	394.825978	0.882536
  904	17027	  583	  222	0.00000606	!	0.002392	394.825978	0.882542
  904	17027	  584	  222	0.00000001	!	0.000004	394.825978	0.882542
  904	17027	  593	  222	0.00000734	!	0.002897	394.825978	0.882550
  904	17027	  594	  222	0.00000001	!	0.000005	394.825978	0.882550
  904	17027	  602	  222	0.00001652	!	0.006523	394.825978	0.882566
  904	17027	  603	  222	0.00000003	!	0.000011	394.825978	0.882566
  904	17027	  593	  223	0.06037834	!	23.838935	394.825978	0.942945
  904	17027	  594	  223	0.00009665	!	0.038161	394.825978	0.943041
  904	17027	  593	  224	0.00001350	!	0.005331	394.825978	0.943055
  904	17027	  594	  224	0.00000002	!	0.000009	394.825978	0.943055
  904	17027	  580	  225	0.00698504	!	2.757874	394.825978	0.950040
  904	17027	  581	  225	0.01800675	!	7.109532	394.825978	0.968047
  904	17027	  582	  225	0.00002827	!	0.011162	394.825978	0.968075
  904	17027	  580	  226	0.00000160	!	0.000630	394.825978	0.968076
  904	17027	  581	  226	0.01744717	!	6.888595	394.825978	0.985524
  904	17027	  582	  226	0.00868982	!	3.430968	394.825978	0.994213
  904	17027	  583	  226	0.00196287	!	0.774994	394.825978	0.996176
  904	17027	  584	  226	0.00000307	!	0.001213	394.825978	0.996179
  904	17027	  581	  227	0.00177723	!	0.701697	394.825978	0.997957
  904	17027	  582	  227	0.00000479	!	0.001893	394.825978	0.997961
  904	17027	  583	  227	0.00000045	!	0.000179	394.825978	0.997962
  904	17027	  584	  227	0.00000000	!	0.000000	394.825978	0.997962
  904	17027	  581	  228	0.00000041	!	0.000163	394.825978	0.997962
  904	17027	  582	  228	0.00203405	!	0.803095	394.825978	0.999996
  904	17027	  583	  228	0.00000320	!	0.001264	394.825978	1.000000
  904	17027	  582	  229	0.00000048	!	0.000190	394.825978	1.000000
  904	17027	  583	  229	0.00000000	!	0.000000	394.825978	1.000000
  904	17197	  646	  445	0.00089583	!	32.894458	36719.642450	0.000896
  904	17197	  647	  445	0.00000155	!	0.056986	36719.642450	0.000897
  904	17197	  646	  446	0.00000069	!	0.025448	36719.642450	0.000898
  904	17197	  647	  446	0.00000000	!	0.000044	36719.642450	0.000898
  904	17197	  647	  447	0.00050498	!	18.542754	36719.642450	0.001403
  904	17197	  648	  447	0.00000088	!	0.032169	36719.642450	0.001404
  904	17197	  647	  448	0.00000039	!	0.014437	36719.642450	0.001404
  904	17197	  648	  448	0.00000000	!	0.000025	36719.642450	0.001404
  904	17197	  644	  449	0.00000988	!	0.362844	36719.642450	0.001414
  904	17197	  645	  449	0.00056838	!	20.870887	36719.642450	0.001983
  904	17197	  646	  449	0.00000098	!	0.036090	36719.642450	0.001984
  904	17197	  644	  450	0.00000001	!	0.000513	36719.642450	0.001984
  904	17197	  645	  450	0.00000045	!	0.016353	36719.642450	0.001984
  904	17197	  646	  450	0.00000000	!	0.000028	36719.642450	0.001984
  904	17197	  650	  450	0.00021240	!	7.799207	36719.642450	0.002196
  904	17197	  651	  450	0.00005972	!	2.193038	36719.642450	0.002256
  904	17197	  652	  450	0.00000010	!	0.003803	36719.642450	0.002256
  904	17197	  650	  451	0.00000017	!	0.006130	36719.642450	0.002256
  904	17197	  651	  451	0.00114188	!	41.929453	36719.642450	0.003398
  904	17197	  652	  451	0.00000199	!	0.073159	36719.642450	0.003400
  904	17197	  646	  452	0.00029115	!	10.691107	36719.642450	0.003691
  904	17197	  647	  452	0.00256248	!	94.093329	36719.642450	0.006254
  904	17197	  648	  452	0.00000444	!	0.163207	36719.642450	0.006258
  904	17197	  650	  452	0.00020959	!	7.695936	36719.642450	0.006468
  904	17197	  651	  452	0.00657167	!	241.309308	36719.642450	0.013040
  904	17197	  652	  452	0.00001147	!	0.421013	36719.642450	0.013051
  904	17197	  646	  453	0.00342696	!	125.836784	36719.642450	0.016478
  904	17197	  647	  453	0.02716776	!	997.590286	36719.642450	0.043646
  904	17197	  648	  453	0.00042994	!	15.787094	36719.642450	0.044076
  904	17197	  649	  453	0.00000067	!	0.024422	36719.642450	0.044076
  904	17197	  650	  453	0.00000017	!	0.006087	36719.642450	0.044077
  904	17197	  651	  453	0.00000520	!	0.190844	36719.642450	0.044082
  904	17197	  652	  453	0.00000001	!	0.000333	36719.642450	0.044082
  904	17197	  646	  454	0.00052233	!	19.179707	36719.642450	0.044604
  904	17197	  647	  454	0.00560829	!	205.934576	36719.642450	0.050212
  904	17197	  648	  454	0.00015615	!	5.733721	36719.642450	0.050369
  904	17197	  649	  454	0.00000025	!	0.009341	36719.642450	0.050369
  904	17197	  651	  454	0.00025059	!	9.201663	36719.642450	0.050619
  904	17197	  652	  454	0.00006058	!	2.224540	36719.642450	0.050680
  904	17197	  653	  454	0.00059053	!	21.684112	36719.642450	0.051271
  904	17197	  654	  454	0.00153267	!	56.279032	36719.642450	0.052803
  904	17197	  655	  454	0.00000268	!	0.098549	36719.642450	0.052806
  904	17197	  671	  454	0.00035071	!	12.877868	36719.642450	0.053157
  904	17197	  672	  454	0.00000063	!	0.023109	36719.642450	0.053157
  904	17197	  646	  455	0.00000041	!	0.015186	36719.642450	0.053158
  904	17197	  647	  455	0.00000445	!	0.163280	36719.642450	0.053162
  904	17197	  648	  455	0.00000012	!	0.004554	36719.642450	0.053162
  904	17197	  649	  455	0.00000000	!	0.000007	36719.642450	0.053162
  904	17197	  651	  455	0.00000020	!	0.007324	36719.642450	0.053162
  904	17197	  652	  455	0.00000005	!	0.001771	36719.642450	0.053162
  904	17197	  653	  455	0.00000047	!	0.017259	36719.642450	0.053163
  904	17197	  654	  455	0.00000122	!	0.044794	36719.642450	0.053164
  904	17197	  655	  455	0.00000000	!	0.000078	36719.642450	0.053164
  904	17197	  670	  455	0.01133748	!	416.308249	36719.642450	0.064502
  904	17197	  671	  455	0.00019306	!	7.089151	36719.642450	0.064695
  904	17197	  672	  455	0.00058935	!	21.640603	36719.642450	0.065284
  904	17197	  673	  455	0.00029159	!	10.707137	36719.642450	0.065576
  904	17197	  674	  455	0.00000052	!	0.019197	36719.642450	0.065576
  904	17197	  670	  456	0.00000905	!	0.332385	36719.642450	0.065585
  904	17197	  671	  456	0.00000015	!	0.005652	36719.642450	0.065585
  904	17197	  672	  456	0.00195535	!	71.799570	36719.642450	0.067541
  904	17197	  673	  456	0.00000375	!	0.137539	36719.642450	0.067544
  904	17197	  674	  456	0.00000000	!	0.000015	36719.642450	0.067544
  904	17197	  646	  457	0.00008049	!	2.955569	36719.642450	0.067625
  904	17197	  647	  457	0.00121785	!	44.719177	36719.642450	0.068843
  904	17197	  648	  457	0.00000211	!	0.077573	36719.642450	0.068845
  904	17197	  649	  457	0.00189287	!	69.505372	36719.642450	0.070738
  904	17197	  650	  457	0.02039901	!	749.044194	36719.642450	0.091137
  904	17197	  651	  457	0.00003554	!	1.304862	36719.642450	0.091172
  904	17197	  671	  457	0.00046622	!	17.119506	36719.642450	0.091639
  904	17197	  672	  457	0.00000240	!	0.088210	36719.642450	0.091641
  904	17197	  673	  457	0.00000000	!	0.000103	36719.642450	0.091641
  904	17197	  683	  457	0.00032161	!	11.809424	36719.642450	0.091963
  904	17197	  684	  457	0.00000059	!	0.021544	36719.642450	0.091963
  904	17197	  646	  458	0.00000006	!	0.002374	36719.642450	0.091963
  904	17197	  647	  458	0.00000098	!	0.035926	36719.642450	0.091964
  904	17197	  648	  458	0.00000000	!	0.000062	36719.642450	0.091964
  904	17197	  649	  458	0.00843102	!	309.584147	36719.642450	0.100395
  904	17197	  650	  458	0.01720138	!	631.628456	36719.642450	0.117597
  904	17197	  651	  458	0.00159848	!	58.695767	36719.642450	0.119195
  904	17197	  652	  458	0.00086054	!	31.598581	36719.642450	0.120056
  904	17197	  653	  458	0.00025018	!	9.186431	36719.642450	0.120306
  904	17197	  654	  458	0.00000044	!	0.015978	36719.642450	0.120306
  904	17197	  671	  458	0.00000037	!	0.013753	36719.642450	0.120307
  904	17197	  672	  458	0.00048706	!	17.884645	36719.642450	0.120794
  904	17197	  673	  458	0.00000088	!	0.032138	36719.642450	0.120795
  904	17197	  682	  458	0.00043129	!	15.836944	36719.642450	0.121226
  904	17197	  683	  458	0.00048997	!	17.991604	36719.642450	0.121716
  904	17197	  684	  458	0.00000089	!	0.032769	36719.642450	0.121717
  904	17197	  646	  459	0.00180858	!	66.410358	36719.642450	0.123525
  904	17197	  647	  459	0.00268099	!	98.445047	36719.642450	0.126206
  904	17197	  648	  459	0.00011581	!	4.252488	36719.642450	0.126322
  904	17197	  649	  459	0.00021410	!	7.861708	36719.642450	0.126536
  904	17197	  650	  459	0.00232299	!	85.299231	36719.642450	0.128859
  904	17197	  651	  459	0.00383522	!	140.827880	36719.642450	0.132694
  904	17197	  652	  459	0.00163020	!	59.860482	36719.642450	0.134325
  904	17197	  653	  459	0.00000304	!	0.111523	36719.642450	0.134328
  904	17197	  654	  459	0.00000000	!	0.000013	36719.642450	0.134328
  904	17197	  662	  459	0.00083457	!	30.644965	36719.642450	0.135162
  904	17197	  663	  459	0.00000148	!	0.054307	36719.642450	0.135164
  904	17197	  672	  459	0.00000039	!	0.014412	36719.642450	0.135164
  904	17197	  673	  459	0.00000000	!	0.000026	36719.642450	0.135164
  904	17197	  682	  459	0.00000035	!	0.012762	36719.642450	0.135164
  904	17197	  683	  459	0.00000039	!	0.014491	36719.642450	0.135165
  904	17197	  684	  459	0.00000000	!	0.000026	36719.642450	0.135165
  904	17197	  645	  460	0.00011595	!	4.257625	36719.642450	0.135281
  904	17197	  646	  460	0.00008107	!	2.976857	36719.642450	0.135362
  904	17197	  647	  460	0.00103104	!	37.859409	36719.642450	0.136393
  904	17197	  648	  460	0.00093975	!	34.507377	36719.642450	0.137333
  904	17197	  649	  460	0.00000180	!	0.065985	36719.642450	0.137334
  904	17197	  650	  460	0.00000187	!	0.068539	36719.642450	0.137336
  904	17197	  651	  460	0.00000310	!	0.113797	36719.642450	0.137339
  904	17197	  652	  460	0.00000132	!	0.048366	36719.642450	0.137341
  904	17197	  653	  460	0.00000000	!	0.000084	36719.642450	0.137341
  904	17197	  662	  460	0.00000067	!	0.024771	36719.642450	0.137341
  904	17197	  663	  460	0.00000000	!	0.000044	36719.642450	0.137341
  904	17197	  667	  460	0.00008609	!	3.161220	36719.642450	0.137427
  904	17197	  668	  460	0.00007522	!	2.762211	36719.642450	0.137503
  904	17197	  669	  460	0.00000013	!	0.004926	36719.642450	0.137503
  904	17197	  671	  460	0.00009753	!	3.581214	36719.642450	0.137600
  904	17197	  672	  460	0.00032120	!	11.794460	36719.642450	0.137922
  904	17197	  673	  460	0.00728785	!	267.607094	36719.642450	0.145209
  904	17197	  674	  460	0.00001311	!	0.481506	36719.642450	0.145222
  904	17197	  645	  461	0.00009553	!	3.507967	36719.642450	0.145318
  904	17197	  646	  461	0.00073814	!	27.104287	36719.642450	0.146056
  904	17197	  647	  461	0.01081272	!	397.039132	36719.642450	0.156869
  904	17197	  648	  461	0.00006814	!	2.502051	36719.642450	0.156937
  904	17197	  649	  461	0.01041895	!	382.580071	36719.642450	0.167356
  904	17197	  650	  461	0.00137129	!	50.353168	36719.642450	0.168727
  904	17197	  651	  461	0.00004081	!	1.498480	36719.642450	0.168768
  904	17197	  652	  461	0.00000007	!	0.002463	36719.642450	0.168768
  904	17197	  667	  461	0.00000007	!	0.002563	36719.642450	0.168768
  904	17197	  668	  461	0.00000006	!	0.002240	36719.642450	0.168768
  904	17197	  669	  461	0.00000000	!	0.000004	36719.642450	0.168768
  904	17197	  671	  461	0.00000008	!	0.002904	36719.642450	0.168768
  904	17197	  672	  461	0.00000026	!	0.009563	36719.642450	0.168769
  904	17197	  673	  461	0.00000591	!	0.216978	36719.642450	0.168775
  904	17197	  674	  461	0.00058206	!	21.372990	36719.642450	0.169357
  904	17197	  675	  461	0.00000105	!	0.038512	36719.642450	0.169358
  904	17197	  645	  462	0.00000008	!	0.002850	36719.642450	0.169358
  904	17197	  646	  462	0.00053545	!	19.661390	36719.642450	0.169893
  904	17197	  647	  462	0.00162932	!	59.828103	36719.642450	0.171522
  904	17197	  648	  462	0.00043469	!	15.961773	36719.642450	0.171957
  904	17197	  649	  462	0.00213315	!	78.328670	36719.642450	0.174090
  904	17197	  650	  462	0.06646544	!	2440.587335	36719.642450	0.240556
  904	17197	  651	  462	0.02110261	!	774.880477	36719.642450	0.261658
  904	17197	  652	  462	0.00038346	!	14.080610	36719.642450	0.262042
  904	17197	  653	  462	0.00012134	!	4.455459	36719.642450	0.262163
  904	17197	  654	  462	0.00000021	!	0.007757	36719.642450	0.262163
  904	17197	  659	  462	0.00021447	!	7.875420	36719.642450	0.262378
  904	17197	  660	  462	0.00000038	!	0.013898	36719.642450	0.262378
  904	17197	  666	  462	0.00639586	!	234.853790	36719.642450	0.268774
  904	17197	  667	  462	0.00001140	!	0.418523	36719.642450	0.268785
  904	17197	  674	  462	0.00169365	!	62.190339	36719.642450	0.270479
  904	17197	  675	  462	0.00000305	!	0.112063	36719.642450	0.270482
  904	17197	  646	  463	0.00547056	!	200.877085	36719.642450	0.275953
  904	17197	  647	  463	0.00582375	!	213.846024	36719.642450	0.281777
  904	17197	  648	  463	0.00026406	!	9.696248	36719.642450	0.282041
  904	17197	  649	  463	0.00170466	!	62.594625	36719.642450	0.283745
  904	17197	  650	  463	0.00218009	!	80.052291	36719.642450	0.285925
  904	17197	  651	  463	0.00239245	!	87.849734	36719.642450	0.288318
  904	17197	  652	  463	0.00274219	!	100.692342	36719.642450	0.291060
  904	17197	  653	  463	0.00084975	!	31.202485	36719.642450	0.291910
  904	17197	  654	  463	0.00038809	!	14.250477	36719.642450	0.292298
  904	17197	  655	  463	0.00000068	!	0.024875	36719.642450	0.292298
  904	17197	  659	  463	0.00000017	!	0.006424	36719.642450	0.292299
  904	17197	  660	  463	0.00000000	!	0.000011	36719.642450	0.292299
  904	17197	  666	  463	0.00000522	!	0.191585	36719.642450	0.292304
  904	17197	  667	  463	0.00000001	!	0.000341	36719.642450	0.292304
  904	17197	  672	  463	0.00073083	!	26.835756	36719.642450	0.293035
  904	17197	  673	  463	0.00285163	!	104.710884	36719.642450	0.295886
  904	17197	  674	  463	0.03009702	!	1105.151723	36719.642450	0.325983
  904	17197	  675	  463	0.00052889	!	19.420545	36719.642450	0.326512
  904	17197	  676	  463	0.00000086	!	0.031450	36719.642450	0.326513
  904	17197	  646	  464	0.00328225	!	120.523035	36719.642450	0.329795
  904	17197	  647	  464	0.00089913	!	33.015604	36719.642450	0.330694
  904	17197	  648	  464	0.00043857	!	16.104272	36719.642450	0.331133
  904	17197	  649	  464	0.00000215	!	0.079032	36719.642450	0.331135
  904	17197	  650	  464	0.00016688	!	6.127745	36719.642450	0.331302
  904	17197	  651	  464	0.00871016	!	319.833790	36719.642450	0.340012
  904	17197	  652	  464	0.00819065	!	300.757791	36719.642450	0.348203
  904	17197	  653	  464	0.00399997	!	146.877645	36719.642450	0.352203
  904	17197	  654	  464	0.00000729	!	0.267700	36719.642450	0.352210
  904	17197	  655	  464	0.00000000	!	0.000020	36719.642450	0.352210
  904	17197	  656	  464	0.00073220	!	26.886191	36719.642450	0.352942
  904	17197	  657	  464	0.00000129	!	0.047245	36719.642450	0.352944
  904	17197	  661	  464	0.00020144	!	7.396667	36719.642450	0.353145
  904	17197	  662	  464	0.00000036	!	0.013089	36719.642450	0.353145
  904	17197	  672	  464	0.00000060	!	0.021958	36719.642450	0.353146
  904	17197	  673	  464	0.00000233	!	0.085679	36719.642450	0.353148
  904	17197	  674	  464	0.00558243	!	204.984905	36719.642450	0.358731
  904	17197	  675	  464	0.00292505	!	107.406818	36719.642450	0.361656
  904	17197	  676	  464	0.00017252	!	6.334926	36719.642450	0.361828
  904	17197	  677	  464	0.00000030	!	0.011098	36719.642450	0.361829
  904	17197	  681	  464	0.00070950	!	26.052523	36719.642450	0.362538
  904	17197	  682	  464	0.00043139	!	15.840404	36719.642450	0.362970
  904	17197	  683	  464	0.00000078	!	0.028772	36719.642450	0.362970
  904	17197	  645	  465	0.00078649	!	28.879533	36719.642450	0.363757
  904	17197	  646	  465	0.00089846	!	32.991022	36719.642450	0.364655
  904	17197	  647	  465	0.00224011	!	82.255869	36719.642450	0.366895
  904	17197	  648	  465	0.00254391	!	93.411314	36719.642450	0.369439
  904	17197	  649	  465	0.00221184	!	81.217954	36719.642450	0.371651
  904	17197	  650	  465	0.00173315	!	63.640551	36719.642450	0.373384
  904	17197	  651	  465	0.00084899	!	31.174516	36719.642450	0.374233
  904	17197	  652	  465	0.01215422	!	446.298620	36719.642450	0.386388
  904	17197	  653	  465	0.01847774	!	678.495976	36719.642450	0.404865
  904	17197	  654	  465	0.00051379	!	18.866225	36719.642450	0.405379
  904	17197	  655	  465	0.00000084	!	0.030980	36719.642450	0.405380
  904	17197	  656	  465	0.00000060	!	0.022066	36719.642450	0.405380
  904	17197	  657	  465	0.00000000	!	0.000039	36719.642450	0.405380
  904	17197	  661	  465	0.00000017	!	0.006071	36719.642450	0.405381
  904	17197	  662	  465	0.00000000	!	0.000011	36719.642450	0.405381
  904	17197	  674	  465	0.00656508	!	241.067284	36719.642450	0.411946
  904	17197	  675	  465	0.00435357	!	159.861508	36719.642450	0.416299
  904	17197	  676	  465	0.00000797	!	0.292713	36719.642450	0.416307
  904	17197	  677	  465	0.00000000	!	0.000009	36719.642450	0.416307
  904	17197	  679	  465	0.00017430	!	6.400097	36719.642450	0.416482
  904	17197	  680	  465	0.00000032	!	0.011612	36719.642450	0.416482
  904	17197	  681	  465	0.00010366	!	3.806291	36719.642450	0.416586
  904	17197	  682	  465	0.00005855	!	2.149956	36719.642450	0.416644
  904	17197	  683	  465	0.00000011	!	0.003904	36719.642450	0.416644
  904	17197	  684	  465	0.00011419	!	4.192885	36719.642450	0.416758
  904	17197	  685	  465	0.00000021	!	0.007659	36719.642450	0.416759
  904	17197	  645	  466	0.00082809	!	30.407340	36719.642450	0.417587
  904	17197	  646	  466	0.00086926	!	31.918964	36719.642450	0.418456
  904	17197	  647	  466	0.01594360	!	585.443428	36719.642450	0.434400
  904	17197	  648	  466	0.01325997	!	486.901308	36719.642450	0.447660
  904	17197	  649	  466	0.01077826	!	395.773991	36719.642450	0.458438
  904	17197	  650	  466	0.00121613	!	44.656040	36719.642450	0.459654
  904	17197	  651	  466	0.00021719	!	7.975278	36719.642450	0.459871
  904	17197	  652	  466	0.00011273	!	4.139488	36719.642450	0.459984
  904	17197	  653	  466	0.00066919	!	24.572320	36719.642450	0.460653
  904	17197	  654	  466	0.00485540	!	178.288564	36719.642450	0.465508
  904	17197	  655	  466	0.00116760	!	42.873687	36719.642450	0.466676
  904	17197	  656	  466	0.00090513	!	33.235943	36719.642450	0.467581
  904	17197	  657	  466	0.00026876	!	9.868677	36719.642450	0.467850
  904	17197	  658	  466	0.00964038	!	353.991186	36719.642450	0.477490
  904	17197	  659	  466	0.00105300	!	38.665877	36719.642450	0.478543
  904	17197	  660	  466	0.00046818	!	17.191274	36719.642450	0.479011
  904	17197	  661	  466	0.00014445	!	5.304082	36719.642450	0.479156
  904	17197	  662	  466	0.00000025	!	0.009333	36719.642450	0.479156
  904	17197	  663	  466	0.00021978	!	8.070159	36719.642450	0.479376
  904	17197	  664	  466	0.00000039	!	0.014321	36719.642450	0.479376
  904	17197	  665	  466	0.00006258	!	2.298067	36719.642450	0.479439
  904	17197	  666	  466	0.00000011	!	0.004090	36719.642450	0.479439
  904	17197	  674	  466	0.01851604	!	679.902221	36719.642450	0.497955
  904	17197	  675	  466	0.00050115	!	18.402187	36719.642450	0.498456
  904	17197	  676	  466	0.00000084	!	0.030994	36719.642450	0.498457
  904	17197	  679	  466	0.00107864	!	39.607099	36719.642450	0.499536
  904	17197	  680	  466	0.00000196	!	0.071861	36719.642450	0.499538
  904	17197	  681	  466	0.00021748	!	7.985899	36719.642450	0.499755
  904	17197	  682	  466	0.00000044	!	0.016282	36719.642450	0.499756
  904	17197	  683	  466	0.00000000	!	0.000003	36719.642450	0.499756
  904	17197	  684	  466	0.00000009	!	0.003452	36719.642450	0.499756
  904	17197	  685	  466	0.00000000	!	0.000006	36719.642450	0.499756
  904	17197	  642	  467	0.00001831	!	0.672327	36719.642450	0.499774
  904	17197	  643	  467	0.00000013	!	0.004854	36719.642450	0.499774
  904	17197	  645	  467	0.00010509	!	3.859001	36719.642450	0.499879
  904	17197	  646	  467	0.00011376	!	4.177146	36719.642450	0.499993
  904	17197	  647	  467	0.00149331	!	54.833963	36719.642450	0.501486
  904	17197	  648	  467	0.00049805	!	18.288335	36719.642450	0.501984
  904	17197	  649	  467	0.00403195	!	148.051829	36719.642450	0.506016
  904	17197	  650	  467	0.00407737	!	149.719593	36719.642450	0.510094
  904	17197	  651	  467	0.00170929	!	62.764600	36719.642450	0.511803
  904	17197	  652	  467	0.00017658	!	6.483837	36719.642450	0.511980
  904	17197	  653	  467	0.00084615	!	31.070411	36719.642450	0.512826
  904	17197	  654	  467	0.00024609	!	9.036432	36719.642450	0.513072
  904	17197	  655	  467	0.00000139	!	0.050881	36719.642450	0.513073
  904	17197	  656	  467	0.00035767	!	13.133413	36719.642450	0.513431
  904	17197	  657	  467	0.00064251	!	23.592842	36719.642450	0.514073
  904	17197	  658	  467	0.00121200	!	44.504390	36719.642450	0.515285
  904	17197	  659	  467	0.00000299	!	0.109763	36719.642450	0.515288
  904	17197	  660	  467	0.00000039	!	0.014195	36719.642450	0.515289
  904	17197	  661	  467	0.00000012	!	0.004379	36719.642450	0.515289
  904	17197	  662	  467	0.00000000	!	0.000008	36719.642450	0.515289
  904	17197	  663	  467	0.00111541	!	40.957557	36719.642450	0.516404
  904	17197	  664	  467	0.00000198	!	0.072684	36719.642450	0.516406
  904	17197	  665	  467	0.00025712	!	9.441190	36719.642450	0.516663
  904	17197	  666	  467	0.00017003	!	6.243552	36719.642450	0.516833
  904	17197	  667	  467	0.00188344	!	69.159117	36719.642450	0.518717
  904	17197	  668	  467	0.00247006	!	90.699568	36719.642450	0.521187
  904	17197	  669	  467	0.00009400	!	3.451679	36719.642450	0.521281
  904	17197	  670	  467	0.00000016	!	0.005887	36719.642450	0.521281
  904	17197	  671	  467	0.00009451	!	3.470252	36719.642450	0.521376
  904	17197	  674	  467	0.00016934	!	6.218267	36719.642450	0.521545
  904	17197	  675	  467	0.00000076	!	0.027731	36719.642450	0.521546
  904	17197	  676	  467	0.00000000	!	0.000025	36719.642450	0.521546
  904	17197	  677	  467	0.00003540	!	1.299855	36719.642450	0.521581
  904	17197	  678	  467	0.00000007	!	0.002585	36719.642450	0.521581
  904	17197	  679	  467	0.00000089	!	0.032698	36719.642450	0.521582
  904	17197	  680	  467	0.00000000	!	0.000059	36719.642450	0.521582
  904	17197	  681	  467	0.00057591	!	21.147325	36719.642450	0.522158
  904	17197	  682	  467	0.00000111	!	0.040664	36719.642450	0.522159
  904	17197	  685	  467	0.00019322	!	7.094969	36719.642450	0.522352
  904	17197	  686	  467	0.00000035	!	0.012978	36719.642450	0.522353
  904	17197	  642	  468	0.00000002	!	0.000702	36719.642450	0.522353
  904	17197	  643	  468	0.00000000	!	0.000004	36719.642450	0.522353
  904	17197	  644	  468	0.00006386	!	2.345088	36719.642450	0.522416
  904	17197	  645	  468	0.00043587	!	16.005056	36719.642450	0.522852
  904	17197	  646	  468	0.00053419	!	19.615132	36719.642450	0.523387
  904	17197	  647	  468	0.00016537	!	6.072493	36719.642450	0.523552
  904	17197	  648	  468	0.00003850	!	1.413890	36719.642450	0.523590
  904	17197	  649	  468	0.00563037	!	206.745315	36719.642450	0.529221
  904	17197	  650	  468	0.00535826	!	196.753398	36719.642450	0.534579
  904	17197	  651	  468	0.00035803	!	13.146553	36719.642450	0.534937
  904	17197	  652	  468	0.01447262	!	531.429468	36719.642450	0.549410
  904	17197	  653	  468	0.00060660	!	22.274224	36719.642450	0.550016
  904	17197	  654	  468	0.00048957	!	17.976791	36719.642450	0.550506
  904	17197	  655	  468	0.00016606	!	6.097561	36719.642450	0.550672
  904	17197	  656	  468	0.00213291	!	78.319734	36719.642450	0.552805
  904	17197	  657	  468	0.00677614	!	248.817282	36719.642450	0.559581
  904	17197	  658	  468	0.00076842	!	28.216192	36719.642450	0.560349
  904	17197	  659	  468	0.00041274	!	15.155580	36719.642450	0.560762
  904	17197	  660	  468	0.00023087	!	8.477316	36719.642450	0.560993
  904	17197	  661	  468	0.00000041	!	0.014934	36719.642450	0.560993
  904	17197	  662	  468	0.00005611	!	2.060311	36719.642450	0.561050
  904	17197	  663	  468	0.00000102	!	0.037565	36719.642450	0.561051
  904	17197	  664	  468	0.00000000	!	0.000060	36719.642450	0.561051
  904	17197	  665	  468	0.00030254	!	11.109096	36719.642450	0.561353
  904	17197	  666	  468	0.00028743	!	10.554150	36719.642450	0.561640
  904	17197	  667	  468	0.00000207	!	0.076039	36719.642450	0.561643
  904	17197	  668	  468	0.00137214	!	50.384485	36719.642450	0.563015
  904	17197	  669	  468	0.00000253	!	0.092763	36719.642450	0.563017
  904	17197	  670	  468	0.00000000	!	0.000005	36719.642450	0.563017
  904	17197	  671	  468	0.00053927	!	19.801679	36719.642450	0.563557
  904	17197	  682	  468	0.00000903	!	0.331558	36719.642450	0.563566
  904	17197	  683	  468	0.00000004	!	0.001397	36719.642450	0.563566
  904	17197	  684	  468	0.00013300	!	4.883557	36719.642450	0.563699
  904	17197	  685	  468	0.00000045	!	0.016673	36719.642450	0.563699
  904	17197	  686	  468	0.00000000	!	0.000011	36719.642450	0.563699
  904	17197	  644	  469	0.00000005	!	0.001948	36719.642450	0.563699
  904	17197	  645	  469	0.00012201	!	4.480162	36719.642450	0.563821
  904	17197	  646	  469	0.00000065	!	0.024017	36719.642450	0.563822
  904	17197	  647	  469	0.00059755	!	21.941755	36719.642450	0.564419
  904	17197	  648	  469	0.00009881	!	3.628104	36719.642450	0.564518
  904	17197	  649	  469	0.00109264	!	40.121507	36719.642450	0.565611
  904	17197	  650	  469	0.00098317	!	36.101621	36719.642450	0.566594
  904	17197	  651	  469	0.00006709	!	2.463554	36719.642450	0.566661
  904	17197	  652	  469	0.00124400	!	45.679410	36719.642450	0.567905
  904	17197	  653	  469	0.00449422	!	165.026192	36719.642450	0.572399
  904	17197	  654	  469	0.00140301	!	51.518128	36719.642450	0.573802
  904	17197	  655	  469	0.00018306	!	6.721814	36719.642450	0.573985
  904	17197	  656	  469	0.00022919	!	8.415612	36719.642450	0.574214
  904	17197	  657	  469	0.00069904	!	25.668612	36719.642450	0.574914
  904	17197	  658	  469	0.00198569	!	72.913909	36719.642450	0.576899
  904	17197	  659	  469	0.00084097	!	30.880092	36719.642450	0.577740
  904	17197	  660	  469	0.00026174	!	9.610961	36719.642450	0.578002
  904	17197	  661	  469	0.00049209	!	18.069452	36719.642450	0.578494
  904	17197	  662	  469	0.00000092	!	0.033658	36719.642450	0.578495
  904	17197	  663	  469	0.00060701	!	22.289217	36719.642450	0.579102
  904	17197	  664	  469	0.00000108	!	0.039555	36719.642450	0.579103
  904	17197	  665	  469	0.00035266	!	12.949396	36719.642450	0.579456
  904	17197	  666	  469	0.00017493	!	6.423194	36719.642450	0.579631
  904	17197	  667	  469	0.00057446	!	21.093884	36719.642450	0.580205
  904	17197	  668	  469	0.00016955	!	6.225704	36719.642450	0.580375
  904	17197	  669	  469	0.00016553	!	6.078227	36719.642450	0.580540
  904	17197	  670	  469	0.00000030	!	0.010857	36719.642450	0.580540
  904	17197	  671	  469	0.00008419	!	3.091298	36719.642450	0.580625
  904	17197	  644	  470	0.00094858	!	34.831548	36719.642450	0.581573
  904	17197	  645	  470	0.00171451	!	62.956216	36719.642450	0.583288
  904	17197	  646	  470	0.00034805	!	12.780324	36719.642450	0.583636
  904	17197	  647	  470	0.00000110	!	0.040228	36719.642450	0.583637
  904	17197	  648	  470	0.00006160	!	2.262070	36719.642450	0.583698
  904	17197	  649	  470	0.00025032	!	9.191548	36719.642450	0.583949
  904	17197	  650	  470	0.00000125	!	0.045868	36719.642450	0.583950
  904	17197	  651	  470	0.00025016	!	9.185721	36719.642450	0.584200
  904	17197	  652	  470	0.00020592	!	7.561226	36719.642450	0.584406
  904	17197	  653	  470	0.00679807	!	249.622700	36719.642450	0.591204
  904	17197	  654	  470	0.00065510	!	24.055193	36719.642450	0.591859
  904	17197	  655	  470	0.00043400	!	15.936489	36719.642450	0.592293
  904	17197	  656	  470	0.00000095	!	0.034839	36719.642450	0.592294
  904	17197	  657	  470	0.00000058	!	0.021213	36719.642450	0.592295
  904	17197	  658	  470	0.00024467	!	8.984296	36719.642450	0.592539
  904	17197	  659	  470	0.00000113	!	0.041441	36719.642450	0.592541
  904	17197	  660	  470	0.00011825	!	4.342079	36719.642450	0.592659
  904	17197	  661	  470	0.00000062	!	0.022713	36719.642450	0.592659
  904	17197	  662	  470	0.00000000	!	0.000027	36719.642450	0.592659
  904	17197	  663	  470	0.00009246	!	3.394986	36719.642450	0.592752
  904	17197	  664	  470	0.00014082	!	5.170758	36719.642450	0.592893
  904	17197	  665	  470	0.00011753	!	4.315780	36719.642450	0.593010
  904	17197	  666	  470	0.00013405	!	4.922089	36719.642450	0.593144
  904	17197	  667	  470	0.00036318	!	13.335862	36719.642450	0.593508
  904	17197	  668	  470	0.00035038	!	12.865943	36719.642450	0.593858
  904	17197	  669	  470	0.00016299	!	5.984822	36719.642450	0.594021
  904	17197	  670	  470	0.00000029	!	0.010669	36719.642450	0.594021
  904	17197	  671	  470	0.00054890	!	20.155235	36719.642450	0.594570
  904	17197	  644	  471	0.00029215	!	10.727804	36719.642450	0.594862
  904	17197	  645	  471	0.00008426	!	3.094099	36719.642450	0.594946
  904	17197	  646	  471	0.00000043	!	0.015909	36719.642450	0.594947
  904	17197	  647	  471	0.00064852	!	23.813290	36719.642450	0.595595
  904	17197	  648	  471	0.00009379	!	3.443910	36719.642450	0.595689
  904	17197	  649	  471	0.00012492	!	4.587048	36719.642450	0.595814
  904	17197	  650	  471	0.00114097	!	41.895981	36719.642450	0.596955
  904	17197	  651	  471	0.00012792	!	4.697066	36719.642450	0.597083
  904	17197	  652	  471	0.00016015	!	5.880511	36719.642450	0.597243
  904	17197	  653	  471	0.00115719	!	42.491463	36719.642450	0.598400
  904	17197	  654	  471	0.00205854	!	75.588899	36719.642450	0.600459
  904	17197	  655	  471	0.00000397	!	0.145598	36719.642450	0.600463
  904	17197	  656	  471	0.00000000	!	0.000023	36719.642450	0.600463
  904	17197	  658	  471	0.00000020	!	0.007457	36719.642450	0.600463
  904	17197	  659	  471	0.00000000	!	0.000013	36719.642450	0.600463
  904	17197	  660	  471	0.00008059	!	2.959300	36719.642450	0.600544
  904	17197	  661	  471	0.00000014	!	0.005230	36719.642450	0.600544
  904	17197	  663	  471	0.00000008	!	0.002821	36719.642450	0.600544
  904	17197	  664	  471	0.00000012	!	0.004321	36719.642450	0.600544
  904	17197	  665	  471	0.00032681	!	12.000415	36719.642450	0.600871
  904	17197	  666	  471	0.00000069	!	0.025458	36719.642450	0.600872
  904	17197	  667	  471	0.00313417	!	115.085646	36719.642450	0.604006
  904	17197	  668	  471	0.00000589	!	0.216102	36719.642450	0.604012
  904	17197	  669	  471	0.00000014	!	0.004997	36719.642450	0.604012
  904	17197	  670	  471	0.00000000	!	0.000009	36719.642450	0.604012
  904	17197	  671	  471	0.00098589	!	36.201637	36719.642450	0.604998
  904	17197	  644	  472	0.00000024	!	0.008966	36719.642450	0.604998
  904	17197	  645	  472	0.00120769	!	44.345819	36719.642450	0.606206
  904	17197	  646	  472	0.00000209	!	0.076714	36719.642450	0.606208
  904	17197	  647	  472	0.00000054	!	0.019957	36719.642450	0.606208
  904	17197	  648	  472	0.00030374	!	11.153201	36719.642450	0.606512
  904	17197	  649	  472	0.00022137	!	8.128734	36719.642450	0.606733
  904	17197	  650	  472	0.00133690	!	49.090426	36719.642450	0.608070
  904	17197	  651	  472	0.00051622	!	18.955498	36719.642450	0.608586
  904	17197	  652	  472	0.00077687	!	28.526413	36719.642450	0.609363
  904	17197	  653	  472	0.00041679	!	15.304311	36719.642450	0.609780
  904	17197	  654	  472	0.00000245	!	0.089962	36719.642450	0.609782
  904	17197	  655	  472	0.00000000	!	0.000111	36719.642450	0.609782
  904	17197	  657	  472	0.00030203	!	11.090481	36719.642450	0.610085
  904	17197	  658	  472	0.00000053	!	0.019516	36719.642450	0.610085
  904	17197	  659	  472	0.00050361	!	18.492429	36719.642450	0.610589
  904	17197	  660	  472	0.00009910	!	3.638969	36719.642450	0.610688
  904	17197	  661	  472	0.00000017	!	0.006373	36719.642450	0.610688
  904	17197	  665	  472	0.00038189	!	14.022941	36719.642450	0.611070
  904	17197	  666	  472	0.00018612	!	6.834375	36719.642450	0.611256
  904	17197	  667	  472	0.00162925	!	59.825362	36719.642450	0.612885
  904	17197	  668	  472	0.00043618	!	16.016401	36719.642450	0.613321
  904	17197	  669	  472	0.00015160	!	5.566594	36719.642450	0.613473
  904	17197	  670	  472	0.00018455	!	6.776492	36719.642450	0.613658
  904	17197	  671	  472	0.00000102	!	0.037512	36719.642450	0.613659
  904	17197	  645	  473	0.00000102	!	0.037273	36719.642450	0.613660
  904	17197	  646	  473	0.00000000	!	0.000064	36719.642450	0.613660
  904	17197	  647	  473	0.00156966	!	57.637394	36719.642450	0.615229
  904	17197	  648	  473	0.00062699	!	23.022956	36719.642450	0.615856
  904	17197	  649	  473	0.00558465	!	205.066208	36719.642450	0.621441
  904	17197	  650	  473	0.00033867	!	12.435804	36719.642450	0.621780
  904	17197	  651	  473	0.00000101	!	0.036904	36719.642450	0.621781
  904	17197	  652	  473	0.00009833	!	3.610649	36719.642450	0.621879
  904	17197	  653	  473	0.00000052	!	0.019101	36719.642450	0.621879
  904	17197	  654	  473	0.00064311	!	23.614917	36719.642450	0.622523
  904	17197	  655	  473	0.00000113	!	0.041379	36719.642450	0.622524
  904	17197	  657	  473	0.00000025	!	0.009322	36719.642450	0.622524
  904	17197	  658	  473	0.00003786	!	1.390260	36719.642450	0.622562
  904	17197	  659	  473	0.00000049	!	0.017994	36719.642450	0.622562
  904	17197	  660	  473	0.00000008	!	0.003057	36719.642450	0.622562
  904	17197	  661	  473	0.00000000	!	0.000005	36719.642450	0.622562
  904	17197	  664	  473	0.00106668	!	39.168126	36719.642450	0.623629
  904	17197	  665	  473	0.00021645	!	7.947847	36719.642450	0.623845
  904	17197	  666	  473	0.00007556	!	2.774608	36719.642450	0.623921
  904	17197	  667	  473	0.00027293	!	10.021986	36719.642450	0.624194
  904	17197	  668	  473	0.00109934	!	40.367373	36719.642450	0.625293
  904	17197	  669	  473	0.00360178	!	132.256067	36719.642450	0.628895
  904	17197	  670	  473	0.00152849	!	56.125457	36719.642450	0.630424
  904	17197	  671	  473	0.00000373	!	0.137084	36719.642450	0.630427
  904	17197	  645	  474	0.00029622	!	10.876998	36719.642450	0.630724
  904	17197	  646	  474	0.00019821	!	7.278074	36719.642450	0.630922
  904	17197	  647	  474	0.00111823	!	41.061098	36719.642450	0.632040
  904	17197	  648	  474	0.00346187	!	127.118700	36719.642450	0.635502
  904	17197	  649	  474	0.00291461	!	107.023411	36719.642450	0.638416
  904	17197	  650	  474	0.00072174	!	26.502016	36719.642450	0.639138
  904	17197	  651	  474	0.00000125	!	0.045851	36719.642450	0.639139
  904	17197	  652	  474	0.00005290	!	1.942451	36719.642450	0.639192
  904	17197	  653	  474	0.00000009	!	0.003394	36719.642450	0.639192
  904	17197	  654	  474	0.00087126	!	31.992434	36719.642450	0.640064
  904	17197	  655	  474	0.00000153	!	0.056059	36719.642450	0.640065
  904	17197	  657	  474	0.00013733	!	5.042758	36719.642450	0.640203
  904	17197	  658	  474	0.00006317	!	2.319632	36719.642450	0.640266
  904	17197	  659	  474	0.00000011	!	0.004072	36719.642450	0.640266
  904	17197	  668	  474	0.00000021	!	0.007622	36719.642450	0.640266
  904	17197	  669	  474	0.00009673	!	3.552072	36719.642450	0.640363
  904	17197	  670	  474	0.00084723	!	31.109994	36719.642450	0.641210
  904	17197	  642	  475	0.00007104	!	2.608436	36719.642450	0.641281
  904	17197	  643	  475	0.00026283	!	9.651097	36719.642450	0.641544
  904	17197	  644	  475	0.00026030	!	9.558227	36719.642450	0.641804
  904	17197	  645	  475	0.00008400	!	3.084609	36719.642450	0.641888
  904	17197	  646	  475	0.00000031	!	0.011445	36719.642450	0.641888
  904	17197	  647	  475	0.00000094	!	0.034677	36719.642450	0.641889
  904	17197	  648	  475	0.00000293	!	0.107464	36719.642450	0.641892
  904	17197	  649	  475	0.00019203	!	7.051328	36719.642450	0.642084
  904	17197	  650	  475	0.00135864	!	49.888909	36719.642450	0.643443
  904	17197	  651	  475	0.00308560	!	113.302047	36719.642450	0.646529
  904	17197	  652	  475	0.00000542	!	0.199178	36719.642450	0.646534
  904	17197	  653	  475	0.00091444	!	33.577808	36719.642450	0.647448
  904	17197	  654	  475	0.00121037	!	44.444179	36719.642450	0.648659
  904	17197	  655	  475	0.00050065	!	18.383567	36719.642450	0.649159
  904	17197	  656	  475	0.00065092	!	23.901591	36719.642450	0.649810
  904	17197	  657	  475	0.00073682	!	27.055760	36719.642450	0.650547
  904	17197	  658	  475	0.00017711	!	6.503434	36719.642450	0.650724
  904	17197	  659	  475	0.00000031	!	0.011377	36719.642450	0.650725
  904	17197	  641	  476	0.00020339	!	7.468366	36719.642450	0.650928
  904	17197	  642	  476	0.00028313	!	10.396274	36719.642450	0.651211
  904	17197	  643	  476	0.00000071	!	0.026030	36719.642450	0.651212
  904	17197	  644	  476	0.00022275	!	8.179416	36719.642450	0.651435
  904	17197	  645	  476	0.00021746	!	7.985042	36719.642450	0.651652
  904	17197	  646	  476	0.00000038	!	0.013789	36719.642450	0.651652
  904	17197	  649	  476	0.00029051	!	10.667466	36719.642450	0.651943
  904	17197	  650	  476	0.01579790	!	580.093107	36719.642450	0.667741
  904	17197	  651	  476	0.00154712	!	56.809813	36719.642450	0.669288
  904	17197	  652	  476	0.00021184	!	7.778699	36719.642450	0.669500
  904	17197	  653	  476	0.00009523	!	3.496630	36719.642450	0.669595
  904	17197	  654	  476	0.00026965	!	9.901280	36719.642450	0.669865
  904	17197	  655	  476	0.00024664	!	9.056379	36719.642450	0.670111
  904	17197	  656	  476	0.00009576	!	3.516437	36719.642450	0.670207
  904	17197	  657	  476	0.00021610	!	7.934964	36719.642450	0.670423
  904	17197	  658	  476	0.00008759	!	3.216251	36719.642450	0.670511
  904	17197	  659	  476	0.00000015	!	0.005643	36719.642450	0.670511
  904	17197	  660	  476	0.00032002	!	11.750971	36719.642450	0.670831
  904	17197	  661	  476	0.00050364	!	18.493550	36719.642450	0.671335
  904	17197	  662	  476	0.00000089	!	0.032690	36719.642450	0.671335
  904	17197	  663	  476	0.00001606	!	0.589599	36719.642450	0.671352
  904	17197	  641	  477	0.00007956	!	2.921313	36719.642450	0.671431
  904	17197	  642	  477	0.00279086	!	102.479224	36719.642450	0.674222
  904	17197	  643	  477	0.00027075	!	9.941985	36719.642450	0.674493
  904	17197	  644	  477	0.00590508	!	216.832394	36719.642450	0.680398
  904	17197	  645	  477	0.00012072	!	4.432818	36719.642450	0.680519
  904	17197	  646	  477	0.00000019	!	0.007020	36719.642450	0.680519
  904	17197	  647	  477	0.00009530	!	3.499540	36719.642450	0.680614
  904	17197	  648	  477	0.00000017	!	0.006071	36719.642450	0.680614
  904	17197	  649	  477	0.00019569	!	7.185675	36719.642450	0.680810
  904	17197	  650	  477	0.00565297	!	207.575201	36719.642450	0.686463
  904	17197	  651	  477	0.00142773	!	52.425870	36719.642450	0.687891
  904	17197	  652	  477	0.00018780	!	6.895929	36719.642450	0.688078
  904	17197	  653	  477	0.00000040	!	0.014829	36719.642450	0.688079
  904	17197	  654	  477	0.00141558	!	51.979466	36719.642450	0.689494
  904	17197	  655	  477	0.00350400	!	128.665484	36719.642450	0.692998
  904	17197	  656	  477	0.00484580	!	177.936036	36719.642450	0.697844
  904	17197	  657	  477	0.00026170	!	9.609348	36719.642450	0.698106
  904	17197	  658	  477	0.00000052	!	0.019079	36719.642450	0.698106
  904	17197	  659	  477	0.00000000	!	0.000005	36719.642450	0.698106
  904	17197	  660	  477	0.00000027	!	0.009994	36719.642450	0.698107
  904	17197	  661	  477	0.00017706	!	6.501592	36719.642450	0.698284
  904	17197	  662	  477	0.00000031	!	0.011505	36719.642450	0.698284
  904	17197	  663	  477	0.00000001	!	0.000413	36719.642450	0.698284
  904	17197	  641	  478	0.00025467	!	9.351378	36719.642450	0.698539
  904	17197	  642	  478	0.00000306	!	0.112430	36719.642450	0.698542
  904	17197	  643	  478	0.00038286	!	14.058335	36719.642450	0.698925
  904	17197	  644	  478	0.00097815	!	35.917139	36719.642450	0.699903
  904	17197	  645	  478	0.00000178	!	0.065458	36719.642450	0.699905
  904	17197	  646	  478	0.00000000	!	0.000006	36719.642450	0.699905
  904	17197	  647	  478	0.00039055	!	14.340790	36719.642450	0.700295
  904	17197	  648	  478	0.00138341	!	50.798242	36719.642450	0.701678
  904	17197	  649	  478	0.00122801	!	45.091930	36719.642450	0.702906
  904	17197	  650	  478	0.00173862	!	63.841645	36719.642450	0.704645
  904	17197	  651	  478	0.00241692	!	88.748589	36719.642450	0.707062
  904	17197	  652	  478	0.00066293	!	24.342693	36719.642450	0.707725
  904	17197	  653	  478	0.00012611	!	4.630880	36719.642450	0.707851
  904	17197	  654	  478	0.00000143	!	0.052358	36719.642450	0.707853
  904	17197	  655	  478	0.00000299	!	0.109739	36719.642450	0.707856
  904	17197	  656	  478	0.00017491	!	6.422811	36719.642450	0.708030
  904	17197	  657	  478	0.00109069	!	40.049824	36719.642450	0.709121
  904	17197	  658	  478	0.00000192	!	0.070456	36719.642450	0.709123
  904	17197	  661	  478	0.00000015	!	0.005532	36719.642450	0.709123
  904	17197	  662	  478	0.00000000	!	0.000010	36719.642450	0.709123
  904	17197	  641	  479	0.00000024	!	0.008756	36719.642450	0.709123
  904	17197	  642	  479	0.00000000	!	0.000021	36719.642450	0.709123
  904	17197	  643	  479	0.00000033	!	0.012019	36719.642450	0.709124
  904	17197	  644	  479	0.00130599	!	47.955545	36719.642450	0.710430
  904	17197	  645	  479	0.00032960	!	12.102762	36719.642450	0.710759
  904	17197	  646	  479	0.00007821	!	2.872007	36719.642450	0.710838
  904	17197	  647	  479	0.00000047	!	0.017204	36719.642450	0.710838
  904	17197	  648	  479	0.00827655	!	303.912070	36719.642450	0.719115
  904	17197	  649	  479	0.01112858	!	408.637428	36719.642450	0.730243
  904	17197	  650	  479	0.00002082	!	0.764437	36719.642450	0.730264
  904	17197	  651	  479	0.00000207	!	0.075880	36719.642450	0.730266
  904	17197	  652	  479	0.00045431	!	16.682097	36719.642450	0.730720
  904	17197	  653	  479	0.00101705	!	37.345705	36719.642450	0.731737
  904	17197	  654	  479	0.00116691	!	42.848566	36719.642450	0.732904
  904	17197	  655	  479	0.00000204	!	0.074967	36719.642450	0.732906
  904	17197	  656	  479	0.00003135	!	1.151001	36719.642450	0.732938
  904	17197	  657	  479	0.00002634	!	0.967218	36719.642450	0.732964
  904	17197	  658	  479	0.00000005	!	0.001820	36719.642450	0.732964
  904	17197	  660	  479	0.00057026	!	20.939845	36719.642450	0.733534
  904	17197	  661	  479	0.00161070	!	59.144147	36719.642450	0.735145
  904	17197	  662	  479	0.00026254	!	9.640395	36719.642450	0.735408
  904	17197	  663	  479	0.00000002	!	0.000822	36719.642450	0.735408
  904	17197	  644	  480	0.00068861	!	25.285442	36719.642450	0.736096
  904	17197	  645	  480	0.00000147	!	0.053991	36719.642450	0.736098
  904	17197	  646	  480	0.00048672	!	17.872131	36719.642450	0.736584
  904	17197	  647	  480	0.00000084	!	0.030961	36719.642450	0.736585
  904	17197	  648	  480	0.00552038	!	202.706372	36719.642450	0.742106
  904	17197	  649	  480	0.01037004	!	380.784297	36719.642450	0.752476
  904	17197	  650	  480	0.03600822	!	1322.209091	36719.642450	0.788484
  904	17197	  651	  480	0.01518697	!	557.660215	36719.642450	0.803671
  904	17197	  652	  480	0.00186986	!	68.660700	36719.642450	0.805541
  904	17197	  653	  480	0.00042888	!	15.748197	36719.642450	0.805970
  904	17197	  654	  480	0.01385625	!	508.796690	36719.642450	0.819826
  904	17197	  655	  480	0.00008919	!	3.275147	36719.642450	0.819915
  904	17197	  660	  480	0.00000049	!	0.017965	36719.642450	0.819916
  904	17197	  661	  480	0.00000138	!	0.050740	36719.642450	0.819917
  904	17197	  662	  480	0.00004969	!	1.824598	36719.642450	0.819967
  904	17197	  641	  481	0.00420168	!	154.284292	36719.642450	0.824168
  904	17197	  642	  481	0.00080046	!	29.392708	36719.642450	0.824969
  904	17197	  643	  481	0.00000137	!	0.050165	36719.642450	0.824970
  904	17197	  644	  481	0.00138916	!	51.009583	36719.642450	0.826359
  904	17197	  645	  481	0.00025644	!	9.416390	36719.642450	0.826616
  904	17197	  646	  481	0.00022865	!	8.395800	36719.642450	0.826844
  904	17197	  647	  481	0.00000040	!	0.014517	36719.642450	0.826845
  904	17197	  648	  481	0.00018443	!	6.772081	36719.642450	0.827029
  904	17197	  649	  481	0.00155941	!	57.260934	36719.642450	0.828589
  904	17197	  650	  481	0.00848487	!	311.561413	36719.642450	0.837073
  904	17197	  651	  481	0.01973399	!	724.625096	36719.642450	0.856807
  904	17197	  652	  481	0.00442254	!	162.394034	36719.642450	0.861230
  904	17197	  653	  481	0.00671555	!	246.592769	36719.642450	0.867946
  904	17197	  654	  481	0.00746928	!	274.269226	36719.642450	0.875415
  904	17197	  655	  481	0.00016342	!	6.000736	36719.642450	0.875578
  904	17197	  640	  482	0.00008629	!	3.168577	36719.642450	0.875665
  904	17197	  641	  482	0.00050938	!	18.704305	36719.642450	0.876174
  904	17197	  642	  482	0.00206532	!	75.837731	36719.642450	0.878239
  904	17197	  643	  482	0.00018859	!	6.924991	36719.642450	0.878428
  904	17197	  644	  482	0.00007117	!	2.613220	36719.642450	0.878499
  904	17197	  645	  482	0.00000034	!	0.012543	36719.642450	0.878499
  904	17197	  646	  482	0.00020239	!	7.431806	36719.642450	0.878702
  904	17197	  647	  482	0.00049967	!	18.347735	36719.642450	0.879201
  904	17197	  648	  482	0.00000102	!	0.037502	36719.642450	0.879202
  904	17197	  649	  482	0.00215709	!	79.207626	36719.642450	0.881360
  904	17197	  650	  482	0.00803869	!	295.177949	36719.642450	0.889398
  904	17197	  651	  482	0.00758716	!	278.597877	36719.642450	0.896985
  904	17197	  652	  482	0.02017378	!	740.774042	36719.642450	0.917159
  904	17197	  653	  482	0.01828885	!	671.559991	36719.642450	0.935448
  904	17197	  654	  482	0.01078253	!	395.930579	36719.642450	0.946231
  904	17197	  655	  482	0.00069766	!	25.617704	36719.642450	0.946928
  904	17197	  640	  483	0.00005664	!	2.079711	36719.642450	0.946985
  904	17197	  641	  483	0.00000088	!	0.032281	36719.642450	0.946986
  904	17197	  642	  483	0.00000179	!	0.065604	36719.642450	0.946988
  904	17197	  643	  483	0.00000016	!	0.005992	36719.642450	0.946988
  904	17197	  644	  483	0.00028913	!	10.616651	36719.642450	0.947277
  904	17197	  645	  483	0.00000050	!	0.018339	36719.642450	0.947277
  904	17197	  646	  483	0.00033852	!	12.430230	36719.642450	0.947616
  904	17197	  647	  483	0.00000102	!	0.037400	36719.642450	0.947617
  904	17197	  648	  483	0.00025810	!	9.477287	36719.642450	0.947875
  904	17197	  649	  483	0.00169466	!	62.227387	36719.642450	0.949570
  904	17197	  650	  483	0.00102763	!	37.734025	36719.642450	0.950597
  904	17197	  651	  483	0.00052778	!	19.380001	36719.642450	0.951125
  904	17197	  652	  483	0.00198091	!	72.738333	36719.642450	0.953106
  904	17197	  653	  483	0.00857603	!	314.908828	36719.642450	0.961682
  904	17197	  654	  483	0.01660742	!	609.818593	36719.642450	0.978289
  904	17197	  655	  483	0.00042991	!	15.786224	36719.642450	0.978719
  904	17197	  640	  484	0.00009371	!	3.440932	36719.642450	0.978813
  904	17197	  641	  484	0.00018984	!	6.970994	36719.642450	0.979003
  904	17197	  642	  484	0.00110725	!	40.657992	36719.642450	0.980110
  904	17197	  643	  484	0.00041157	!	15.112806	36719.642450	0.980522
  904	17197	  644	  484	0.00031585	!	11.597895	36719.642450	0.980838
  904	17197	  645	  484	0.00005414	!	1.987954	36719.642450	0.980892
  904	17197	  646	  484	0.00000039	!	0.014186	36719.642450	0.980892
  904	17197	  647	  484	0.00000000	!	0.000019	36719.642450	0.980892
  904	17197	  648	  484	0.00012172	!	4.469637	36719.642450	0.981014
  904	17197	  649	  484	0.00030048	!	11.033621	36719.642450	0.981314
  904	17197	  650	  484	0.00046855	!	17.205135	36719.642450	0.981783
  904	17197	  651	  484	0.00111681	!	41.008696	36719.642450	0.982900
  904	17197	  652	  484	0.00116560	!	42.800391	36719.642450	0.984065
  904	17197	  653	  484	0.00047598	!	17.477935	36719.642450	0.984541
  904	17197	  654	  484	0.00214050	!	78.598510	36719.642450	0.986682
  904	17197	  655	  484	0.00099072	!	36.378781	36719.642450	0.987672
  904	17197	  640	  485	0.00001309	!	0.480536	36719.642450	0.987685
  904	17197	  641	  485	0.00000023	!	0.008530	36719.642450	0.987686
  904	17197	  642	  485	0.00169093	!	62.090437	36719.642450	0.989377
  904	17197	  643	  485	0.00041277	!	15.156637	36719.642450	0.989789
  904	17197	  644	  485	0.00007974	!	2.928029	36719.642450	0.989869
  904	17197	  645	  485	0.00000020	!	0.007245	36719.642450	0.989869
  904	17197	  646	  485	0.00021565	!	7.918603	36719.642450	0.990085
  904	17197	  647	  485	0.00026223	!	9.628925	36719.642450	0.990347
  904	17197	  648	  485	0.00000059	!	0.021750	36719.642450	0.990348
  904	17197	  649	  485	0.00000026	!	0.009556	36719.642450	0.990348
  904	17197	  650	  485	0.00000041	!	0.014945	36719.642450	0.990348
  904	17197	  651	  485	0.00009819	!	3.605381	36719.642450	0.990447
  904	17197	  652	  485	0.00140105	!	51.446014	36719.642450	0.991848
  904	17197	  653	  485	0.00027063	!	9.937338	36719.642450	0.992118
  904	17197	  654	  485	0.00007540	!	2.768607	36719.642450	0.992194
  904	17197	  655	  485	0.00002438	!	0.895048	36719.642450	0.992218
  904	17197	  648	  486	0.00001454	!	0.534052	36719.642450	0.992233
  904	17197	  649	  486	0.00000007	!	0.002642	36719.642450	0.992233
  904	17197	  650	  486	0.00003578	!	1.313755	36719.642450	0.992269
  904	17197	  651	  486	0.00636052	!	233.555993	36719.642450	0.998629
  904	17197	  652	  486	0.00001405	!	0.516038	36719.642450	0.998643
  904	17197	  653	  486	0.00000024	!	0.008660	36719.642450	0.998643
  904	17197	  654	  486	0.00135667	!	49.816370	36719.642450	1.000000
  904	17189	  607	  198	0.00519756	!	5.714626	1099.482378	0.005198
  904	17189	  608	  198	0.00000850	!	0.009346	1099.482378	0.005206
  904	17189	  594	  199	0.02355224	!	25.895274	1099.482378	0.028758
  904	17189	  595	  199	0.00956916	!	10.521128	1099.482378	0.038327
  904	17189	  596	  199	0.00001530	!	0.016827	1099.482378	0.038343
  904	17189	  607	  199	0.00000084	!	0.000924	1099.482378	0.038344
  904	17189	  608	  199	0.00000000	!	0.000002	1099.482378	0.038344
  904	17189	  594	  200	0.00000387	!	0.004252	1099.482378	0.038347
  904	17189	  595	  200	0.00000157	!	0.001728	1099.482378	0.038349
  904	17189	  596	  200	0.00000000	!	0.000003	1099.482378	0.038349
  904	17189	  594	  201	0.05302879	!	58.304216	1099.482378	0.091378
  904	17189	  595	  201	0.20829813	!	229.020122	1099.482378	0.299676
  904	17189	  596	  201	0.03454324	!	37.979686	1099.482378	0.334219
  904	17189	  597	  201	0.00005502	!	0.060489	1099.482378	0.334274
  904	17189	  577	  202	0.00197885	!	2.175715	1099.482378	0.336253
  904	17189	  578	  202	0.00000309	!	0.003396	1099.482378	0.336256
  904	17189	  594	  202	0.03467989	!	38.129932	1099.482378	0.370936
  904	17189	  595	  202	0.35793516	!	393.543395	1099.482378	0.728871
  904	17189	  596	  202	0.00058045	!	0.638191	1099.482378	0.729452
  904	17189	  597	  202	0.00000001	!	0.000010	1099.482378	0.729452
  904	17189	  577	  203	0.00000034	!	0.000373	1099.482378	0.729452
  904	17189	  578	  203	0.00000000	!	0.000001	1099.482378	0.729452
  904	17189	  594	  203	0.00000595	!	0.006543	1099.482378	0.729458
  904	17189	  595	  203	0.01815800	!	19.964405	1099.482378	0.747616
  904	17189	  596	  203	0.00002916	!	0.032058	1099.482378	0.747645
  904	17189	  595	  204	0.00000315	!	0.003464	1099.482378	0.747648
  904	17189	  596	  204	0.00000001	!	0.000006	1099.482378	0.747648
  904	17189	  608	  204	0.01424119	!	15.657935	1099.482378	0.761889
  904	17189	  609	  204	0.00002333	!	0.025648	1099.482378	0.761913
  904	17189	  582	  205	0.03774240	!	41.497108	1099.482378	0.799655
  904	17189	  583	  205	0.00596920	!	6.563025	1099.482378	0.805624
  904	17189	  584	  205	0.00000931	!	0.010240	1099.482378	0.805634
  904	17189	  608	  205	0.00000251	!	0.002765	1099.482378	0.805636
  904	17189	  609	  205	0.00000000	!	0.000005	1099.482378	0.805636
  904	17189	  575	  206	0.00032069	!	0.352596	1099.482378	0.805957
  904	17189	  576	  206	0.00000277	!	0.003046	1099.482378	0.805960
  904	17189	  582	  206	0.00000676	!	0.007430	1099.482378	0.805966
  904	17189	  583	  206	0.00000107	!	0.001175	1099.482378	0.805968
  904	17189	  584	  206	0.14034829	!	154.310474	1099.482378	0.946316
  904	17189	  585	  206	0.00816641	!	8.978819	1099.482378	0.954482
  904	17189	  586	  206	0.00001256	!	0.013810	1099.482378	0.954495
  904	17189	  584	  207	0.00002548	!	0.028012	1099.482378	0.954520
  904	17189	  585	  207	0.00000148	!	0.001630	1099.482378	0.954522
  904	17189	  586	  207	0.00000000	!	0.000003	1099.482378	0.954522
  904	17189	  608	  208	0.01034995	!	11.379592	1099.482378	0.964872
  904	17189	  609	  208	0.00001695	!	0.018640	1099.482378	0.964889
  904	17189	  608	  209	0.00000193	!	0.002122	1099.482378	0.964891
  904	17189	  609	  209	0.00000000	!	0.000003	1099.482378	0.964891
  904	17189	  609	  211	0.00352974	!	3.880884	1099.482378	0.968420
  904	17189	  608	  212	0.00592235	!	6.511517	1099.482378	0.974343
  904	17189	  609	  212	0.00001032	!	0.011350	1099.482378	0.974353
  904	17189	  608	  213	0.01252429	!	13.770235	1099.482378	0.986877
  904	17189	  609	  213	0.01312272	!	14.428203	1099.482378	1.000000
  904	17031	  671	  467	0.00001129	!	1.301855	115263.415279	0.000011
  904	17031	  672	  467	0.00000007	!	0.008563	115263.415279	0.000011
  904	17031	  674	  467	0.00018639	!	21.484328	115263.415279	0.000198
  904	17031	  675	  467	0.00000031	!	0.036262	115263.415279	0.000198
  904	17031	  677	  467	0.00001044	!	1.203184	115263.415279	0.000209
  904	17031	  678	  467	0.00000002	!	0.001943	115263.415279	0.000209
  904	17031	  681	  467	0.00001290	!	1.486635	115263.415279	0.000221
  904	17031	  682	  467	0.00000000	!	0.000514	115263.415279	0.000221
  904	17031	  671	  468	0.00010304	!	11.876440	115263.415279	0.000324
  904	17031	  672	  468	0.00000049	!	0.056846	115263.415279	0.000325
  904	17031	  673	  468	0.00001648	!	1.899663	115263.415279	0.000341
  904	17031	  674	  468	0.00011790	!	13.589397	115263.415279	0.000459
  904	17031	  675	  468	0.00004859	!	5.600837	115263.415279	0.000508
  904	17031	  676	  468	0.00012776	!	14.726585	115263.415279	0.000636
  904	17031	  677	  468	0.00003030	!	3.492247	115263.415279	0.000666
  904	17031	  678	  468	0.00006735	!	7.762637	115263.415279	0.000733
  904	17031	  679	  468	0.00000012	!	0.014053	115263.415279	0.000733
  904	17031	  680	  468	0.00005244	!	6.044487	115263.415279	0.000786
  904	17031	  681	  468	0.00031199	!	35.960903	115263.415279	0.001098
  904	17031	  682	  468	0.00006751	!	7.781219	115263.415279	0.001165
  904	17031	  683	  468	0.00000012	!	0.013264	115263.415279	0.001166
  904	17031	  684	  468	0.00012131	!	13.982815	115263.415279	0.001287
  904	17031	  685	  468	0.00000021	!	0.023667	115263.415279	0.001287
  904	17031	  671	  469	0.00002447	!	2.820983	115263.415279	0.001312
  904	17031	  672	  469	0.00000009	!	0.010609	115263.415279	0.001312
  904	17031	  673	  469	0.00000001	!	0.001578	115263.415279	0.001312
  904	17031	  674	  469	0.00028123	!	32.415684	115263.415279	0.001593
  904	17031	  675	  469	0.00000055	!	0.063043	115263.415279	0.001593
  904	17031	  676	  469	0.00030468	!	35.117939	115263.415279	0.001898
  904	17031	  677	  469	0.00006221	!	7.170840	115263.415279	0.001960
  904	17031	  678	  469	0.00007332	!	8.451140	115263.415279	0.002034
  904	17031	  679	  469	0.00000013	!	0.015289	115263.415279	0.002034
  904	17031	  680	  469	0.00004754	!	5.479263	115263.415279	0.002081
  904	17031	  681	  469	0.00032419	!	37.366883	115263.415279	0.002405
  904	17031	  682	  469	0.00106452	!	122.699769	115263.415279	0.003470
  904	17031	  683	  469	0.00012608	!	14.532111	115263.415279	0.003596
  904	17031	  684	  469	0.00173645	!	200.148755	115263.415279	0.005333
  904	17031	  685	  469	0.00133829	!	154.256155	115263.415279	0.006671
  904	17031	  686	  469	0.00000244	!	0.281505	115263.415279	0.006673
  904	17031	  671	  470	0.00024615	!	28.372386	115263.415279	0.006919
  904	17031	  672	  470	0.00000076	!	0.087082	115263.415279	0.006920
  904	17031	  673	  470	0.00005696	!	6.564881	115263.415279	0.006977
  904	17031	  674	  470	0.00029104	!	33.546034	115263.415279	0.007268
  904	17031	  675	  470	0.00012048	!	13.886912	115263.415279	0.007389
  904	17031	  676	  470	0.00004654	!	5.364697	115263.415279	0.007435
  904	17031	  677	  470	0.00039785	!	45.857746	115263.415279	0.007833
  904	17031	  678	  470	0.00025045	!	28.868040	115263.415279	0.008083
  904	17031	  679	  470	0.00002139	!	2.465491	115263.415279	0.008105
  904	17031	  680	  470	0.00004028	!	4.643275	115263.415279	0.008145
  904	17031	  681	  470	0.00026066	!	30.044405	115263.415279	0.008406
  904	17031	  682	  470	0.00016191	!	18.662455	115263.415279	0.008568
  904	17031	  683	  470	0.00043327	!	49.940671	115263.415279	0.009001
  904	17031	  684	  470	0.00000224	!	0.257757	115263.415279	0.009003
  904	17031	  685	  470	0.00000111	!	0.128514	115263.415279	0.009004
  904	17031	  686	  470	0.00005722	!	6.595112	115263.415279	0.009062
  904	17031	  687	  470	0.00000010	!	0.012080	115263.415279	0.009062
  904	17031	  671	  471	0.00068858	!	79.368521	115263.415279	0.009750
  904	17031	  672	  471	0.00000180	!	0.207388	115263.415279	0.009752
  904	17031	  673	  471	0.00000005	!	0.005486	115263.415279	0.009752
  904	17031	  674	  471	0.00000024	!	0.028008	115263.415279	0.009752
  904	17031	  675	  471	0.00001756	!	2.024512	115263.415279	0.009770
  904	17031	  676	  471	0.00000007	!	0.008090	115263.415279	0.009770
  904	17031	  677	  471	0.00000033	!	0.038314	115263.415279	0.009770
  904	17031	  678	  471	0.00000021	!	0.024116	115263.415279	0.009771
  904	17031	  679	  471	0.00000002	!	0.002060	115263.415279	0.009771
  904	17031	  680	  471	0.00007286	!	8.397643	115263.415279	0.009843
  904	17031	  681	  471	0.00035110	!	40.468770	115263.415279	0.010194
  904	17031	  682	  471	0.00050508	!	58.216782	115263.415279	0.010700
  904	17031	  683	  471	0.00005240	!	6.039851	115263.415279	0.010752
  904	17031	  684	  471	0.00008879	!	10.233867	115263.415279	0.010841
  904	17031	  685	  471	0.00177336	!	204.403168	115263.415279	0.012614
  904	17031	  686	  471	0.00000329	!	0.379382	115263.415279	0.012617
  904	17031	  687	  471	0.00000000	!	0.000010	115263.415279	0.012617
  904	17031	  671	  472	0.00000062	!	0.071437	115263.415279	0.012618
  904	17031	  672	  472	0.00000000	!	0.000174	115263.415279	0.012618
  904	17031	  675	  472	0.00004986	!	5.746882	115263.415279	0.012668
  904	17031	  676	  472	0.00005370	!	6.190047	115263.415279	0.012722
  904	17031	  677	  472	0.00002140	!	2.466390	115263.415279	0.012743
  904	17031	  678	  472	0.00000004	!	0.004442	115263.415279	0.012743
  904	17031	  680	  472	0.00005749	!	6.626375	115263.415279	0.012800
  904	17031	  681	  472	0.00031432	!	36.229267	115263.415279	0.013115
  904	17031	  682	  472	0.00057083	!	65.796277	115263.415279	0.013686
  904	17031	  683	  472	0.00016753	!	19.310568	115263.415279	0.013853
  904	17031	  684	  472	0.00002259	!	2.603801	115263.415279	0.013876
  904	17031	  685	  472	0.00007557	!	8.710904	115263.415279	0.013951
  904	17031	  686	  472	0.00000014	!	0.015926	115263.415279	0.013951
  904	17031	  664	  473	0.00037785	!	43.552098	115263.415279	0.014329
  904	17031	  665	  473	0.00004705	!	5.423630	115263.415279	0.014376
  904	17031	  666	  473	0.00000954	!	1.099399	115263.415279	0.014386
  904	17031	  667	  473	0.00001627	!	1.875278	115263.415279	0.014402
  904	17031	  668	  473	0.00001362	!	1.570386	115263.415279	0.014416
  904	17031	  670	  473	0.00001382	!	1.592387	115263.415279	0.014430
  904	17031	  671	  473	0.00012375	!	14.264147	115263.415279	0.014553
  904	17031	  672	  473	0.00014431	!	16.633677	115263.415279	0.014698
  904	17031	  673	  473	0.00000026	!	0.029844	115263.415279	0.014698
  904	17031	  675	  473	0.00000004	!	0.004829	115263.415279	0.014698
  904	17031	  676	  473	0.00000005	!	0.005203	115263.415279	0.014698
  904	17031	  677	  473	0.00004559	!	5.255422	115263.415279	0.014744
  904	17031	  678	  473	0.00000008	!	0.009509	115263.415279	0.014744
  904	17031	  680	  473	0.00016971	!	19.561153	115263.415279	0.014913
  904	17031	  681	  473	0.00020370	!	23.478594	115263.415279	0.015117
  904	17031	  682	  473	0.00000085	!	0.097859	115263.415279	0.015118
  904	17031	  683	  473	0.00007057	!	8.134332	115263.415279	0.015189
  904	17031	  684	  473	0.00004658	!	5.369043	115263.415279	0.015235
  904	17031	  685	  473	0.00000015	!	0.016955	115263.415279	0.015235
  904	17031	  686	  473	0.00000000	!	0.000013	115263.415279	0.015235
  904	17031	  664	  474	0.00003458	!	3.985679	115263.415279	0.015270
  904	17031	  665	  474	0.00000016	!	0.018222	115263.415279	0.015270
  904	17031	  666	  474	0.00000003	!	0.003261	115263.415279	0.015270
  904	17031	  667	  474	0.00000009	!	0.009987	115263.415279	0.015270
  904	17031	  668	  474	0.00000024	!	0.027721	115263.415279	0.015270
  904	17031	  669	  474	0.00032479	!	37.436428	115263.415279	0.015595
  904	17031	  670	  474	0.00123893	!	142.803831	115263.415279	0.016834
  904	17031	  671	  474	0.00004182	!	4.820218	115263.415279	0.016876
  904	17031	  672	  474	0.00000019	!	0.022092	115263.415279	0.016876
  904	17031	  673	  474	0.00000000	!	0.000025	115263.415279	0.016876
  904	17031	  674	  474	0.00033904	!	39.078647	115263.415279	0.017215
  904	17031	  675	  474	0.00003275	!	3.775043	115263.415279	0.017248
  904	17031	  676	  474	0.00000006	!	0.006685	115263.415279	0.017248
  904	17031	  677	  474	0.00011236	!	12.950706	115263.415279	0.017360
  904	17031	  678	  474	0.00000020	!	0.023433	115263.415279	0.017361
  904	17031	  680	  474	0.00002238	!	2.579137	115263.415279	0.017383
  904	17031	  681	  474	0.00000021	!	0.024424	115263.415279	0.017383
  904	17031	  682	  474	0.00000000	!	0.000036	115263.415279	0.017383
  904	17031	  683	  474	0.00000006	!	0.006844	115263.415279	0.017383
  904	17031	  684	  474	0.00000004	!	0.004524	115263.415279	0.017383
  904	17031	  685	  474	0.00000000	!	0.000008	115263.415279	0.017383
  904	17031	  664	  475	0.00000003	!	0.003311	115263.415279	0.017383
  904	17031	  665	  475	0.00000000	!	0.000006	115263.415279	0.017383
  904	17031	  669	  475	0.00000030	!	0.034562	115263.415279	0.017384
  904	17031	  670	  475	0.00131280	!	151.317712	115263.415279	0.018696
  904	17031	  671	  475	0.00022759	!	26.232807	115263.415279	0.018924
  904	17031	  672	  475	0.00026498	!	30.542105	115263.415279	0.019189
  904	17031	  673	  475	0.00003363	!	3.876223	115263.415279	0.019223
  904	17031	  674	  475	0.00005344	!	6.159294	115263.415279	0.019276
  904	17031	  675	  475	0.00000012	!	0.014219	115263.415279	0.019276
  904	17031	  676	  475	0.00003861	!	4.450345	115263.415279	0.019315
  904	17031	  677	  475	0.00002281	!	2.628842	115263.415279	0.019337
  904	17031	  678	  475	0.00004767	!	5.494102	115263.415279	0.019385
  904	17031	  679	  475	0.00013603	!	15.679586	115263.415279	0.019521
  904	17031	  680	  475	0.00115428	!	133.046682	115263.415279	0.020675
  904	17031	  681	  475	0.00047088	!	54.274891	115263.415279	0.021146
  904	17031	  682	  475	0.00003766	!	4.340415	115263.415279	0.021184
  904	17031	  683	  475	0.00000007	!	0.007728	115263.415279	0.021184
  904	17031	  663	  476	0.00001102	!	1.270019	115263.415279	0.021195
  904	17031	  664	  476	0.00000003	!	0.003300	115263.415279	0.021195
  904	17031	  665	  476	0.00005909	!	6.811011	115263.415279	0.021254
  904	17031	  666	  476	0.00000011	!	0.012121	115263.415279	0.021254
  904	17031	  667	  476	0.00006732	!	7.759952	115263.415279	0.021322
  904	17031	  668	  476	0.00000012	!	0.013848	115263.415279	0.021322
  904	17031	  670	  476	0.00000111	!	0.128192	115263.415279	0.021323
  904	17031	  671	  476	0.00001520	!	1.752406	115263.415279	0.021338
  904	17031	  672	  476	0.00000025	!	0.029004	115263.415279	0.021338
  904	17031	  673	  476	0.00000003	!	0.003287	115263.415279	0.021338
  904	17031	  674	  476	0.00028023	!	32.299992	115263.415279	0.021619
  904	17031	  675	  476	0.00003631	!	4.185238	115263.415279	0.021655
  904	17031	  676	  476	0.00005978	!	6.890063	115263.415279	0.021715
  904	17031	  677	  476	0.00119419	!	137.646882	115263.415279	0.022909
  904	17031	  678	  476	0.00044139	!	50.875726	115263.415279	0.023350
  904	17031	  679	  476	0.00175506	!	202.294759	115263.415279	0.025105
  904	17031	  680	  476	0.00299995	!	345.784456	115263.415279	0.028105
  904	17031	  681	  476	0.00046718	!	53.848841	115263.415279	0.028572
  904	17031	  682	  476	0.00253072	!	291.699816	115263.415279	0.031103
  904	17031	  683	  476	0.00000461	!	0.531242	115263.415279	0.031108
  904	17031	  684	  476	0.00142257	!	163.969957	115263.415279	0.032530
  904	17031	  685	  476	0.00036891	!	42.521358	115263.415279	0.032899
  904	17031	  686	  476	0.00007178	!	8.273915	115263.415279	0.032971
  904	17031	  687	  476	0.00000013	!	0.015014	115263.415279	0.032971
  904	17031	  663	  477	0.00000001	!	0.001168	115263.415279	0.032971
  904	17031	  664	  477	0.00008716	!	10.046729	115263.415279	0.033058
  904	17031	  665	  477	0.00000021	!	0.023647	115263.415279	0.033059
  904	17031	  666	  477	0.00052365	!	60.358029	115263.415279	0.033582
  904	17031	  667	  477	0.00011271	!	12.991625	115263.415279	0.033695
  904	17031	  668	  477	0.00010505	!	12.108917	115263.415279	0.033800
  904	17031	  669	  477	0.00017567	!	20.248487	115263.415279	0.033976
  904	17031	  670	  477	0.00078732	!	90.748756	115263.415279	0.034763
  904	17031	  671	  477	0.00003956	!	4.559889	115263.415279	0.034803
  904	17031	  672	  477	0.00000007	!	0.007891	115263.415279	0.034803
  904	17031	  674	  477	0.00053897	!	62.123861	115263.415279	0.035342
  904	17031	  675	  477	0.00074292	!	85.631065	115263.415279	0.036084
  904	17031	  676	  477	0.00004350	!	5.014428	115263.415279	0.036128
  904	17031	  677	  477	0.00013799	!	15.905068	115263.415279	0.036266
  904	17031	  678	  477	0.00372914	!	429.833664	115263.415279	0.039995
  904	17031	  679	  477	0.00361872	!	417.105564	115263.415279	0.043614
  904	17031	  680	  477	0.00184833	!	213.044914	115263.415279	0.045462
  904	17031	  681	  477	0.00137874	!	158.918359	115263.415279	0.046841
  904	17031	  682	  477	0.00182045	!	209.831686	115263.415279	0.048661
  904	17031	  683	  477	0.00005187	!	5.979138	115263.415279	0.048713
  904	17031	  684	  477	0.00017601	!	20.286971	115263.415279	0.048889
  904	17031	  685	  477	0.00108854	!	125.469123	115263.415279	0.049978
  904	17031	  686	  477	0.00105766	!	121.909695	115263.415279	0.051035
  904	17031	  687	  477	0.00000193	!	0.222886	115263.415279	0.051037
  904	17031	  664	  478	0.00013745	!	15.843192	115263.415279	0.051175
  904	17031	  665	  478	0.00005777	!	6.658970	115263.415279	0.051233
  904	17031	  666	  478	0.00070308	!	81.039574	115263.415279	0.051936
  904	17031	  667	  478	0.00005830	!	6.720316	115263.415279	0.051994
  904	17031	  668	  478	0.00000019	!	0.022044	115263.415279	0.051994
  904	17031	  669	  478	0.00000015	!	0.017271	115263.415279	0.051994
  904	17031	  670	  478	0.00043957	!	50.666515	115263.415279	0.052434
  904	17031	  671	  478	0.00000082	!	0.094543	115263.415279	0.052435
  904	17031	  672	  478	0.00005463	!	6.297333	115263.415279	0.052489
  904	17031	  673	  478	0.00265947	!	306.539555	115263.415279	0.055149
  904	17031	  674	  478	0.00002136	!	2.462258	115263.415279	0.055170
  904	17031	  675	  478	0.00040455	!	46.629897	115263.415279	0.055575
  904	17031	  676	  478	0.00009103	!	10.492820	115263.415279	0.055666
  904	17031	  677	  478	0.00140103	!	161.487956	115263.415279	0.057067
  904	17031	  678	  478	0.00032178	!	37.089156	115263.415279	0.057389
  904	17031	  679	  478	0.00100101	!	115.380375	115263.415279	0.058390
  904	17031	  680	  478	0.00198060	!	228.290381	115263.415279	0.060370
  904	17031	  681	  478	0.00600641	!	692.319409	115263.415279	0.066377
  904	17031	  682	  478	0.00017225	!	19.853816	115263.415279	0.066549
  904	17031	  683	  478	0.00003213	!	3.703504	115263.415279	0.066581
  904	17031	  684	  478	0.00011308	!	13.034560	115263.415279	0.066694
  904	17031	  685	  478	0.00005770	!	6.650988	115263.415279	0.066752
  904	17031	  686	  478	0.00019848	!	22.877232	115263.415279	0.066950
  904	17031	  687	  478	0.00000036	!	0.041883	115263.415279	0.066951
  904	17031	  656	  479	0.00000337	!	0.388860	115263.415279	0.066954
  904	17031	  657	  479	0.00000120	!	0.138067	115263.415279	0.066955
  904	17031	  658	  479	0.00000000	!	0.000120	115263.415279	0.066955
  904	17031	  662	  479	0.00000492	!	0.567361	115263.415279	0.066960
  904	17031	  663	  479	0.00000015	!	0.017082	115263.415279	0.066960
  904	17031	  664	  479	0.00000012	!	0.013545	115263.415279	0.066960
  904	17031	  665	  479	0.00000005	!	0.005696	115263.415279	0.066960
  904	17031	  666	  479	0.00025709	!	29.633371	115263.415279	0.067218
  904	17031	  667	  479	0.00000051	!	0.058424	115263.415279	0.067218
  904	17031	  668	  479	0.00000000	!	0.000010	115263.415279	0.067218
  904	17031	  670	  479	0.00000038	!	0.043276	115263.415279	0.067218
  904	17031	  671	  479	0.00000000	!	0.000078	115263.415279	0.067218
  904	17031	  672	  479	0.00000792	!	0.912760	115263.415279	0.067226
  904	17031	  673	  479	0.00000229	!	0.263854	115263.415279	0.067229
  904	17031	  674	  479	0.00012430	!	14.326770	115263.415279	0.067353
  904	17031	  675	  479	0.00000057	!	0.065638	115263.415279	0.067353
  904	17031	  676	  479	0.00001114	!	1.283969	115263.415279	0.067365
  904	17031	  677	  479	0.00058137	!	67.011000	115263.415279	0.067946
  904	17031	  678	  479	0.00001003	!	1.156403	115263.415279	0.067956
  904	17031	  679	  479	0.00015056	!	17.354390	115263.415279	0.068107
  904	17031	  680	  479	0.00057883	!	66.718104	115263.415279	0.068685
  904	17031	  681	  479	0.00101976	!	117.541111	115263.415279	0.069705
  904	17031	  682	  479	0.00011529	!	13.288746	115263.415279	0.069820
  904	17031	  683	  479	0.00309688	!	356.957105	115263.415279	0.072917
  904	17031	  684	  479	0.00004021	!	4.634767	115263.415279	0.072958
  904	17031	  685	  479	0.00011455	!	13.203848	115263.415279	0.073072
  904	17031	  686	  479	0.00004762	!	5.489126	115263.415279	0.073120
  904	17031	  687	  479	0.00000008	!	0.009417	115263.415279	0.073120
  904	17031	  655	  480	0.00001468	!	1.692638	115263.415279	0.073134
  904	17031	  656	  480	0.00001643	!	1.893427	115263.415279	0.073151
  904	17031	  657	  480	0.00012805	!	14.759482	115263.415279	0.073279
  904	17031	  658	  480	0.00000023	!	0.025966	115263.415279	0.073279
  904	17031	  662	  480	0.00002076	!	2.392572	115263.415279	0.073300
  904	17031	  663	  480	0.00000006	!	0.007473	115263.415279	0.073300
  904	17031	  666	  480	0.00012541	!	14.455501	115263.415279	0.073425
  904	17031	  667	  480	0.00000022	!	0.025761	115263.415279	0.073426
  904	17031	  672	  480	0.00000001	!	0.000778	115263.415279	0.073426
  904	17031	  673	  480	0.00003928	!	4.527108	115263.415279	0.073465
  904	17031	  674	  480	0.00000018	!	0.020436	115263.415279	0.073465
  904	17031	  675	  480	0.00010068	!	11.605147	115263.415279	0.073566
  904	17031	  676	  480	0.00002900	!	3.342972	115263.415279	0.073595
  904	17031	  677	  480	0.00060987	!	70.295269	115263.415279	0.074205
  904	17031	  678	  480	0.00005055	!	5.826263	115263.415279	0.074255
  904	17031	  679	  480	0.00006313	!	7.276299	115263.415279	0.074318
  904	17031	  680	  480	0.00008367	!	9.643551	115263.415279	0.074402
  904	17031	  681	  480	0.00092442	!	106.551258	115263.415279	0.075326
  904	17031	  682	  480	0.00027280	!	31.443451	115263.415279	0.075599
  904	17031	  683	  480	0.00010953	!	12.625196	115263.415279	0.075709
  904	17031	  684	  480	0.00002891	!	3.331818	115263.415279	0.075738
  904	17031	  685	  480	0.00000015	!	0.017361	115263.415279	0.075738
  904	17031	  686	  480	0.00000004	!	0.004668	115263.415279	0.075738
  904	17031	  655	  481	0.00005559	!	6.407665	115263.415279	0.075793
  904	17031	  656	  481	0.00014939	!	17.219176	115263.415279	0.075943
  904	17031	  657	  481	0.00000037	!	0.042916	115263.415279	0.075943
  904	17031	  658	  481	0.00000000	!	0.000022	115263.415279	0.075943
  904	17031	  659	  481	0.00001143	!	1.317151	115263.415279	0.075955
  904	17031	  660	  481	0.00068927	!	79.447296	115263.415279	0.076644
  904	17031	  661	  481	0.00000122	!	0.140392	115263.415279	0.076645
  904	17031	  662	  481	0.00000003	!	0.003621	115263.415279	0.076645
  904	17031	  663	  481	0.00000000	!	0.000006	115263.415279	0.076645
  904	17031	  665	  481	0.00003946	!	4.548102	115263.415279	0.076685
  904	17031	  666	  481	0.00017306	!	19.946960	115263.415279	0.076858
  904	17031	  667	  481	0.00000031	!	0.035532	115263.415279	0.076858
  904	17031	  673	  481	0.00105107	!	121.149939	115263.415279	0.077909
  904	17031	  674	  481	0.00096563	!	111.302117	115263.415279	0.078875
  904	17031	  675	  481	0.00007218	!	8.319778	115263.415279	0.078947
  904	17031	  676	  481	0.00027848	!	32.098059	115263.415279	0.079225
  904	17031	  677	  481	0.00061695	!	71.111235	115263.415279	0.079842
  904	17031	  678	  481	0.00016252	!	18.733122	115263.415279	0.080005
  904	17031	  679	  481	0.00038073	!	43.884479	115263.415279	0.080386
  904	17031	  680	  481	0.00032329	!	37.262961	115263.415279	0.080709
  904	17031	  681	  481	0.00048984	!	56.460083	115263.415279	0.081199
  904	17031	  682	  481	0.00000112	!	0.129473	115263.415279	0.081200
  904	17031	  683	  481	0.00000009	!	0.010599	115263.415279	0.081200
  904	17031	  684	  481	0.00001526	!	1.758487	115263.415279	0.081215
  904	17031	  685	  481	0.00043635	!	50.294659	115263.415279	0.081651
  904	17031	  686	  481	0.00000080	!	0.091996	115263.415279	0.081652
  904	17031	  655	  482	0.00041636	!	47.991156	115263.415279	0.082069
  904	17031	  656	  482	0.00038726	!	44.636887	115263.415279	0.082456
  904	17031	  657	  482	0.00002010	!	2.317041	115263.415279	0.082476
  904	17031	  658	  482	0.00000003	!	0.003940	115263.415279	0.082476
  904	17031	  659	  482	0.00000001	!	0.001137	115263.415279	0.082476
  904	17031	  660	  482	0.00000059	!	0.068553	115263.415279	0.082477
  904	17031	  661	  482	0.00000000	!	0.000121	115263.415279	0.082477
  904	17031	  665	  482	0.00000003	!	0.003924	115263.415279	0.082477
  904	17031	  666	  482	0.00000015	!	0.017201	115263.415279	0.082477
  904	17031	  667	  482	0.00000000	!	0.000031	115263.415279	0.082477
  904	17031	  668	  482	0.00008874	!	10.228969	115263.415279	0.082566
  904	17031	  669	  482	0.00014416	!	16.616437	115263.415279	0.082710
  904	17031	  670	  482	0.00002480	!	2.858866	115263.415279	0.082735
  904	17031	  671	  482	0.00000004	!	0.005070	115263.415279	0.082735
  904	17031	  672	  482	0.00013900	!	16.021085	115263.415279	0.082874
  904	17031	  673	  482	0.00027105	!	31.242560	115263.415279	0.083145
  904	17031	  674	  482	0.00250962	!	289.266991	115263.415279	0.085654
  904	17031	  675	  482	0.00088545	!	102.059892	115263.415279	0.086540
  904	17031	  676	  482	0.00046705	!	53.834270	115263.415279	0.087007
  904	17031	  677	  482	0.00059005	!	68.011105	115263.415279	0.087597
  904	17031	  678	  482	0.00042538	!	49.030611	115263.415279	0.088022
  904	17031	  679	  482	0.00081309	!	93.719232	115263.415279	0.088835
  904	17031	  680	  482	0.00081552	!	93.999454	115263.415279	0.089651
  904	17031	  681	  482	0.00080603	!	92.905935	115263.415279	0.090457
  904	17031	  682	  482	0.00019321	!	22.270559	115263.415279	0.090650
  904	17031	  683	  482	0.00010331	!	11.908391	115263.415279	0.090753
  904	17031	  684	  482	0.00007999	!	9.220287	115263.415279	0.090833
  904	17031	  685	  482	0.00044074	!	50.801345	115263.415279	0.091274
  904	17031	  686	  482	0.00000081	!	0.092898	115263.415279	0.091275
  904	17031	  655	  483	0.00012589	!	14.510906	115263.415279	0.091401
  904	17031	  656	  483	0.00126788	!	146.140518	115263.415279	0.092669
  904	17031	  657	  483	0.00018354	!	21.154874	115263.415279	0.092852
  904	17031	  658	  483	0.00005383	!	6.204141	115263.415279	0.092906
  904	17031	  659	  483	0.00017568	!	20.249707	115263.415279	0.093082
  904	17031	  660	  483	0.00000033	!	0.037674	115263.415279	0.093082
  904	17031	  668	  483	0.00000008	!	0.008852	115263.415279	0.093082
  904	17031	  669	  483	0.00001702	!	1.962256	115263.415279	0.093099
  904	17031	  670	  483	0.00000005	!	0.005960	115263.415279	0.093099
  904	17031	  671	  483	0.00014912	!	17.188365	115263.415279	0.093248
  904	17031	  672	  483	0.00150731	!	173.737266	115263.415279	0.094756
  904	17031	  673	  483	0.00045878	!	52.880337	115263.415279	0.095214
  904	17031	  674	  483	0.00211607	!	243.905089	115263.415279	0.097330
  904	17031	  675	  483	0.00159495	!	183.839157	115263.415279	0.098925
  904	17031	  676	  483	0.00013902	!	16.024287	115263.415279	0.099064
  904	17031	  677	  483	0.00055294	!	63.733761	115263.415279	0.099617
  904	17031	  678	  483	0.00014102	!	16.255016	115263.415279	0.099758
  904	17031	  679	  483	0.00006370	!	7.342214	115263.415279	0.099822
  904	17031	  680	  483	0.00022955	!	26.459252	115263.415279	0.100052
  904	17031	  681	  483	0.00011883	!	13.696445	115263.415279	0.100170
  904	17031	  682	  483	0.00008285	!	9.549202	115263.415279	0.100253
  904	17031	  683	  483	0.00009694	!	11.173222	115263.415279	0.100350
  904	17031	  684	  483	0.00087095	!	100.389210	115263.415279	0.101221
  904	17031	  685	  483	0.00053744	!	61.947205	115263.415279	0.101759
  904	17031	  686	  483	0.00000098	!	0.112982	115263.415279	0.101760
  904	17031	  659	  484	0.00001351	!	1.557783	115263.415279	0.101773
  904	17031	  660	  484	0.00162277	!	187.045522	115263.415279	0.103396
  904	17031	  661	  484	0.00000343	!	0.394951	115263.415279	0.103399
  904	17031	  668	  484	0.00035899	!	41.378201	115263.415279	0.103758
  904	17031	  669	  484	0.00013922	!	16.047474	115263.415279	0.103898
  904	17031	  670	  484	0.00000025	!	0.028585	115263.415279	0.103898
  904	17031	  671	  484	0.00671206	!	773.654882	115263.415279	0.110610
  904	17031	  672	  484	0.00282296	!	325.384365	115263.415279	0.113433
  904	17031	  673	  484	0.00078744	!	90.763110	115263.415279	0.114220
  904	17031	  674	  484	0.00006093	!	7.022904	115263.415279	0.114281
  904	17031	  675	  484	0.00006541	!	7.539786	115263.415279	0.114347
  904	17031	  676	  484	0.00005813	!	6.699715	115263.415279	0.114405
  904	17031	  677	  484	0.00021902	!	25.245228	115263.415279	0.114624
  904	17031	  678	  484	0.00010744	!	12.383988	115263.415279	0.114731
  904	17031	  679	  484	0.00005109	!	5.888458	115263.415279	0.114782
  904	17031	  680	  484	0.00005985	!	6.898814	115263.415279	0.114842
  904	17031	  681	  484	0.00003971	!	4.576887	115263.415279	0.114882
  904	17031	  682	  484	0.00173372	!	199.834861	115263.415279	0.116616
  904	17031	  683	  484	0.00340845	!	392.869428	115263.415279	0.120024
  904	17031	  684	  484	0.00020118	!	23.189045	115263.415279	0.120225
  904	17031	  685	  484	0.00128551	!	148.172789	115263.415279	0.121511
  904	17031	  686	  484	0.00000235	!	0.270970	115263.415279	0.121513
  904	17031	  660	  485	0.00001991	!	2.294540	115263.415279	0.121533
  904	17031	  661	  485	0.00006606	!	7.614032	115263.415279	0.121599
  904	17031	  662	  485	0.00000012	!	0.013747	115263.415279	0.121599
  904	17031	  668	  485	0.00009033	!	10.411210	115263.415279	0.121689
  904	17031	  669	  485	0.00013662	!	15.747854	115263.415279	0.121826
  904	17031	  670	  485	0.00008718	!	10.048604	115263.415279	0.121913
  904	17031	  671	  485	0.00026048	!	30.023818	115263.415279	0.122174
  904	17031	  672	  485	0.00039883	!	45.971037	115263.415279	0.122573
  904	17031	  673	  485	0.00002740	!	3.158715	115263.415279	0.122600
  904	17031	  674	  485	0.00029334	!	33.811922	115263.415279	0.122893
  904	17031	  675	  485	0.00086930	!	100.198186	115263.415279	0.123763
  904	17031	  676	  485	0.00023873	!	27.517037	115263.415279	0.124001
  904	17031	  677	  485	0.00056435	!	65.048847	115263.415279	0.124566
  904	17031	  678	  485	0.00080513	!	92.802098	115263.415279	0.125371
  904	17031	  679	  485	0.00031054	!	35.793510	115263.415279	0.125681
  904	17031	  680	  485	0.00029234	!	33.695532	115263.415279	0.125974
  904	17031	  681	  485	0.00046051	!	53.080353	115263.415279	0.126434
  904	17031	  682	  485	0.00008718	!	10.048291	115263.415279	0.126521
  904	17031	  683	  485	0.00025239	!	29.091572	115263.415279	0.126774
  904	17031	  684	  485	0.00053261	!	61.390494	115263.415279	0.127306
  904	17031	  685	  485	0.00040497	!	46.678387	115263.415279	0.127711
  904	17031	  686	  485	0.00000074	!	0.085182	115263.415279	0.127712
  904	17031	  661	  486	0.00000005	!	0.005399	115263.415279	0.127712
  904	17031	  662	  486	0.00046376	!	53.454704	115263.415279	0.128176
  904	17031	  663	  486	0.00000084	!	0.096488	115263.415279	0.128177
  904	17031	  667	  486	0.00001901	!	2.191090	115263.415279	0.128196
  904	17031	  668	  486	0.00033291	!	38.372439	115263.415279	0.128529
  904	17031	  669	  486	0.00123806	!	142.702598	115263.415279	0.129767
  904	17031	  670	  486	0.00060611	!	69.862681	115263.415279	0.130373
  904	17031	  671	  486	0.00004655	!	5.365592	115263.415279	0.130419
  904	17031	  672	  486	0.00003646	!	4.201958	115263.415279	0.130456
  904	17031	  673	  486	0.00002517	!	2.901588	115263.415279	0.130481
  904	17031	  674	  486	0.00022422	!	25.844485	115263.415279	0.130705
  904	17031	  675	  486	0.00017866	!	20.593320	115263.415279	0.130884
  904	17031	  676	  486	0.00023123	!	26.652797	115263.415279	0.131115
  904	17031	  677	  486	0.00016215	!	18.690039	115263.415279	0.131277
  904	17031	  678	  486	0.00021795	!	25.121443	115263.415279	0.131495
  904	17031	  679	  486	0.00018513	!	21.338156	115263.415279	0.131680
  904	17031	  680	  486	0.00031492	!	36.298806	115263.415279	0.131995
  904	17031	  681	  486	0.00142552	!	164.310244	115263.415279	0.133421
  904	17031	  682	  486	0.00000267	!	0.307347	115263.415279	0.133423
  904	17031	  683	  486	0.00009871	!	11.377116	115263.415279	0.133522
  904	17031	  684	  486	0.00029626	!	34.148111	115263.415279	0.133818
  904	17031	  685	  486	0.00064729	!	74.608668	115263.415279	0.134466
  904	17031	  686	  486	0.00000118	!	0.136364	115263.415279	0.134467
  904	17031	  662	  487	0.00032490	!	37.449455	115263.415279	0.134792
  904	17031	  663	  487	0.00000058	!	0.066381	115263.415279	0.134792
  904	17031	  666	  487	0.00004344	!	5.007124	115263.415279	0.134836
  904	17031	  667	  487	0.00011030	!	12.713445	115263.415279	0.134946
  904	17031	  668	  487	0.00059755	!	68.875754	115263.415279	0.135544
  904	17031	  669	  487	0.00083474	!	96.214461	115263.415279	0.136378
  904	17031	  670	  487	0.00018490	!	21.312470	115263.415279	0.136563
  904	17031	  671	  487	0.00000037	!	0.042448	115263.415279	0.136564
  904	17031	  672	  487	0.00019624	!	22.619602	115263.415279	0.136760
  904	17031	  673	  487	0.00005883	!	6.780538	115263.415279	0.136819
  904	17031	  674	  487	0.00005958	!	6.866837	115263.415279	0.136878
  904	17031	  675	  487	0.00013977	!	16.110829	115263.415279	0.137018
  904	17031	  676	  487	0.00019778	!	22.797347	115263.415279	0.137216
  904	17031	  677	  487	0.00015566	!	17.941453	115263.415279	0.137372
  904	17031	  678	  487	0.00023668	!	27.281111	115263.415279	0.137608
  904	17031	  679	  487	0.00011477	!	13.228737	115263.415279	0.137723
  904	17031	  680	  487	0.00030177	!	34.782538	115263.415279	0.138025
  904	17031	  681	  487	0.00778495	!	897.319377	115263.415279	0.145810
  904	17031	  682	  487	0.00277126	!	319.424446	115263.415279	0.148581
  904	17031	  683	  487	0.00416909	!	480.544088	115263.415279	0.152750
  904	17031	  684	  487	0.00047922	!	55.235958	115263.415279	0.153229
  904	17031	  685	  487	0.00037582	!	43.318762	115263.415279	0.153605
  904	17031	  686	  487	0.00000069	!	0.079059	115263.415279	0.153606
  904	17031	  662	  488	0.00000028	!	0.032837	115263.415279	0.153606
  904	17031	  663	  488	0.01102011	!	1270.215004	115263.415279	0.164626
  904	17031	  664	  488	0.00103658	!	119.479718	115263.415279	0.165663
  904	17031	  665	  488	0.00004888	!	5.633505	115263.415279	0.165712
  904	17031	  666	  488	0.00044598	!	51.405496	115263.415279	0.166158
  904	17031	  667	  488	0.00015317	!	17.654853	115263.415279	0.166311
  904	17031	  668	  488	0.00152414	!	175.677188	115263.415279	0.167835
  904	17031	  669	  488	0.00037200	!	42.878049	115263.415279	0.168207
  904	17031	  670	  488	0.00026616	!	30.678340	115263.415279	0.168473
  904	17031	  671	  488	0.00010666	!	12.293592	115263.415279	0.168580
  904	17031	  672	  488	0.00025048	!	28.870773	115263.415279	0.168830
  904	17031	  673	  488	0.00013335	!	15.370502	115263.415279	0.168964
  904	17031	  674	  488	0.00040061	!	46.175506	115263.415279	0.169364
  904	17031	  675	  488	0.00045971	!	52.988281	115263.415279	0.169824
  904	17031	  676	  488	0.00058267	!	67.160650	115263.415279	0.170407
  904	17031	  677	  488	0.00028447	!	32.788744	115263.415279	0.170691
  904	17031	  678	  488	0.00101035	!	116.456728	115263.415279	0.171701
  904	17031	  679	  488	0.00005014	!	5.779543	115263.415279	0.171752
  904	17031	  680	  488	0.00019282	!	22.224626	115263.415279	0.171944
  904	17031	  681	  488	0.00006451	!	7.435689	115263.415279	0.172009
  904	17031	  682	  488	0.00154190	!	177.724588	115263.415279	0.173551
  904	17031	  683	  488	0.00010674	!	12.302872	115263.415279	0.173657
  904	17031	  684	  488	0.00013009	!	14.995065	115263.415279	0.173788
  904	17031	  685	  488	0.00000057	!	0.065231	115263.415279	0.173788
  904	17031	  686	  488	0.00000000	!	0.000069	115263.415279	0.173788
  904	17031	  661	  489	0.00065558	!	75.564231	115263.415279	0.174444
  904	17031	  662	  489	0.00000370	!	0.426394	115263.415279	0.174447
  904	17031	  663	  489	0.00372487	!	429.341460	115263.415279	0.178172
  904	17031	  664	  489	0.03352221	!	3863.884215	115263.415279	0.211694
  904	17031	  665	  489	0.00052646	!	60.682009	115263.415279	0.212221
  904	17031	  666	  489	0.00037398	!	43.106435	115263.415279	0.212595
  904	17031	  667	  489	0.00073115	!	84.274638	115263.415279	0.213326
  904	17031	  668	  489	0.00071765	!	82.718471	115263.415279	0.214044
  904	17031	  669	  489	0.00022404	!	25.824013	115263.415279	0.214268
  904	17031	  670	  489	0.00004984	!	5.745071	115263.415279	0.214318
  904	17031	  671	  489	0.00001056	!	1.217246	115263.415279	0.214328
  904	17031	  672	  489	0.00016135	!	18.597404	115263.415279	0.214490
  904	17031	  673	  489	0.00011467	!	13.217782	115263.415279	0.214604
  904	17031	  674	  489	0.00027709	!	31.938855	115263.415279	0.214881
  904	17031	  675	  489	0.00013781	!	15.885010	115263.415279	0.215019
  904	17031	  676	  489	0.00018145	!	20.914130	115263.415279	0.215201
  904	17031	  677	  489	0.00031060	!	35.800864	115263.415279	0.215511
  904	17031	  678	  489	0.00018336	!	21.134159	115263.415279	0.215695
  904	17031	  679	  489	0.00087581	!	100.948681	115263.415279	0.216570
  904	17031	  680	  489	0.00027055	!	31.183996	115263.415279	0.216841
  904	17031	  681	  489	0.00129823	!	149.638706	115263.415279	0.218139
  904	17031	  682	  489	0.00035984	!	41.475948	115263.415279	0.218499
  904	17031	  683	  489	0.00030896	!	35.612121	115263.415279	0.218808
  904	17031	  684	  489	0.00024317	!	28.028281	115263.415279	0.219051
  904	17031	  685	  489	0.00000044	!	0.051083	115263.415279	0.219052
  904	17031	  661	  490	0.00008593	!	9.904077	115263.415279	0.219137
  904	17031	  662	  490	0.00014148	!	16.307842	115263.415279	0.219279
  904	17031	  663	  490	0.00041519	!	47.855671	115263.415279	0.219694
  904	17031	  664	  490	0.00109609	!	126.339645	115263.415279	0.220790
  904	17031	  665	  490	0.00013586	!	15.659736	115263.415279	0.220926
  904	17031	  666	  490	0.00039760	!	45.829002	115263.415279	0.221324
  904	17031	  667	  490	0.00009221	!	10.628903	115263.415279	0.221416
  904	17031	  668	  490	0.00035495	!	40.912279	115263.415279	0.221771
  904	17031	  669	  490	0.00544755	!	627.902854	115263.415279	0.227218
  904	17031	  670	  490	0.00013708	!	15.800384	115263.415279	0.227355
  904	17031	  671	  490	0.00020587	!	23.729469	115263.415279	0.227561
  904	17031	  672	  490	0.00095979	!	110.628264	115263.415279	0.228521
  904	17031	  673	  490	0.00040585	!	46.779628	115263.415279	0.228927
  904	17031	  674	  490	0.00064173	!	73.967955	115263.415279	0.229569
  904	17031	  675	  490	0.00602816	!	694.826282	115263.415279	0.235597
  904	17031	  676	  490	0.00043097	!	49.674996	115263.415279	0.236028
  904	17031	  677	  490	0.00045527	!	52.476432	115263.415279	0.236483
  904	17031	  678	  490	0.00057711	!	66.519829	115263.415279	0.237060
  904	17031	  679	  490	0.00028099	!	32.387340	115263.415279	0.237341
  904	17031	  680	  490	0.00023374	!	26.941443	115263.415279	0.237575
  904	17031	  681	  490	0.00027213	!	31.366398	115263.415279	0.237847
  904	17031	  682	  490	0.00027676	!	31.900009	115263.415279	0.238124
  904	17031	  683	  490	0.00034383	!	39.631037	115263.415279	0.238468
  904	17031	  684	  490	0.00024338	!	28.052570	115263.415279	0.238711
  904	17031	  685	  490	0.00000044	!	0.051114	115263.415279	0.238711
  904	17031	  661	  491	0.00182587	!	210.456107	115263.415279	0.240537
  904	17031	  662	  491	0.00067871	!	78.230713	115263.415279	0.241216
  904	17031	  663	  491	0.00014258	!	16.433961	115263.415279	0.241359
  904	17031	  664	  491	0.00113477	!	130.797537	115263.415279	0.242493
  904	17031	  665	  491	0.00210212	!	242.297050	115263.415279	0.244596
  904	17031	  666	  491	0.00093489	!	107.758735	115263.415279	0.245530
  904	17031	  667	  491	0.00179558	!	206.964886	115263.415279	0.247326
  904	17031	  668	  491	0.00103142	!	118.884941	115263.415279	0.248357
  904	17031	  669	  491	0.01086317	!	1252.125981	115263.415279	0.259221
  904	17031	  670	  491	0.00660065	!	760.813062	115263.415279	0.265821
  904	17031	  671	  491	0.00434600	!	500.934763	115263.415279	0.270167
  904	17031	  672	  491	0.00108187	!	124.699861	115263.415279	0.271249
  904	17031	  673	  491	0.00178377	!	205.603358	115263.415279	0.273033
  904	17031	  674	  491	0.00068207	!	78.617223	115263.415279	0.273715
  904	17031	  675	  491	0.00013614	!	15.691834	115263.415279	0.273851
  904	17031	  676	  491	0.00153997	!	177.502035	115263.415279	0.275391
  904	17031	  677	  491	0.00010136	!	11.683284	115263.415279	0.275492
  904	17031	  678	  491	0.00048636	!	56.059429	115263.415279	0.275979
  904	17031	  679	  491	0.00006895	!	7.947350	115263.415279	0.276048
  904	17031	  680	  491	0.00023937	!	27.590385	115263.415279	0.276287
  904	17031	  681	  491	0.00016749	!	19.305242	115263.415279	0.276455
  904	17031	  682	  491	0.00032264	!	37.188745	115263.415279	0.276777
  904	17031	  683	  491	0.00026318	!	30.335205	115263.415279	0.277040
  904	17031	  684	  491	0.00000069	!	0.079962	115263.415279	0.277041
  904	17031	  685	  491	0.00000000	!	0.000045	115263.415279	0.277041
  904	17031	  661	  492	0.00055689	!	64.188912	115263.415279	0.277598
  904	17031	  662	  492	0.00095396	!	109.956593	115263.415279	0.278552
  904	17031	  663	  492	0.00036589	!	42.173266	115263.415279	0.278918
  904	17031	  664	  492	0.00181004	!	208.631335	115263.415279	0.280728
  904	17031	  665	  492	0.00146833	!	169.244651	115263.415279	0.282196
  904	17031	  666	  492	0.00024573	!	28.323825	115263.415279	0.282442
  904	17031	  667	  492	0.00233292	!	268.900372	115263.415279	0.284775
  904	17031	  668	  492	0.00057896	!	66.733402	115263.415279	0.285354
  904	17031	  669	  492	0.00112906	!	130.138789	115263.415279	0.286483
  904	17031	  670	  492	0.00223749	!	257.900402	115263.415279	0.288720
  904	17031	  671	  492	0.00205961	!	237.397955	115263.415279	0.290780
  904	17031	  672	  492	0.00027142	!	31.284818	115263.415279	0.291051
  904	17031	  673	  492	0.00018383	!	21.189075	115263.415279	0.291235
  904	17031	  674	  492	0.00030756	!	35.450576	115263.415279	0.291543
  904	17031	  675	  492	0.00026857	!	30.956537	115263.415279	0.291811
  904	17031	  676	  492	0.00026556	!	30.608909	115263.415279	0.292077
  904	17031	  677	  492	0.00070088	!	80.785765	115263.415279	0.292778
  904	17031	  678	  492	0.00022547	!	25.988786	115263.415279	0.293003
  904	17031	  679	  492	0.00018646	!	21.492340	115263.415279	0.293190
  904	17031	  680	  492	0.00088417	!	101.912246	115263.415279	0.294074
  904	17031	  681	  492	0.00033158	!	38.218986	115263.415279	0.294405
  904	17031	  682	  492	0.00009832	!	11.332657	115263.415279	0.294504
  904	17031	  683	  492	0.00000041	!	0.047356	115263.415279	0.294504
  904	17031	  684	  492	0.00000000	!	0.000049	115263.415279	0.294504
  904	17031	  661	  493	0.00004529	!	5.220542	115263.415279	0.294549
  904	17031	  662	  493	0.00011033	!	12.717528	115263.415279	0.294660
  904	17031	  663	  493	0.00000052	!	0.059871	115263.415279	0.294660
  904	17031	  664	  493	0.00042546	!	49.039615	115263.415279	0.295086
  904	17031	  665	  493	0.00106836	!	123.143140	115263.415279	0.296154
  904	17031	  666	  493	0.01330496	!	1533.575646	115263.415279	0.309459
  904	17031	  667	  493	0.00138475	!	159.611182	115263.415279	0.310844
  904	17031	  668	  493	0.00017502	!	20.173298	115263.415279	0.311019
  904	17031	  669	  493	0.00028397	!	32.731144	115263.415279	0.311303
  904	17031	  670	  493	0.00039227	!	45.213892	115263.415279	0.311695
  904	17031	  671	  493	0.00025231	!	29.081786	115263.415279	0.311947
  904	17031	  672	  493	0.00027030	!	31.155813	115263.415279	0.312218
  904	17031	  673	  493	0.00022948	!	26.450968	115263.415279	0.312447
  904	17031	  674	  493	0.00037323	!	43.019709	115263.415279	0.312820
  904	17031	  675	  493	0.00093385	!	107.638389	115263.415279	0.313754
  904	17031	  676	  493	0.00212008	!	244.367116	115263.415279	0.315874
  904	17031	  677	  493	0.00030328	!	34.956603	115263.415279	0.316178
  904	17031	  678	  493	0.00096525	!	111.257525	115263.415279	0.317143
  904	17031	  679	  493	0.00575829	!	663.719705	115263.415279	0.322901
  904	17031	  680	  493	0.00107181	!	123.540244	115263.415279	0.323973
  904	17031	  681	  493	0.00023800	!	27.432855	115263.415279	0.324211
  904	17031	  682	  493	0.00000052	!	0.059501	115263.415279	0.324211
  904	17031	  683	  493	0.00000000	!	0.000018	115263.415279	0.324211
  904	17031	  660	  494	0.00000080	!	0.091970	115263.415279	0.324212
  904	17031	  661	  494	0.00001632	!	1.880679	115263.415279	0.324229
  904	17031	  662	  494	0.00022174	!	25.558752	115263.415279	0.324450
  904	17031	  663	  494	0.00025075	!	28.902846	115263.415279	0.324701
  904	17031	  664	  494	0.00047098	!	54.286858	115263.415279	0.325172
  904	17031	  665	  494	0.00171081	!	197.193299	115263.415279	0.326883
  904	17031	  666	  494	0.00484080	!	557.967341	115263.415279	0.331724
  904	17031	  667	  494	0.00066903	!	77.114736	115263.415279	0.332393
  904	17031	  668	  494	0.00023843	!	27.482780	115263.415279	0.332631
  904	17031	  669	  494	0.00051590	!	59.464741	115263.415279	0.333147
  904	17031	  670	  494	0.00478143	!	551.123564	115263.415279	0.337928
  904	17031	  671	  494	0.00027005	!	31.126569	115263.415279	0.338199
  904	17031	  672	  494	0.00044482	!	51.270929	115263.415279	0.338643
  904	17031	  673	  494	0.00029901	!	34.464557	115263.415279	0.338942
  904	17031	  674	  494	0.00011283	!	13.005594	115263.415279	0.339055
  904	17031	  675	  494	0.00386599	!	445.606825	115263.415279	0.342921
  904	17031	  676	  494	0.00019845	!	22.874241	115263.415279	0.343120
  904	17031	  677	  494	0.00025602	!	29.509934	115263.415279	0.343376
  904	17031	  678	  494	0.00210019	!	242.075357	115263.415279	0.345476
  904	17031	  679	  494	0.00018553	!	21.385281	115263.415279	0.345661
  904	17031	  680	  494	0.00061428	!	70.804548	115263.415279	0.346276
  904	17031	  681	  494	0.00063823	!	73.564018	115263.415279	0.346914
  904	17031	  682	  494	0.00000116	!	0.133602	115263.415279	0.346915
  904	17031	  660	  495	0.00000630	!	0.726082	115263.415279	0.346921
  904	17031	  661	  495	0.00000013	!	0.014929	115263.415279	0.346921
  904	17031	  662	  495	0.00000020	!	0.022868	115263.415279	0.346922
  904	17031	  663	  495	0.00009056	!	10.438499	115263.415279	0.347012
  904	17031	  664	  495	0.00091472	!	105.434189	115263.415279	0.347927
  904	17031	  665	  495	0.00054318	!	62.608449	115263.415279	0.348470
  904	17031	  666	  495	0.00065438	!	75.425600	115263.415279	0.349125
  904	17031	  667	  495	0.00030058	!	34.646396	115263.415279	0.349425
  904	17031	  668	  495	0.00010771	!	12.415169	115263.415279	0.349533
  904	17031	  669	  495	0.00359161	!	413.980750	115263.415279	0.353124
  904	17031	  670	  495	0.00214188	!	246.879907	115263.415279	0.355266
  904	17031	  671	  495	0.00224483	!	258.747305	115263.415279	0.357511
  904	17031	  672	  495	0.00604470	!	696.732430	115263.415279	0.363556
  904	17031	  673	  495	0.02041030	!	2352.561126	115263.415279	0.383966
  904	17031	  674	  495	0.00481541	!	555.041086	115263.415279	0.388782
  904	17031	  675	  495	0.00275440	!	317.481353	115263.415279	0.391536
  904	17031	  676	  495	0.00072795	!	83.905995	115263.415279	0.392264
  904	17031	  677	  495	0.00113263	!	130.551139	115263.415279	0.393397
  904	17031	  678	  495	0.00420883	!	485.124237	115263.415279	0.397605
  904	17031	  679	  495	0.00012221	!	14.086854	115263.415279	0.397728
  904	17031	  680	  495	0.00040616	!	46.815171	115263.415279	0.398134
  904	17031	  681	  495	0.00000131	!	0.150722	115263.415279	0.398135
  904	17031	  682	  495	0.00000000	!	0.000120	115263.415279	0.398135
  904	17031	  660	  496	0.00000001	!	0.001104	115263.415279	0.398135
  904	17031	  661	  496	0.00030162	!	34.766234	115263.415279	0.398437
  904	17031	  662	  496	0.00000053	!	0.061524	115263.415279	0.398437
  904	17031	  663	  496	0.00019713	!	22.722194	115263.415279	0.398634
  904	17031	  664	  496	0.00012006	!	13.838065	115263.415279	0.398754
  904	17031	  665	  496	0.00005542	!	6.387370	115263.415279	0.398810
  904	17031	  666	  496	0.00061431	!	70.807853	115263.415279	0.399424
  904	17031	  667	  496	0.00039132	!	45.104611	115263.415279	0.399815
  904	17031	  668	  496	0.00037555	!	43.286778	115263.415279	0.400191
  904	17031	  669	  496	0.00017201	!	19.826659	115263.415279	0.400363
  904	17031	  670	  496	0.00035549	!	40.975090	115263.415279	0.400718
  904	17031	  671	  496	0.00748281	!	862.494685	115263.415279	0.408201
  904	17031	  672	  496	0.00333132	!	383.978927	115263.415279	0.411533
  904	17031	  673	  496	0.00218224	!	251.533011	115263.415279	0.413715
  904	17031	  674	  496	0.00892323	!	1028.522146	115263.415279	0.422638
  904	17031	  675	  496	0.00114034	!	131.439722	115263.415279	0.423778
  904	17031	  676	  496	0.01256780	!	1448.607355	115263.415279	0.436346
  904	17031	  677	  496	0.00292976	!	337.694060	115263.415279	0.439276
  904	17031	  678	  496	0.00062883	!	72.480667	115263.415279	0.439905
  904	17031	  679	  496	0.00033808	!	38.968673	115263.415279	0.440243
  904	17031	  680	  496	0.00000098	!	0.112409	115263.415279	0.440244
  904	17031	  681	  496	0.00000000	!	0.000076	115263.415279	0.440244
  904	17031	  660	  497	0.00017594	!	20.280012	115263.415279	0.440420
  904	17031	  661	  497	0.00007335	!	8.454174	115263.415279	0.440493
  904	17031	  662	  497	0.00008339	!	9.612237	115263.415279	0.440577
  904	17031	  663	  497	0.00000032	!	0.037451	115263.415279	0.440577
  904	17031	  664	  497	0.00014743	!	16.992906	115263.415279	0.440724
  904	17031	  665	  497	0.00000031	!	0.035875	115263.415279	0.440725
  904	17031	  666	  497	0.00004207	!	4.848830	115263.415279	0.440767
  904	17031	  667	  497	0.00018225	!	21.006552	115263.415279	0.440949
  904	17031	  668	  497	0.00000066	!	0.076350	115263.415279	0.440950
  904	17031	  669	  497	0.00431145	!	496.951976	115263.415279	0.445261
  904	17031	  670	  497	0.00146472	!	168.828704	115263.415279	0.446726
  904	17031	  671	  497	0.00093306	!	107.547484	115263.415279	0.447659
  904	17031	  672	  497	0.00201410	!	232.152066	115263.415279	0.449673
  904	17031	  673	  497	0.00332414	!	383.151400	115263.415279	0.452997
  904	17031	  674	  497	0.00283871	!	327.199626	115263.415279	0.455836
  904	17031	  675	  497	0.00067179	!	77.432623	115263.415279	0.456508
  904	17031	  676	  497	0.00597073	!	688.207125	115263.415279	0.462478
  904	17031	  677	  497	0.00120078	!	138.405608	115263.415279	0.463679
  904	17031	  678	  497	0.00089961	!	103.691604	115263.415279	0.464579
  904	17031	  679	  497	0.00024565	!	28.314023	115263.415279	0.464824
  904	17031	  680	  497	0.00000044	!	0.051031	115263.415279	0.464825
  904	17031	  660	  498	0.00005782	!	6.664404	115263.415279	0.464883
  904	17031	  661	  498	0.00005578	!	6.429440	115263.415279	0.464938
  904	17031	  662	  498	0.00029068	!	33.505271	115263.415279	0.465229
  904	17031	  663	  498	0.00252553	!	291.101238	115263.415279	0.467755
  904	17031	  664	  498	0.00213579	!	246.177983	115263.415279	0.469890
  904	17031	  665	  498	0.00046527	!	53.629082	115263.415279	0.470356
  904	17031	  666	  498	0.00032077	!	36.973334	115263.415279	0.470676
  904	17031	  667	  498	0.00067061	!	77.297304	115263.415279	0.471347
  904	17031	  668	  498	0.00020590	!	23.732875	115263.415279	0.471553
  904	17031	  669	  498	0.00018548	!	21.378945	115263.415279	0.471738
  904	17031	  670	  498	0.00863904	!	995.765175	115263.415279	0.480377
  904	17031	  671	  498	0.00473832	!	546.155204	115263.415279	0.485116
  904	17031	  672	  498	0.00026258	!	30.265931	115263.415279	0.485378
  904	17031	  673	  498	0.00015423	!	17.776545	115263.415279	0.485533
  904	17031	  674	  498	0.00051819	!	59.728069	115263.415279	0.486051
  904	17031	  675	  498	0.00115371	!	132.981046	115263.415279	0.487204
  904	17031	  676	  498	0.00204277	!	235.457117	115263.415279	0.489247
  904	17031	  677	  498	0.00022990	!	26.498847	115263.415279	0.489477
  904	17031	  678	  498	0.00052694	!	60.736577	115263.415279	0.490004
  904	17031	  679	  498	0.00000117	!	0.135315	115263.415279	0.490005
  904	17031	  680	  498	0.00000000	!	0.000046	115263.415279	0.490005
  904	17031	  660	  499	0.00023554	!	27.149699	115263.415279	0.490241
  904	17031	  661	  499	0.00066408	!	76.544132	115263.415279	0.490905
  904	17031	  662	  499	0.00207277	!	238.915120	115263.415279	0.492978
  904	17031	  663	  499	0.00025154	!	28.993678	115263.415279	0.493229
  904	17031	  664	  499	0.00110689	!	127.583527	115263.415279	0.494336
  904	17031	  665	  499	0.00036785	!	42.400053	115263.415279	0.494704
  904	17031	  666	  499	0.00015391	!	17.740680	115263.415279	0.494858
  904	17031	  667	  499	0.00233082	!	268.658203	115263.415279	0.497189
  904	17031	  668	  499	0.00018013	!	20.762236	115263.415279	0.497369
  904	17031	  669	  499	0.00011366	!	13.100575	115263.415279	0.497482
  904	17031	  670	  499	0.00131228	!	151.257761	115263.415279	0.498795
  904	17031	  671	  499	0.00185729	!	214.077518	115263.415279	0.500652
  904	17031	  672	  499	0.00038910	!	44.849058	115263.415279	0.501041
  904	17031	  673	  499	0.00030067	!	34.655781	115263.415279	0.501342
  904	17031	  674	  499	0.00076881	!	88.615965	115263.415279	0.502111
  904	17031	  675	  499	0.00253526	!	292.222822	115263.415279	0.504646
  904	17031	  676	  499	0.00403899	!	465.547925	115263.415279	0.508685
  904	17031	  677	  499	0.00079811	!	91.993215	115263.415279	0.509483
  904	17031	  678	  499	0.00102842	!	118.539331	115263.415279	0.510511
  904	17031	  679	  499	0.00000186	!	0.214478	115263.415279	0.510513
  904	17031	  660	  500	0.00007954	!	9.168327	115263.415279	0.510593
  904	17031	  661	  500	0.00000080	!	0.091728	115263.415279	0.510594
  904	17031	  662	  500	0.00014618	!	16.849682	115263.415279	0.510740
  904	17031	  663	  500	0.00079752	!	91.924613	115263.415279	0.511537
  904	17031	  664	  500	0.00012846	!	14.806489	115263.415279	0.511666
  904	17031	  665	  500	0.00027886	!	32.141933	115263.415279	0.511945
  904	17031	  666	  500	0.00038143	!	43.965403	115263.415279	0.512326
  904	17031	  667	  500	0.00107221	!	123.586242	115263.415279	0.513398
  904	17031	  668	  500	0.00014289	!	16.469483	115263.415279	0.513541
  904	17031	  669	  500	0.00064921	!	74.830648	115263.415279	0.514190
  904	17031	  670	  500	0.00628275	!	724.171167	115263.415279	0.520473
  904	17031	  671	  500	0.00064172	!	73.966845	115263.415279	0.521115
  904	17031	  672	  500	0.00070800	!	81.606922	115263.415279	0.521823
  904	17031	  673	  500	0.00095559	!	110.145055	115263.415279	0.522778
  904	17031	  674	  500	0.00185965	!	214.349766	115263.415279	0.524638
  904	17031	  675	  500	0.00132392	!	152.599534	115263.415279	0.525962
  904	17031	  676	  500	0.00083087	!	95.768853	115263.415279	0.526793
  904	17031	  677	  500	0.00415089	!	478.445863	115263.415279	0.530944
  904	17031	  678	  500	0.00451735	!	520.685579	115263.415279	0.535461
  904	17031	  679	  500	0.00000817	!	0.941844	115263.415279	0.535469
  904	17031	  660	  501	0.00143403	!	165.291546	115263.415279	0.536903
  904	17031	  661	  501	0.00727887	!	838.987750	115263.415279	0.544182
  904	17031	  662	  501	0.00207585	!	239.269950	115263.415279	0.546258
  904	17031	  663	  501	0.00250690	!	288.953638	115263.415279	0.548765
  904	17031	  664	  501	0.00081928	!	94.432973	115263.415279	0.549584
  904	17031	  665	  501	0.00051655	!	59.539686	115263.415279	0.550101
  904	17031	  666	  501	0.00039871	!	45.956129	115263.415279	0.550499
  904	17031	  667	  501	0.00116221	!	133.960276	115263.415279	0.551662
  904	17031	  668	  501	0.00017222	!	19.850100	115263.415279	0.551834
  904	17031	  669	  501	0.00009100	!	10.488440	115263.415279	0.551925
  904	17031	  670	  501	0.00068898	!	79.413739	115263.415279	0.552614
  904	17031	  671	  501	0.00044471	!	51.259014	115263.415279	0.553059
  904	17031	  672	  501	0.00078105	!	90.026183	115263.415279	0.553840
  904	17031	  673	  501	0.00009860	!	11.365255	115263.415279	0.553938
  904	17031	  674	  501	0.00010273	!	11.841012	115263.415279	0.554041
  904	17031	  675	  501	0.00130235	!	150.112897	115263.415279	0.555343
  904	17031	  676	  501	0.00621606	!	716.484728	115263.415279	0.561559
  904	17031	  677	  501	0.00366517	!	422.459449	115263.415279	0.565225
  904	17031	  678	  501	0.00542937	!	625.807668	115263.415279	0.570654
  904	17031	  679	  501	0.00000983	!	1.132498	115263.415279	0.570664
  904	17031	  660	  502	0.00304330	!	350.781068	115263.415279	0.573707
  904	17031	  661	  502	0.00025088	!	28.917582	115263.415279	0.573958
  904	17031	  662	  502	0.00237216	!	273.423532	115263.415279	0.576330
  904	17031	  663	  502	0.00120387	!	138.761656	115263.415279	0.577534
  904	17031	  664	  502	0.00083866	!	96.667301	115263.415279	0.578373
  904	17031	  665	  502	0.00032446	!	37.398111	115263.415279	0.578697
  904	17031	  666	  502	0.00027834	!	32.082868	115263.415279	0.578975
  904	17031	  667	  502	0.00019937	!	22.980368	115263.415279	0.579175
  904	17031	  668	  502	0.00000051	!	0.058788	115263.415279	0.579175
  904	17031	  669	  502	0.00077639	!	89.489621	115263.415279	0.579952
  904	17031	  670	  502	0.00090368	!	104.160689	115263.415279	0.580855
  904	17031	  671	  502	0.00620379	!	715.069604	115263.415279	0.587059
  904	17031	  672	  502	0.00074118	!	85.431162	115263.415279	0.587800
  904	17031	  673	  502	0.00094088	!	108.449384	115263.415279	0.588741
  904	17031	  674	  502	0.00335693	!	386.931758	115263.415279	0.592098
  904	17031	  675	  502	0.00146658	!	169.042858	115263.415279	0.593565
  904	17031	  676	  502	0.00071778	!	82.733498	115263.415279	0.594282
  904	17031	  677	  502	0.00258784	!	298.283543	115263.415279	0.596870
  904	17031	  678	  502	0.00107025	!	123.361237	115263.415279	0.597941
  904	17031	  679	  502	0.00000193	!	0.222536	115263.415279	0.597943
  904	17031	  659	  503	0.00001282	!	1.478133	115263.415279	0.597955
  904	17031	  660	  503	0.00109365	!	126.058160	115263.415279	0.599049
  904	17031	  661	  503	0.00002629	!	3.030083	115263.415279	0.599075
  904	17031	  662	  503	0.00013703	!	15.794750	115263.415279	0.599212
  904	17031	  663	  503	0.00277521	!	319.880031	115263.415279	0.601988
  904	17031	  664	  503	0.00379177	!	437.051889	115263.415279	0.605779
  904	17031	  665	  503	0.00007471	!	8.610824	115263.415279	0.605854
  904	17031	  666	  503	0.00074609	!	85.997028	115263.415279	0.606600
  904	17031	  667	  503	0.00049283	!	56.805522	115263.415279	0.607093
  904	17031	  668	  503	0.00052830	!	60.894057	115263.415279	0.607621
  904	17031	  669	  503	0.00058405	!	67.320046	115263.415279	0.608205
  904	17031	  670	  503	0.00560176	!	645.677529	115263.415279	0.613807
  904	17031	  671	  503	0.00154430	!	178.001652	115263.415279	0.615351
  904	17031	  672	  503	0.00085229	!	98.237982	115263.415279	0.616204
  904	17031	  673	  503	0.00028483	!	32.830836	115263.415279	0.616488
  904	17031	  674	  503	0.00216757	!	249.841915	115263.415279	0.618656
  904	17031	  675	  503	0.00136150	!	156.931523	115263.415279	0.620018
  904	17031	  676	  503	0.00459258	!	529.356217	115263.415279	0.624610
  904	17031	  677	  503	0.00459589	!	529.738536	115263.415279	0.629206
  904	17031	  678	  503	0.00000927	!	1.068622	115263.415279	0.629215
  904	17031	  679	  503	0.00000000	!	0.000203	115263.415279	0.629215
  904	17031	  659	  504	0.00006259	!	7.214659	115263.415279	0.629278
  904	17031	  660	  504	0.00084389	!	97.269114	115263.415279	0.630122
  904	17031	  661	  504	0.00049234	!	56.749104	115263.415279	0.630614
  904	17031	  662	  504	0.00062674	!	72.240606	115263.415279	0.631241
  904	17031	  663	  504	0.00045430	!	52.363873	115263.415279	0.631695
  904	17031	  664	  504	0.00052524	!	60.541051	115263.415279	0.632220
  904	17031	  665	  504	0.00012523	!	14.434894	115263.415279	0.632346
  904	17031	  666	  504	0.00099802	!	115.034747	115263.415279	0.633344
  904	17031	  667	  504	0.00020754	!	23.921431	115263.415279	0.633551
  904	17031	  668	  504	0.00034529	!	39.799589	115263.415279	0.633896
  904	17031	  669	  504	0.00034303	!	39.538345	115263.415279	0.634239
  904	17031	  670	  504	0.00053237	!	61.363003	115263.415279	0.634772
  904	17031	  671	  504	0.00195397	!	225.220707	115263.415279	0.636726
  904	17031	  672	  504	0.00086579	!	99.793850	115263.415279	0.637592
  904	17031	  673	  504	0.00103678	!	119.502655	115263.415279	0.638628
  904	17031	  674	  504	0.00133353	!	153.707482	115263.415279	0.639962
  904	17031	  675	  504	0.00407824	!	470.072185	115263.415279	0.644040
  904	17031	  676	  504	0.00132053	!	152.208245	115263.415279	0.645361
  904	17031	  677	  504	0.00112061	!	129.164992	115263.415279	0.646481
  904	17031	  678	  504	0.00000202	!	0.233214	115263.415279	0.646483
  904	17031	  659	  505	0.00043115	!	49.695757	115263.415279	0.646914
  904	17031	  660	  505	0.00376443	!	433.900605	115263.415279	0.650679
  904	17031	  661	  505	0.00476936	!	549.733151	115263.415279	0.655448
  904	17031	  662	  505	0.00118419	!	136.493576	115263.415279	0.656632
  904	17031	  663	  505	0.00181408	!	209.097371	115263.415279	0.658447
  904	17031	  664	  505	0.00006813	!	7.852726	115263.415279	0.658515
  904	17031	  665	  505	0.00080595	!	92.896879	115263.415279	0.659321
  904	17031	  666	  505	0.00057418	!	66.182424	115263.415279	0.659895
  904	17031	  667	  505	0.00051690	!	59.579648	115263.415279	0.660412
  904	17031	  668	  505	0.00023790	!	27.420891	115263.415279	0.660650
  904	17031	  669	  505	0.00061272	!	70.624349	115263.415279	0.661262
  904	17031	  670	  505	0.00071772	!	82.727279	115263.415279	0.661980
  904	17031	  671	  505	0.00111823	!	128.891150	115263.415279	0.663098
  904	17031	  672	  505	0.00031903	!	36.772488	115263.415279	0.663417
  904	17031	  673	  505	0.00011320	!	13.047804	115263.415279	0.663531
  904	17031	  674	  505	0.00090642	!	104.477401	115263.415279	0.664437
  904	17031	  675	  505	0.00637161	!	734.413058	115263.415279	0.670809
  904	17031	  676	  505	0.00079447	!	91.572869	115263.415279	0.671603
  904	17031	  677	  505	0.00000244	!	0.281190	115263.415279	0.671605
  904	17031	  678	  505	0.00000000	!	0.000214	115263.415279	0.671605
  904	17031	  639	  506	0.00000841	!	0.968949	115263.415279	0.671614
  904	17031	  640	  506	0.00005107	!	5.886251	115263.415279	0.671665
  904	17031	  659	  506	0.00052517	!	60.533239	115263.415279	0.672190
  904	17031	  660	  506	0.00498223	!	574.268870	115263.415279	0.677172
  904	17031	  661	  506	0.00884686	!	1019.719684	115263.415279	0.686019
  904	17031	  662	  506	0.00389117	!	448.509052	115263.415279	0.689910
  904	17031	  663	  506	0.00054711	!	63.062252	115263.415279	0.690457
  904	17031	  664	  506	0.00002431	!	2.802304	115263.415279	0.690482
  904	17031	  665	  506	0.00049356	!	56.889392	115263.415279	0.690975
  904	17031	  666	  506	0.00034296	!	39.530509	115263.415279	0.691318
  904	17031	  667	  506	0.00477616	!	550.516652	115263.415279	0.696094
  904	17031	  668	  506	0.00023756	!	27.382158	115263.415279	0.696332
  904	17031	  669	  506	0.00048667	!	56.095005	115263.415279	0.696819
  904	17031	  670	  506	0.00093079	!	107.285809	115263.415279	0.697749
  904	17031	  671	  506	0.00146980	!	169.413972	115263.415279	0.699219
  904	17031	  672	  506	0.00164989	!	190.171577	115263.415279	0.700869
  904	17031	  673	  506	0.00113608	!	130.948911	115263.415279	0.702005
  904	17031	  674	  506	0.00165486	!	190.744280	115263.415279	0.703660
  904	17031	  675	  506	0.00112175	!	129.296974	115263.415279	0.704782
  904	17031	  676	  506	0.00273261	!	314.970436	115263.415279	0.707514
  904	17031	  677	  506	0.00000493	!	0.568699	115263.415279	0.707519
  904	17031	  638	  507	0.00018608	!	21.447687	115263.415279	0.707705
  904	17031	  639	  507	0.00427885	!	493.194796	115263.415279	0.711984
  904	17031	  640	  507	0.00025379	!	29.252763	115263.415279	0.712238
  904	17031	  641	  507	0.00002041	!	2.352957	115263.415279	0.712259
  904	17031	  642	  507	0.00003861	!	4.449799	115263.415279	0.712297
  904	17031	  643	  507	0.00022796	!	26.275740	115263.415279	0.712525
  904	17031	  644	  507	0.00131640	!	151.732874	115263.415279	0.713841
  904	17031	  645	  507	0.00022007	!	25.366348	115263.415279	0.714062
  904	17031	  646	  507	0.00042592	!	49.093276	115263.415279	0.714487
  904	17031	  647	  507	0.00003567	!	4.110876	115263.415279	0.714523
  904	17031	  648	  507	0.00000497	!	0.573270	115263.415279	0.714528
  904	17031	  659	  507	0.00000057	!	0.065671	115263.415279	0.714529
  904	17031	  660	  507	0.00000460	!	0.530745	115263.415279	0.714533
  904	17031	  661	  507	0.00040850	!	47.085204	115263.415279	0.714942
  904	17031	  662	  507	0.01073055	!	1236.839579	115263.415279	0.725672
  904	17031	  663	  507	0.00001951	!	2.249097	115263.415279	0.725692
  904	17031	  664	  507	0.00012110	!	13.958067	115263.415279	0.725813
  904	17031	  665	  507	0.00012010	!	13.842893	115263.415279	0.725933
  904	17031	  666	  507	0.00039297	!	45.294630	115263.415279	0.726326
  904	17031	  667	  507	0.00426200	!	491.252588	115263.415279	0.730588
  904	17031	  668	  507	0.00025943	!	29.902299	115263.415279	0.730847
  904	17031	  669	  507	0.00112447	!	129.610706	115263.415279	0.731972
  904	17031	  670	  507	0.02016995	!	2324.857595	115263.415279	0.752142
  904	17031	  671	  507	0.00066332	!	76.456017	115263.415279	0.752805
  904	17031	  672	  507	0.00077769	!	89.639561	115263.415279	0.753583
  904	17031	  673	  507	0.00043603	!	50.258775	115263.415279	0.754019
  904	17031	  674	  507	0.00135433	!	156.105065	115263.415279	0.755373
  904	17031	  675	  507	0.00134098	!	154.565634	115263.415279	0.756714
  904	17031	  676	  507	0.00000494	!	0.569403	115263.415279	0.756719
  904	17031	  677	  507	0.00000000	!	0.000526	115263.415279	0.756719
  904	17031	  638	  508	0.00005783	!	6.665501	115263.415279	0.756777
  904	17031	  639	  508	0.00033661	!	38.799313	115263.415279	0.757114
  904	17031	  640	  508	0.00000081	!	0.092914	115263.415279	0.757114
  904	17031	  641	  508	0.00000002	!	0.002410	115263.415279	0.757114
  904	17031	  642	  508	0.00000005	!	0.005245	115263.415279	0.757114
  904	17031	  643	  508	0.00006736	!	7.764657	115263.415279	0.757182
  904	17031	  644	  508	0.00093972	!	108.315288	115263.415279	0.758122
  904	17031	  645	  508	0.00049512	!	57.068800	115263.415279	0.758617
  904	17031	  646	  508	0.00008284	!	9.548378	115263.415279	0.758700
  904	17031	  647	  508	0.00011498	!	13.252702	115263.415279	0.758815
  904	17031	  648	  508	0.00204569	!	235.793554	115263.415279	0.760860
  904	17031	  649	  508	0.00021902	!	25.244911	115263.415279	0.761079
  904	17031	  650	  508	0.00003668	!	4.227701	115263.415279	0.761116
  904	17031	  651	  508	0.00068488	!	78.941958	115263.415279	0.761801
  904	17031	  652	  508	0.00018590	!	21.427241	115263.415279	0.761987
  904	17031	  653	  508	0.00009018	!	10.394131	115263.415279	0.762077
  904	17031	  654	  508	0.00006674	!	7.693049	115263.415279	0.762144
  904	17031	  655	  508	0.00009015	!	10.391395	115263.415279	0.762234
  904	17031	  656	  508	0.00000024	!	0.027529	115263.415279	0.762234
  904	17031	  659	  508	0.00011478	!	13.229494	115263.415279	0.762349
  904	17031	  660	  508	0.00099831	!	115.068109	115263.415279	0.763347
  904	17031	  661	  508	0.00256672	!	295.848951	115263.415279	0.765914
  904	17031	  662	  508	0.00269068	!	310.136437	115263.415279	0.768604
  904	17031	  663	  508	0.00007369	!	8.493527	115263.415279	0.768678
  904	17031	  664	  508	0.00099942	!	115.197020	115263.415279	0.769678
  904	17031	  665	  508	0.00017675	!	20.372630	115263.415279	0.769854
  904	17031	  666	  508	0.00028617	!	32.984918	115263.415279	0.770141
  904	17031	  667	  508	0.00014231	!	16.403029	115263.415279	0.770283
  904	17031	  668	  508	0.00028407	!	32.742870	115263.415279	0.770567
  904	17031	  669	  508	0.00046911	!	54.071694	115263.415279	0.771036
  904	17031	  670	  508	0.00558023	!	643.196210	115263.415279	0.776616
  904	17031	  671	  508	0.00023543	!	27.136732	115263.415279	0.776852
  904	17031	  672	  508	0.00078329	!	90.284225	115263.415279	0.777635
  904	17031	  673	  508	0.00045368	!	52.293050	115263.415279	0.778089
  904	17031	  674	  508	0.00024100	!	27.778851	115263.415279	0.778330
  904	17031	  675	  508	0.00081636	!	94.096578	115263.415279	0.779146
  904	17031	  676	  508	0.00000147	!	0.169699	115263.415279	0.779147
  904	17031	  638	  509	0.00007856	!	9.054766	115263.415279	0.779226
  904	17031	  639	  509	0.00043120	!	49.701608	115263.415279	0.779657
  904	17031	  640	  509	0.00168186	!	193.856827	115263.415279	0.781339
  904	17031	  641	  509	0.00017088	!	19.696636	115263.415279	0.781510
  904	17031	  642	  509	0.00000029	!	0.033305	115263.415279	0.781510
  904	17031	  643	  509	0.00022780	!	26.256479	115263.415279	0.781738
  904	17031	  644	  509	0.00013111	!	15.112376	115263.415279	0.781869
  904	17031	  645	  509	0.00011388	!	13.126604	115263.415279	0.781983
  904	17031	  646	  509	0.00002915	!	3.359944	115263.415279	0.782012
  904	17031	  647	  509	0.00000016	!	0.018063	115263.415279	0.782012
  904	17031	  648	  509	0.00000195	!	0.224749	115263.415279	0.782014
  904	17031	  649	  509	0.00010343	!	11.921863	115263.415279	0.782118
  904	17031	  650	  509	0.00000023	!	0.026380	115263.415279	0.782118
  904	17031	  651	  509	0.00013700	!	15.790968	115263.415279	0.782255
  904	17031	  652	  509	0.00006887	!	7.938457	115263.415279	0.782324
  904	17031	  653	  509	0.00040320	!	46.473851	115263.415279	0.782727
  904	17031	  654	  509	0.00027437	!	31.625012	115263.415279	0.783001
  904	17031	  655	  509	0.00092812	!	106.978156	115263.415279	0.783930
  904	17031	  656	  509	0.00366714	!	422.687611	115263.415279	0.787597
  904	17031	  657	  509	0.00720405	!	830.363974	115263.415279	0.794801
  904	17031	  658	  509	0.00072372	!	83.418407	115263.415279	0.795524
  904	17031	  659	  509	0.00015991	!	18.432259	115263.415279	0.795684
  904	17031	  660	  509	0.00190534	!	219.615462	115263.415279	0.797590
  904	17031	  661	  509	0.00307288	!	354.190500	115263.415279	0.800663
  904	17031	  662	  509	0.00047012	!	54.187970	115263.415279	0.801133
  904	17031	  663	  509	0.00010740	!	12.379212	115263.415279	0.801240
  904	17031	  664	  509	0.00084826	!	97.773419	115263.415279	0.802088
  904	17031	  665	  509	0.00027152	!	31.296638	115263.415279	0.802360
  904	17031	  666	  509	0.00020105	!	23.174275	115263.415279	0.802561
  904	17031	  667	  509	0.00035609	!	41.043917	115263.415279	0.802917
  904	17031	  668	  509	0.00054187	!	62.458107	115263.415279	0.803459
  904	17031	  669	  509	0.00057279	!	66.021522	115263.415279	0.804032
  904	17031	  670	  509	0.00021365	!	24.626362	115263.415279	0.804245
  904	17031	  671	  509	0.00054013	!	62.256748	115263.415279	0.804785
  904	17031	  672	  509	0.00045918	!	52.927047	115263.415279	0.805245
  904	17031	  673	  509	0.00120711	!	139.135698	115263.415279	0.806452
  904	17031	  674	  509	0.00109220	!	125.890839	115263.415279	0.807544
  904	17031	  675	  509	0.00114496	!	131.971593	115263.415279	0.808689
  904	17031	  676	  509	0.00000206	!	0.237723	115263.415279	0.808691
  904	17031	  637	  510	0.00000045	!	0.051726	115263.415279	0.808691
  904	17031	  638	  510	0.00017756	!	20.466373	115263.415279	0.808869
  904	17031	  639	  510	0.00020110	!	23.179531	115263.415279	0.809070
  904	17031	  640	  510	0.00004037	!	4.652968	115263.415279	0.809110
  904	17031	  641	  510	0.00005507	!	6.347603	115263.415279	0.809166
  904	17031	  642	  510	0.00000009	!	0.010904	115263.415279	0.809166
  904	17031	  643	  510	0.00029166	!	33.617326	115263.415279	0.809457
  904	17031	  644	  510	0.00035861	!	41.334651	115263.415279	0.809816
  904	17031	  645	  510	0.00048196	!	55.552432	115263.415279	0.810298
  904	17031	  646	  510	0.00001661	!	1.915036	115263.415279	0.810314
  904	17031	  647	  510	0.00000003	!	0.003151	115263.415279	0.810314
  904	17031	  649	  510	0.00007194	!	8.291642	115263.415279	0.810386
  904	17031	  650	  510	0.00008228	!	9.483764	115263.415279	0.810469
  904	17031	  651	  510	0.00010267	!	11.834310	115263.415279	0.810571
  904	17031	  652	  510	0.00000024	!	0.027948	115263.415279	0.810572
  904	17031	  653	  510	0.00000038	!	0.043296	115263.415279	0.810572
  904	17031	  654	  510	0.00000026	!	0.029446	115263.415279	0.810572
  904	17031	  655	  510	0.00025187	!	29.031035	115263.415279	0.810824
  904	17031	  656	  510	0.00318654	!	367.291414	115263.415279	0.814011
  904	17031	  657	  510	0.00295374	!	340.457945	115263.415279	0.816964
  904	17031	  658	  510	0.00062024	!	71.491524	115263.415279	0.817585
  904	17031	  659	  510	0.00088601	!	102.124978	115263.415279	0.818471
  904	17031	  660	  510	0.00061379	!	70.747726	115263.415279	0.819084
  904	17031	  661	  510	0.00033628	!	38.761342	115263.415279	0.819421
  904	17031	  662	  510	0.00036469	!	42.035188	115263.415279	0.819785
  904	17031	  663	  510	0.00022167	!	25.550139	115263.415279	0.820007
  904	17031	  664	  510	0.00036155	!	41.673902	115263.415279	0.820369
  904	17031	  665	  510	0.00097538	!	112.425332	115263.415279	0.821344
  904	17031	  666	  510	0.00098611	!	113.661874	115263.415279	0.822330
  904	17031	  667	  510	0.00042769	!	49.297576	115263.415279	0.822758
  904	17031	  668	  510	0.00012134	!	13.985957	115263.415279	0.822879
  904	17031	  669	  510	0.00015398	!	17.748200	115263.415279	0.823033
  904	17031	  670	  510	0.00032086	!	36.983536	115263.415279	0.823354
  904	17031	  671	  510	0.00263169	!	303.337330	115263.415279	0.825986
  904	17031	  672	  510	0.00110325	!	127.163967	115263.415279	0.827089
  904	17031	  673	  510	0.00111202	!	128.175059	115263.415279	0.828201
  904	17031	  674	  510	0.00057873	!	66.705989	115263.415279	0.828780
  904	17031	  675	  510	0.00000210	!	0.242528	115263.415279	0.828782
  904	17031	  676	  510	0.00000000	!	0.000221	115263.415279	0.828782
  904	17031	  637	  511	0.00000471	!	0.542593	115263.415279	0.828786
  904	17031	  638	  511	0.00011627	!	13.402011	115263.415279	0.828903
  904	17031	  639	  511	0.00000039	!	0.044520	115263.415279	0.828903
  904	17031	  640	  511	0.00007165	!	8.258166	115263.415279	0.828975
  904	17031	  641	  511	0.00000017	!	0.020092	115263.415279	0.828975
  904	17031	  642	  511	0.00000000	!	0.000010	115263.415279	0.828975
  904	17031	  643	  511	0.00000027	!	0.031402	115263.415279	0.828975
  904	17031	  644	  511	0.00008208	!	9.461172	115263.415279	0.829057
  904	17031	  645	  511	0.00006686	!	7.706264	115263.415279	0.829124
  904	17031	  646	  511	0.00000013	!	0.015000	115263.415279	0.829124
  904	17031	  647	  511	0.00000000	!	0.000003	115263.415279	0.829124
  904	17031	  648	  511	0.00004281	!	4.933961	115263.415279	0.829167
  904	17031	  649	  511	0.00006188	!	7.132233	115263.415279	0.829229
  904	17031	  650	  511	0.00002485	!	2.864087	115263.415279	0.829254
  904	17031	  651	  511	0.00000014	!	0.016002	115263.415279	0.829254
  904	17031	  652	  511	0.00000000	!	0.000019	115263.415279	0.829254
  904	17031	  654	  511	0.00002181	!	2.513484	115263.415279	0.829276
  904	17031	  655	  511	0.00093566	!	107.847257	115263.415279	0.830211
  904	17031	  656	  511	0.00344118	!	396.642262	115263.415279	0.833653
  904	17031	  657	  511	0.05298871	!	6107.659443	115263.415279	0.886641
  904	17031	  658	  511	0.00140390	!	161.818505	115263.415279	0.888045
  904	17031	  659	  511	0.00414462	!	477.722628	115263.415279	0.892190
  904	17031	  660	  511	0.00013985	!	16.119892	115263.415279	0.892330
  904	17031	  661	  511	0.00170452	!	196.468545	115263.415279	0.894034
  904	17031	  662	  511	0.00000336	!	0.386814	115263.415279	0.894038
  904	17031	  663	  511	0.00006696	!	7.718204	115263.415279	0.894105
  904	17031	  664	  511	0.00077998	!	89.903559	115263.415279	0.894885
  904	17031	  665	  511	0.00004402	!	5.074170	115263.415279	0.894929
  904	17031	  666	  511	0.00061102	!	70.428159	115263.415279	0.895540
  904	17031	  667	  511	0.00003928	!	4.527386	115263.415279	0.895579
  904	17031	  668	  511	0.00014357	!	16.548686	115263.415279	0.895722
  904	17031	  669	  511	0.00029778	!	34.323689	115263.415279	0.896020
  904	17031	  670	  511	0.00004158	!	4.792851	115263.415279	0.896062
  904	17031	  671	  511	0.00101074	!	116.501581	115263.415279	0.897073
  904	17031	  672	  511	0.00048689	!	56.121088	115263.415279	0.897559
  904	17031	  673	  511	0.00063974	!	73.738465	115263.415279	0.898199
  904	17031	  674	  511	0.00284020	!	327.370844	115263.415279	0.901039
  904	17031	  675	  511	0.00000512	!	0.589660	115263.415279	0.901044
  904	17031	  637	  512	0.00003905	!	4.501564	115263.415279	0.901084
  904	17031	  638	  512	0.00016323	!	18.814897	115263.415279	0.901247
  904	17031	  639	  512	0.00001089	!	1.255153	115263.415279	0.901258
  904	17031	  640	  512	0.00002496	!	2.877289	115263.415279	0.901283
  904	17031	  641	  512	0.00000004	!	0.004938	115263.415279	0.901283
  904	17031	  644	  512	0.00000008	!	0.008831	115263.415279	0.901283
  904	17031	  645	  512	0.00039340	!	45.344260	115263.415279	0.901676
  904	17031	  646	  512	0.00006256	!	7.210769	115263.415279	0.901739
  904	17031	  647	  512	0.00005759	!	6.637812	115263.415279	0.901796
  904	17031	  648	  512	0.00027081	!	31.214729	115263.415279	0.902067
  904	17031	  649	  512	0.00032864	!	37.880182	115263.415279	0.902396
  904	17031	  650	  512	0.00055213	!	63.640302	115263.415279	0.902948
  904	17031	  651	  512	0.00074645	!	86.038406	115263.415279	0.903694
  904	17031	  652	  512	0.00008714	!	10.043990	115263.415279	0.903781
  904	17031	  653	  512	0.00000015	!	0.017288	115263.415279	0.903782
  904	17031	  654	  512	0.00001466	!	1.689616	115263.415279	0.903796
  904	17031	  655	  512	0.00185982	!	214.369679	115263.415279	0.905656
  904	17031	  656	  512	0.00226157	!	260.676022	115263.415279	0.907918
  904	17031	  657	  512	0.00136206	!	156.995596	115263.415279	0.909280
  904	17031	  658	  512	0.00000362	!	0.416992	115263.415279	0.909283
  904	17031	  659	  512	0.00102914	!	118.621953	115263.415279	0.910312
  904	17031	  660	  512	0.00073007	!	84.149913	115263.415279	0.911043
  904	17031	  661	  512	0.00019451	!	22.419503	115263.415279	0.911237
  904	17031	  662	  512	0.00030575	!	35.242243	115263.415279	0.911543
  904	17031	  663	  512	0.00022682	!	26.143649	115263.415279	0.911770
  904	17031	  664	  512	0.00021545	!	24.833080	115263.415279	0.911985
  904	17031	  665	  512	0.00067052	!	77.286385	115263.415279	0.912656
  904	17031	  666	  512	0.00062073	!	71.547235	115263.415279	0.913276
  904	17031	  667	  512	0.00185896	!	214.269797	115263.415279	0.915135
  904	17031	  668	  512	0.00201352	!	232.085417	115263.415279	0.917149
  904	17031	  669	  512	0.00010945	!	12.615549	115263.415279	0.917258
  904	17031	  670	  512	0.00040900	!	47.142201	115263.415279	0.917667
  904	17031	  671	  512	0.00123722	!	142.606291	115263.415279	0.918904
  904	17031	  672	  512	0.00010552	!	12.162051	115263.415279	0.919010
  904	17031	  673	  512	0.00013792	!	15.897173	115263.415279	0.919148
  904	17031	  674	  512	0.00000291	!	0.335214	115263.415279	0.919151
  904	17031	  675	  512	0.00000000	!	0.000553	115263.415279	0.919151
  904	17031	  637	  513	0.00000241	!	0.278272	115263.415279	0.919153
  904	17031	  638	  513	0.00002327	!	2.681817	115263.415279	0.919176
  904	17031	  639	  513	0.00000005	!	0.006240	115263.415279	0.919177
  904	17031	  640	  513	0.00030791	!	35.490578	115263.415279	0.919484
  904	17031	  641	  513	0.00041660	!	48.018729	115263.415279	0.919901
  904	17031	  642	  513	0.00000072	!	0.082486	115263.415279	0.919902
  904	17031	  645	  513	0.00167181	!	192.698779	115263.415279	0.921574
  904	17031	  646	  513	0.00036284	!	41.821800	115263.415279	0.921936
  904	17031	  647	  513	0.00026842	!	30.938570	115263.415279	0.922205
  904	17031	  648	  513	0.00012794	!	14.747300	115263.415279	0.922333
  904	17031	  649	  513	0.00040805	!	47.032779	115263.415279	0.922741
  904	17031	  650	  513	0.00072122	!	83.130597	115263.415279	0.923462
  904	17031	  651	  513	0.00050413	!	58.108185	115263.415279	0.923966
  904	17031	  652	  513	0.00008569	!	9.877226	115263.415279	0.924052
  904	17031	  653	  513	0.00001211	!	1.395975	115263.415279	0.924064
  904	17031	  654	  513	0.00071718	!	82.664362	115263.415279	0.924781
  904	17031	  655	  513	0.00031733	!	36.576429	115263.415279	0.925098
  904	17031	  656	  513	0.00002361	!	2.721513	115263.415279	0.925122
  904	17031	  657	  513	0.00012966	!	14.944981	115263.415279	0.925252
  904	17031	  658	  513	0.00000023	!	0.026291	115263.415279	0.925252
  904	17031	  659	  513	0.00087092	!	100.385695	115263.415279	0.926123
  904	17031	  660	  513	0.00092071	!	106.123849	115263.415279	0.927044
  904	17031	  661	  513	0.00056719	!	65.376465	115263.415279	0.927611
  904	17031	  662	  513	0.00035549	!	40.974825	115263.415279	0.927966
  904	17031	  663	  513	0.00050437	!	58.135101	115263.415279	0.928471
  904	17031	  664	  513	0.00039849	!	45.931118	115263.415279	0.928869
  904	17031	  665	  513	0.00017746	!	20.454511	115263.415279	0.929047
  904	17031	  666	  513	0.00040262	!	46.407850	115263.415279	0.929449
  904	17031	  667	  513	0.00171754	!	197.969766	115263.415279	0.931167
  904	17031	  668	  513	0.00018755	!	21.618089	115263.415279	0.931354
  904	17031	  669	  513	0.00022005	!	25.363725	115263.415279	0.931574
  904	17031	  670	  513	0.00015097	!	17.401676	115263.415279	0.931725
  904	17031	  671	  513	0.00132203	!	152.381708	115263.415279	0.933047
  904	17031	  672	  513	0.00024573	!	28.323716	115263.415279	0.933293
  904	17031	  673	  513	0.00030229	!	34.843133	115263.415279	0.933595
  904	17031	  674	  513	0.00000054	!	0.062608	115263.415279	0.933596
  904	17031	  639	  514	0.00051761	!	59.661216	115263.415279	0.934114
  904	17031	  640	  514	0.00000139	!	0.160600	115263.415279	0.934115
  904	17031	  641	  514	0.00084393	!	97.274602	115263.415279	0.934959
  904	17031	  642	  514	0.00019924	!	22.965329	115263.415279	0.935158
  904	17031	  643	  514	0.00000034	!	0.039268	115263.415279	0.935158
  904	17031	  644	  514	0.00023966	!	27.624521	115263.415279	0.935398
  904	17031	  645	  514	0.00085617	!	98.684837	115263.415279	0.936254
  904	17031	  646	  514	0.00011323	!	13.051776	115263.415279	0.936368
  904	17031	  647	  514	0.00000045	!	0.051392	115263.415279	0.936368
  904	17031	  648	  514	0.00026572	!	30.627829	115263.415279	0.936634
  904	17031	  649	  514	0.00031815	!	36.670563	115263.415279	0.936952
  904	17031	  650	  514	0.00210564	!	242.703428	115263.415279	0.939057
  904	17031	  651	  514	0.00082880	!	95.530448	115263.415279	0.939886
  904	17031	  652	  514	0.00032936	!	37.963524	115263.415279	0.940216
  904	17031	  653	  514	0.00016917	!	19.498823	115263.415279	0.940385
  904	17031	  654	  514	0.00055772	!	64.284786	115263.415279	0.940943
  904	17031	  655	  514	0.00012249	!	14.118405	115263.415279	0.941065
  904	17031	  656	  514	0.00000023	!	0.026850	115263.415279	0.941065
  904	17031	  657	  514	0.00013202	!	15.217570	115263.415279	0.941197
  904	17031	  658	  514	0.00000023	!	0.026778	115263.415279	0.941197
  904	17031	  659	  514	0.00000082	!	0.094480	115263.415279	0.941198
  904	17031	  660	  514	0.00086701	!	99.934872	115263.415279	0.942065
  904	17031	  661	  514	0.00000206	!	0.238003	115263.415279	0.942067
  904	17031	  662	  514	0.00029495	!	33.996757	115263.415279	0.942362
  904	17031	  663	  514	0.00008946	!	10.311492	115263.415279	0.942452
  904	17031	  664	  514	0.00012770	!	14.719500	115263.415279	0.942580
  904	17031	  665	  514	0.00013171	!	15.181286	115263.415279	0.942711
  904	17031	  666	  514	0.00025641	!	29.554621	115263.415279	0.942968
  904	17031	  667	  514	0.00029890	!	34.451679	115263.415279	0.943267
  904	17031	  668	  514	0.00011174	!	12.879881	115263.415279	0.943378
  904	17031	  669	  514	0.00025327	!	29.192444	115263.415279	0.943632
  904	17031	  670	  514	0.00004413	!	5.086061	115263.415279	0.943676
  904	17031	  671	  514	0.00000132	!	0.152441	115263.415279	0.943677
  904	17031	  672	  514	0.00043948	!	50.656112	115263.415279	0.944116
  904	17031	  673	  514	0.00033520	!	38.636099	115263.415279	0.944452
  904	17031	  674	  514	0.00000060	!	0.069360	115263.415279	0.944452
  904	17031	  639	  515	0.00022389	!	25.805907	115263.415279	0.944676
  904	17031	  640	  515	0.00000043	!	0.049027	115263.415279	0.944677
  904	17031	  641	  515	0.00020002	!	23.054418	115263.415279	0.944877
  904	17031	  642	  515	0.00000053	!	0.061190	115263.415279	0.944877
  904	17031	  643	  515	0.00000000	!	0.000037	115263.415279	0.944877
  904	17031	  644	  515	0.00000023	!	0.026097	115263.415279	0.944877
  904	17031	  645	  515	0.00015619	!	18.003039	115263.415279	0.945034
  904	17031	  646	  515	0.00000038	!	0.043275	115263.415279	0.945034
  904	17031	  647	  515	0.00000000	!	0.000021	115263.415279	0.945034
  904	17031	  648	  515	0.00009714	!	11.196211	115263.415279	0.945131
  904	17031	  649	  515	0.00365613	!	421.418173	115263.415279	0.948787
  904	17031	  650	  515	0.00003608	!	4.158567	115263.415279	0.948823
  904	17031	  651	  515	0.00000083	!	0.095764	115263.415279	0.948824
  904	17031	  652	  515	0.00034544	!	39.816870	115263.415279	0.949170
  904	17031	  653	  515	0.00021995	!	25.352094	115263.415279	0.949389
  904	17031	  654	  515	0.00012950	!	14.926362	115263.415279	0.949519
  904	17031	  655	  515	0.00012570	!	14.488395	115263.415279	0.949645
  904	17031	  656	  515	0.00024708	!	28.479646	115263.415279	0.949892
  904	17031	  657	  515	0.00016864	!	19.438227	115263.415279	0.950060
  904	17031	  658	  515	0.00033850	!	39.016250	115263.415279	0.950399
  904	17031	  659	  515	0.00014239	!	16.412233	115263.415279	0.950541
  904	17031	  660	  515	0.00013083	!	15.079546	115263.415279	0.950672
  904	17031	  661	  515	0.00008535	!	9.837871	115263.415279	0.950757
  904	17031	  662	  515	0.00050224	!	57.890304	115263.415279	0.951260
  904	17031	  663	  515	0.00036660	!	42.255329	115263.415279	0.951626
  904	17031	  664	  515	0.00050689	!	58.425494	115263.415279	0.952133
  904	17031	  665	  515	0.00011316	!	13.043597	115263.415279	0.952246
  904	17031	  666	  515	0.00035598	!	41.031043	115263.415279	0.952602
  904	17031	  667	  515	0.00000091	!	0.105399	115263.415279	0.952603
  904	17031	  668	  515	0.00000011	!	0.012148	115263.415279	0.952603
  904	17031	  669	  515	0.00029415	!	33.904767	115263.415279	0.952898
  904	17031	  670	  515	0.00003790	!	4.368187	115263.415279	0.952935
  904	17031	  671	  515	0.00000007	!	0.007719	115263.415279	0.952935
  904	17031	  672	  515	0.00064653	!	74.521785	115263.415279	0.953582
  904	17031	  673	  515	0.00007965	!	9.180184	115263.415279	0.953662
  904	17031	  674	  515	0.00000014	!	0.016278	115263.415279	0.953662
  904	17031	  638	  516	0.00000413	!	0.475719	115263.415279	0.953666
  904	17031	  639	  516	0.00018396	!	21.203721	115263.415279	0.953850
  904	17031	  640	  516	0.00000032	!	0.036729	115263.415279	0.953850
  904	17031	  641	  516	0.00000019	!	0.021749	115263.415279	0.953850
  904	17031	  642	  516	0.00000000	!	0.000037	115263.415279	0.953850
  904	17031	  645	  516	0.00000015	!	0.016964	115263.415279	0.953851
  904	17031	  646	  516	0.00005977	!	6.889058	115263.415279	0.953910
  904	17031	  647	  516	0.00003149	!	3.629439	115263.415279	0.953942
  904	17031	  648	  516	0.00000015	!	0.016853	115263.415279	0.953942
  904	17031	  649	  516	0.00005642	!	6.502732	115263.415279	0.953998
  904	17031	  650	  516	0.00000012	!	0.014341	115263.415279	0.953998
  904	17031	  651	  516	0.00008833	!	10.180728	115263.415279	0.954087
  904	17031	  652	  516	0.00003148	!	3.628647	115263.415279	0.954118
  904	17031	  653	  516	0.00013768	!	15.869174	115263.415279	0.954256
  904	17031	  654	  516	0.00084910	!	97.869867	115263.415279	0.955105
  904	17031	  655	  516	0.00035454	!	40.865958	115263.415279	0.955460
  904	17031	  656	  516	0.00009304	!	10.724188	115263.415279	0.955553
  904	17031	  657	  516	0.00043063	!	49.635395	115263.415279	0.955983
  904	17031	  658	  516	0.00020807	!	23.982772	115263.415279	0.956191
  904	17031	  659	  516	0.00045770	!	52.756061	115263.415279	0.956649
  904	17031	  660	  516	0.00143237	!	165.100293	115263.415279	0.958081
  904	17031	  661	  516	0.00000261	!	0.300886	115263.415279	0.958084
  904	17031	  662	  516	0.00051580	!	59.452365	115263.415279	0.958600
  904	17031	  663	  516	0.00014409	!	16.607897	115263.415279	0.958744
  904	17031	  664	  516	0.00006484	!	7.473639	115263.415279	0.958809
  904	17031	  665	  516	0.00052947	!	61.028321	115263.415279	0.959338
  904	17031	  666	  516	0.00018202	!	20.980431	115263.415279	0.959520
  904	17031	  667	  516	0.00000032	!	0.037195	115263.415279	0.959521
  904	17031	  668	  516	0.00012399	!	14.291118	115263.415279	0.959645
  904	17031	  669	  516	0.00028346	!	32.672547	115263.415279	0.959928
  904	17031	  670	  516	0.00005742	!	6.617851	115263.415279	0.959985
  904	17031	  671	  516	0.00013231	!	15.250933	115263.415279	0.960118
  904	17031	  672	  516	0.00040544	!	46.732536	115263.415279	0.960523
  904	17031	  673	  516	0.00000080	!	0.092461	115263.415279	0.960524
  904	17031	  674	  516	0.00000000	!	0.000015	115263.415279	0.960524
  904	17031	  638	  517	0.00001209	!	1.393036	115263.415279	0.960536
  904	17031	  639	  517	0.00000039	!	0.044610	115263.415279	0.960536
  904	17031	  640	  517	0.00000000	!	0.000035	115263.415279	0.960536
  904	17031	  646	  517	0.00005648	!	6.510209	115263.415279	0.960593
  904	17031	  647	  517	0.00003975	!	4.581212	115263.415279	0.960633
  904	17031	  648	  517	0.00000007	!	0.007928	115263.415279	0.960633
  904	17031	  649	  517	0.00006195	!	7.140220	115263.415279	0.960695
  904	17031	  650	  517	0.00012745	!	14.689875	115263.415279	0.960822
  904	17031	  651	  517	0.00226741	!	261.349018	115263.415279	0.963090
  904	17031	  652	  517	0.00067147	!	77.395739	115263.415279	0.963761
  904	17031	  653	  517	0.00001359	!	1.566911	115263.415279	0.963775
  904	17031	  654	  517	0.00015869	!	18.291501	115263.415279	0.963933
  904	17031	  655	  517	0.00002903	!	3.346092	115263.415279	0.963962
  904	17031	  656	  517	0.00005999	!	6.914173	115263.415279	0.964022
  904	17031	  657	  517	0.00021345	!	24.602725	115263.415279	0.964236
  904	17031	  658	  517	0.00000057	!	0.065929	115263.415279	0.964236
  904	17031	  659	  517	0.00000043	!	0.050085	115263.415279	0.964237
  904	17031	  660	  517	0.00000136	!	0.156774	115263.415279	0.964238
  904	17031	  661	  517	0.00023731	!	27.353054	115263.415279	0.964475
  904	17031	  662	  517	0.00005138	!	5.921799	115263.415279	0.964527
  904	17031	  663	  517	0.00075079	!	86.538364	115263.415279	0.965278
  904	17031	  664	  517	0.00036822	!	42.441918	115263.415279	0.965646
  904	17031	  665	  517	0.00055362	!	63.812626	115263.415279	0.966199
  904	17031	  666	  517	0.00019608	!	22.600502	115263.415279	0.966396
  904	17031	  667	  517	0.00000035	!	0.040073	115263.415279	0.966396
  904	17031	  668	  517	0.00023113	!	26.641144	115263.415279	0.966627
  904	17031	  669	  517	0.00008609	!	9.922494	115263.415279	0.966713
  904	17031	  670	  517	0.00006154	!	7.092976	115263.415279	0.966775
  904	17031	  671	  517	0.00040920	!	47.165895	115263.415279	0.967184
  904	17031	  672	  517	0.00000112	!	0.128902	115263.415279	0.967185
  904	17031	  673	  517	0.00000000	!	0.000080	115263.415279	0.967185
  904	17031	  638	  518	0.00000002	!	0.001986	115263.415279	0.967185
  904	17031	  639	  518	0.00000000	!	0.000023	115263.415279	0.967185
  904	17031	  646	  518	0.00000005	!	0.006192	115263.415279	0.967185
  904	17031	  647	  518	0.00000004	!	0.004359	115263.415279	0.967185
  904	17031	  648	  518	0.00007190	!	8.287615	115263.415279	0.967257
  904	17031	  649	  518	0.00034644	!	39.931860	115263.415279	0.967603
  904	17031	  650	  518	0.00112901	!	130.133612	115263.415279	0.968732
  904	17031	  651	  518	0.00121132	!	139.620471	115263.415279	0.969944
  904	17031	  652	  518	0.00033113	!	38.166825	115263.415279	0.970275
  904	17031	  653	  518	0.00012111	!	13.959278	115263.415279	0.970396
  904	17031	  654	  518	0.00022316	!	25.722419	115263.415279	0.970619
  904	17031	  655	  518	0.00046935	!	54.099133	115263.415279	0.971088
  904	17031	  656	  518	0.00000088	!	0.101419	115263.415279	0.971089
  904	17031	  657	  518	0.00000020	!	0.023380	115263.415279	0.971090
  904	17031	  658	  518	0.00001652	!	1.904227	115263.415279	0.971106
  904	17031	  659	  518	0.00041774	!	48.150700	115263.415279	0.971524
  904	17031	  660	  518	0.00009155	!	10.552697	115263.415279	0.971615
  904	17031	  661	  518	0.00027430	!	31.616249	115263.415279	0.971890
  904	17031	  662	  518	0.00000053	!	0.061455	115263.415279	0.971890
  904	17031	  663	  518	0.00000071	!	0.082381	115263.415279	0.971891
  904	17031	  664	  518	0.00058121	!	66.992657	115263.415279	0.972472
  904	17031	  665	  518	0.00041071	!	47.339971	115263.415279	0.972883
  904	17031	  666	  518	0.00009729	!	11.213750	115263.415279	0.972980
  904	17031	  667	  518	0.00000017	!	0.019834	115263.415279	0.972980
  904	17031	  668	  518	0.00010464	!	12.061023	115263.415279	0.973085
  904	17031	  669	  518	0.00000027	!	0.030926	115263.415279	0.973085
  904	17031	  670	  518	0.00015996	!	18.437416	115263.415279	0.973245
  904	17031	  671	  518	0.00000068	!	0.077922	115263.415279	0.973246
  904	17031	  672	  518	0.00000000	!	0.000081	115263.415279	0.973246
  904	17031	  645	  519	0.00010779	!	12.424094	115263.415279	0.973354
  904	17031	  646	  519	0.00000019	!	0.021492	115263.415279	0.973354
  904	17031	  648	  519	0.00021345	!	24.602429	115263.415279	0.973567
  904	17031	  649	  519	0.00028166	!	32.465405	115263.415279	0.973849
  904	17031	  650	  519	0.00022361	!	25.773838	115263.415279	0.974073
  904	17031	  651	  519	0.00010699	!	12.331559	115263.415279	0.974180
  904	17031	  652	  519	0.00031081	!	35.824752	115263.415279	0.974490
  904	17031	  653	  519	0.00012857	!	14.819620	115263.415279	0.974619
  904	17031	  654	  519	0.00016101	!	18.558646	115263.415279	0.974780
  904	17031	  655	  519	0.00003095	!	3.567645	115263.415279	0.974811
  904	17031	  656	  519	0.00000005	!	0.006203	115263.415279	0.974811
  904	17031	  657	  519	0.00139278	!	160.536724	115263.415279	0.976204
  904	17031	  658	  519	0.00207995	!	239.742265	115263.415279	0.978284
  904	17031	  659	  519	0.00129547	!	149.320503	115263.415279	0.979579
  904	17031	  660	  519	0.00014930	!	17.208627	115263.415279	0.979728
  904	17031	  661	  519	0.00030355	!	34.987669	115263.415279	0.980032
  904	17031	  662	  519	0.00010140	!	11.688284	115263.415279	0.980133
  904	17031	  663	  519	0.00003016	!	3.476788	115263.415279	0.980164
  904	17031	  664	  519	0.00328180	!	378.271543	115263.415279	0.983445
  904	17031	  665	  519	0.00070429	!	81.179010	115263.415279	0.984150
  904	17031	  666	  519	0.00000133	!	0.153872	115263.415279	0.984151
  904	17031	  667	  519	0.00019701	!	22.708277	115263.415279	0.984348
  904	17031	  668	  519	0.00000045	!	0.052013	115263.415279	0.984348
  904	17031	  669	  519	0.00014287	!	16.467137	115263.415279	0.984491
  904	17031	  670	  519	0.00000041	!	0.047062	115263.415279	0.984492
  904	17031	  671	  519	0.00000000	!	0.000032	115263.415279	0.984492
  904	17031	  645	  520	0.00005097	!	5.874945	115263.415279	0.984543
  904	17031	  646	  520	0.00000009	!	0.010163	115263.415279	0.984543
  904	17031	  648	  520	0.00000020	!	0.023539	115263.415279	0.984543
  904	17031	  649	  520	0.00000027	!	0.031036	115263.415279	0.984543
  904	17031	  650	  520	0.00007550	!	8.702570	115263.415279	0.984619
  904	17031	  651	  520	0.00009936	!	11.452891	115263.415279	0.984718
  904	17031	  652	  520	0.00034853	!	40.172963	115263.415279	0.985067
  904	17031	  653	  520	0.00148042	!	170.638632	115263.415279	0.986547
  904	17031	  654	  520	0.00054301	!	62.588920	115263.415279	0.987090
  904	17031	  655	  520	0.00000098	!	0.112483	115263.415279	0.987091
  904	17031	  656	  520	0.00000000	!	0.000006	115263.415279	0.987091
  904	17031	  657	  520	0.00121294	!	139.807101	115263.415279	0.988304
  904	17031	  658	  520	0.00129014	!	148.705602	115263.415279	0.989594
  904	17031	  659	  520	0.00007698	!	8.872460	115263.415279	0.989671
  904	17031	  660	  520	0.00000027	!	0.031404	115263.415279	0.989671
  904	17031	  661	  520	0.00000029	!	0.033457	115263.415279	0.989672
  904	17031	  662	  520	0.00008206	!	9.458306	115263.415279	0.989754
  904	17031	  663	  520	0.00010091	!	11.631029	115263.415279	0.989855
  904	17031	  664	  520	0.00076989	!	88.740551	115263.415279	0.990624
  904	17031	  665	  520	0.00000204	!	0.234672	115263.415279	0.990627
  904	17031	  666	  520	0.00012166	!	14.022881	115263.415279	0.990748
  904	17031	  667	  520	0.00000041	!	0.046723	115263.415279	0.990749
  904	17031	  668	  520	0.00000000	!	0.000039	115263.415279	0.990749
  904	17031	  669	  520	0.00000014	!	0.015761	115263.415279	0.990749
  904	17031	  670	  520	0.00000000	!	0.000028	115263.415279	0.990749
  904	17031	  643	  521	0.00003632	!	4.186180	115263.415279	0.990785
  904	17031	  644	  521	0.00027158	!	31.302810	115263.415279	0.991057
  904	17031	  645	  521	0.00012709	!	14.648974	115263.415279	0.991184
  904	17031	  646	  521	0.00000024	!	0.028095	115263.415279	0.991184
  904	17031	  650	  521	0.00131866	!	151.992752	115263.415279	0.992503
  904	17031	  651	  521	0.00170234	!	196.217649	115263.415279	0.994205
  904	17031	  652	  521	0.00033813	!	38.973485	115263.415279	0.994543
  904	17031	  653	  521	0.00014059	!	16.204842	115263.415279	0.994684
  904	17031	  654	  521	0.00023412	!	26.986011	115263.415279	0.994918
  904	17031	  655	  521	0.00023121	!	26.649660	115263.415279	0.995149
  904	17031	  656	  521	0.00019328	!	22.278593	115263.415279	0.995342
  904	17031	  657	  521	0.00046867	!	54.020890	115263.415279	0.995811
  904	17031	  658	  521	0.00007354	!	8.476301	115263.415279	0.995885
  904	17031	  659	  521	0.00000020	!	0.022895	115263.415279	0.995885
  904	17031	  660	  521	0.00011122	!	12.819800	115263.415279	0.995996
  904	17031	  661	  521	0.00007212	!	8.312598	115263.415279	0.996068
  904	17031	  662	  521	0.00009233	!	10.642209	115263.415279	0.996160
  904	17031	  663	  521	0.00007154	!	8.245924	115263.415279	0.996232
  904	17031	  664	  521	0.00009492	!	10.940308	115263.415279	0.996327
  904	17031	  665	  521	0.00000017	!	0.019416	115263.415279	0.996327
  904	17031	  666	  521	0.00000012	!	0.013456	115263.415279	0.996327
  904	17031	  667	  521	0.00002848	!	3.282581	115263.415279	0.996356
  904	17031	  668	  521	0.00001459	!	1.681803	115263.415279	0.996370
  904	17031	  669	  521	0.00000003	!	0.002903	115263.415279	0.996370
  904	17031	  651	  522	0.00000032	!	0.037396	115263.415279	0.996371
  904	17031	  652	  522	0.00000271	!	0.312648	115263.415279	0.996373
  904	17031	  653	  522	0.00000014	!	0.016283	115263.415279	0.996373
  904	17031	  654	  522	0.00000482	!	0.555254	115263.415279	0.996378
  904	17031	  655	  522	0.00012894	!	14.862158	115263.415279	0.996507
  904	17031	  656	  522	0.00015524	!	17.893814	115263.415279	0.996662
  904	17031	  657	  522	0.00045791	!	52.779996	115263.415279	0.997120
  904	17031	  658	  522	0.00007949	!	9.161790	115263.415279	0.997200
  904	17031	  659	  522	0.00000015	!	0.017214	115263.415279	0.997200
  904	17031	  660	  522	0.00014357	!	16.548880	115263.415279	0.997344
  904	17031	  661	  522	0.00084488	!	97.383594	115263.415279	0.998188
  904	17031	  662	  522	0.00133850	!	154.280438	115263.415279	0.999527
  904	17031	  663	  522	0.00009413	!	10.849882	115263.415279	0.999621
  904	17031	  664	  522	0.00000025	!	0.029192	115263.415279	0.999621
  904	17031	  665	  522	0.00016416	!	18.921269	115263.415279	0.999785
  904	17031	  666	  522	0.00011261	!	12.980010	115263.415279	0.999898
  904	17031	  667	  522	0.00000023	!	0.026229	115263.415279	0.999898
  904	17031	  668	  522	0.00000001	!	0.001584	115263.415279	0.999898
  904	17031	  662	  523	0.00000198	!	0.227706	115263.415279	0.999900
  904	17031	  663	  523	0.00002636	!	3.038073	115263.415279	0.999927
  904	17031	  664	  523	0.00001153	!	1.328585	115263.415279	0.999938
  904	17031	  665	  523	0.00006162	!	7.102971	115263.415279	1.000000
  904	17031	  666	  523	0.00000024	!	0.027329	115263.415279	1.000000
  904	17031	  667	  523	0.00000000	!	0.000022	115263.415279	1.000000
  904	17127	  653	  102	0.00000023	!	0.000214	918.411789	0.000000
  904	17127	  654	  102	0.00000000	!	0.000000	918.411789	0.000000
  904	17127	  655	  102	0.00000003	!	0.000031	918.411789	0.000000
  904	17127	  656	  102	0.00000000	!	0.000000	918.411789	0.000000
  904	17127	  657	  102	0.00000001	!	0.000009	918.411789	0.000000
  904	17127	  658	  102	0.00000001	!	0.000012	918.411789	0.000000
  904	17127	  659	  102	0.00000002	!	0.000022	918.411789	0.000000
  904	17127	  660	  102	0.00000000	!	0.000000	918.411789	0.000000
  904	17127	  646	  103	0.00000124	!	0.001143	918.411789	0.000002
  904	17127	  647	  103	0.00000000	!	0.000002	918.411789	0.000002
  904	17127	  649	  103	0.00000009	!	0.000084	918.411789	0.000002
  904	17127	  650	  103	0.00000000	!	0.000000	918.411789	0.000002
  904	17127	  651	  103	0.00000000	!	0.000003	918.411789	0.000002
  904	17127	  652	  103	0.00000000	!	0.000001	918.411789	0.000002
  904	17127	  653	  103	0.00306315	!	2.813235	918.411789	0.003065
  904	17127	  654	  103	0.00000536	!	0.004923	918.411789	0.003070
  904	17127	  655	  103	0.00044014	!	0.404228	918.411789	0.003510
  904	17127	  656	  103	0.00000077	!	0.000711	918.411789	0.003511
  904	17127	  657	  103	0.00012346	!	0.113384	918.411789	0.003635
  904	17127	  658	  103	0.00016578	!	0.152257	918.411789	0.003800
  904	17127	  659	  103	0.00031666	!	0.290827	918.411789	0.004117
  904	17127	  660	  103	0.00000056	!	0.000513	918.411789	0.004118
  904	17127	  645	  104	0.00000114	!	0.001050	918.411789	0.004119
  904	17127	  646	  104	0.01732706	!	15.913374	918.411789	0.021446
  904	17127	  647	  104	0.00003030	!	0.027825	918.411789	0.021476
  904	17127	  648	  104	0.00000670	!	0.006156	918.411789	0.021483
  904	17127	  649	  104	0.00127941	!	1.175022	918.411789	0.022762
  904	17127	  650	  104	0.00000224	!	0.002055	918.411789	0.022764
  904	17127	  651	  104	0.00004301	!	0.039498	918.411789	0.022807
  904	17127	  652	  104	0.00002026	!	0.018610	918.411789	0.022828
  904	17127	  653	  104	0.00004015	!	0.036871	918.411789	0.022868
  904	17127	  654	  104	0.00000007	!	0.000064	918.411789	0.022868
  904	17127	  656	  104	0.00003090	!	0.028380	918.411789	0.022899
  904	17127	  657	  104	0.00000005	!	0.000050	918.411789	0.022899
  904	17127	  658	  104	0.00007884	!	0.072406	918.411789	0.022978
  904	17127	  659	  104	0.00000014	!	0.000128	918.411789	0.022978
  904	17127	  643	  105	0.00000011	!	0.000105	918.411789	0.022978
  904	17127	  644	  105	0.00000016	!	0.000145	918.411789	0.022978
  904	17127	  645	  105	0.01610949	!	14.795143	918.411789	0.039088
  904	17127	  646	  105	0.00495069	!	4.546769	918.411789	0.044038
  904	17127	  647	  105	0.00375827	!	3.451635	918.411789	0.047797
  904	17127	  648	  105	0.09446749	!	86.760055	918.411789	0.142264
  904	17127	  649	  105	0.49729609	!	456.722593	918.411789	0.639560
  904	17127	  650	  105	0.00103398	!	0.949620	918.411789	0.640594
  904	17127	  651	  105	0.00010238	!	0.094026	918.411789	0.640696
  904	17127	  652	  105	0.00004322	!	0.039696	918.411789	0.640740
  904	17127	  653	  105	0.00017132	!	0.157347	918.411789	0.640911
  904	17127	  654	  105	0.00000030	!	0.000275	918.411789	0.640911
  904	17127	  656	  105	0.00000001	!	0.000007	918.411789	0.640911
  904	17127	  657	  105	0.00000000	!	0.000000	918.411789	0.640911
  904	17127	  660	  105	0.00000000	!	0.000000	918.411789	0.640911
  904	17127	  661	  105	0.00000000	!	0.000000	918.411789	0.640911
  904	17127	  642	  106	0.00000000	!	0.000001	918.411789	0.640911
  904	17127	  643	  106	0.00166542	!	1.529538	918.411789	0.642577
  904	17127	  644	  106	0.00230344	!	2.115507	918.411789	0.644880
  904	17127	  645	  106	0.00120106	!	1.103064	918.411789	0.646081
  904	17127	  646	  106	0.00058724	!	0.539328	918.411789	0.646668
  904	17127	  647	  106	0.00001668	!	0.015320	918.411789	0.646685
  904	17127	  648	  106	0.00232699	!	2.137137	918.411789	0.649012
  904	17127	  649	  106	0.00162866	!	1.495779	918.411789	0.650641
  904	17127	  650	  106	0.00000283	!	0.002596	918.411789	0.650644
  904	17127	  652	  106	0.00000000	!	0.000004	918.411789	0.650644
  904	17127	  653	  106	0.00000000	!	0.000000	918.411789	0.650644
  904	17127	  656	  106	0.00010405	!	0.095564	918.411789	0.650748
  904	17127	  657	  106	0.00000018	!	0.000168	918.411789	0.650748
  904	17127	  659	  106	0.00000000	!	0.000002	918.411789	0.650748
  904	17127	  660	  106	0.00000766	!	0.007033	918.411789	0.650756
  904	17127	  661	  106	0.00000001	!	0.000012	918.411789	0.650756
  904	17127	  640	  107	0.00001714	!	0.015739	918.411789	0.650773
  904	17127	  641	  107	0.00000006	!	0.000052	918.411789	0.650773
  904	17127	  642	  107	0.00002474	!	0.022720	918.411789	0.650797
  904	17127	  643	  107	0.00045621	!	0.418991	918.411789	0.651254
  904	17127	  644	  107	0.00002848	!	0.026153	918.411789	0.651282
  904	17127	  645	  107	0.00016056	!	0.147460	918.411789	0.651443
  904	17127	  646	  107	0.00023469	!	0.215543	918.411789	0.651677
  904	17127	  647	  107	0.00002428	!	0.022296	918.411789	0.651702
  904	17127	  648	  107	0.00172269	!	1.582138	918.411789	0.653424
  904	17127	  649	  107	0.00072829	!	0.668867	918.411789	0.654153
  904	17127	  650	  107	0.00000126	!	0.001159	918.411789	0.654154
  904	17127	  652	  107	0.00005970	!	0.054832	918.411789	0.654214
  904	17127	  653	  107	0.00000010	!	0.000096	918.411789	0.654214
  904	17127	  654	  107	0.00000000	!	0.000003	918.411789	0.654214
  904	17127	  655	  107	0.00000000	!	0.000000	918.411789	0.654214
  904	17127	  659	  107	0.00003308	!	0.030377	918.411789	0.654247
  904	17127	  660	  107	0.00000006	!	0.000054	918.411789	0.654247
  904	17127	  635	  108	0.00000013	!	0.000115	918.411789	0.654247
  904	17127	  636	  108	0.00000003	!	0.000031	918.411789	0.654247
  904	17127	  637	  108	0.00000022	!	0.000199	918.411789	0.654247
  904	17127	  638	  108	0.00000002	!	0.000018	918.411789	0.654247
  904	17127	  639	  108	0.00000000	!	0.000000	918.411789	0.654247
  904	17127	  640	  108	0.26974619	!	247.738081	918.411789	0.923993
  904	17127	  641	  108	0.00088802	!	0.815572	918.411789	0.924881
  904	17127	  642	  108	0.00005998	!	0.055086	918.411789	0.924941
  904	17127	  643	  108	0.00000010	!	0.000094	918.411789	0.924942
  904	17127	  644	  108	0.00013256	!	0.121744	918.411789	0.925074
  904	17127	  645	  108	0.00057374	!	0.526932	918.411789	0.925648
  904	17127	  646	  108	0.00017204	!	0.158003	918.411789	0.925820
  904	17127	  647	  108	0.00001981	!	0.018189	918.411789	0.925840
  904	17127	  648	  108	0.00129564	!	1.189928	918.411789	0.927135
  904	17127	  649	  108	0.00007219	!	0.066304	918.411789	0.927208
  904	17127	  650	  108	0.00000012	!	0.000112	918.411789	0.927208
  904	17127	  652	  108	0.00010782	!	0.099024	918.411789	0.927315
  904	17127	  653	  108	0.00000019	!	0.000173	918.411789	0.927316
  904	17127	  654	  108	0.00005290	!	0.048584	918.411789	0.927369
  904	17127	  655	  108	0.00000009	!	0.000085	918.411789	0.927369
  904	17127	  656	  108	0.00000000	!	0.000003	918.411789	0.927369
  904	17127	  657	  108	0.00000000	!	0.000000	918.411789	0.927369
  904	17127	  635	  109	0.00226557	!	2.080729	918.411789	0.929634
  904	17127	  636	  109	0.00056101	!	0.515243	918.411789	0.930195
  904	17127	  637	  109	0.00355750	!	3.267252	918.411789	0.933753
  904	17127	  638	  109	0.00032213	!	0.295848	918.411789	0.934075
  904	17127	  639	  109	0.00000054	!	0.000497	918.411789	0.934075
  904	17127	  640	  109	0.00000000	!	0.000001	918.411789	0.934075
  904	17127	  641	  109	0.00004719	!	0.043341	918.411789	0.934123
  904	17127	  642	  109	0.00002297	!	0.021100	918.411789	0.934146
  904	17127	  643	  109	0.00000004	!	0.000036	918.411789	0.934146
  904	17127	  644	  109	0.00208446	!	1.914394	918.411789	0.936230
  904	17127	  645	  109	0.00010560	!	0.096988	918.411789	0.936336
  904	17127	  646	  109	0.00003307	!	0.030376	918.411789	0.936369
  904	17127	  647	  109	0.00012405	!	0.113930	918.411789	0.936493
  904	17127	  648	  109	0.00036001	!	0.330641	918.411789	0.936853
  904	17127	  649	  109	0.00009295	!	0.085367	918.411789	0.936946
  904	17127	  650	  109	0.00000016	!	0.000148	918.411789	0.936946
  904	17127	  652	  109	0.00006938	!	0.063721	918.411789	0.937015
  904	17127	  653	  109	0.00000012	!	0.000111	918.411789	0.937015
  904	17127	  656	  109	0.00004765	!	0.043767	918.411789	0.937063
  904	17127	  657	  109	0.00000008	!	0.000077	918.411789	0.937063
  904	17127	  635	  110	0.00004844	!	0.044491	918.411789	0.937112
  904	17127	  636	  110	0.00000008	!	0.000076	918.411789	0.937112
  904	17127	  639	  110	0.00000003	!	0.000026	918.411789	0.937112
  904	17127	  640	  110	0.00002524	!	0.023184	918.411789	0.937137
  904	17127	  641	  110	0.00000005	!	0.000046	918.411789	0.937137
  904	17127	  642	  110	0.00000000	!	0.000000	918.411789	0.937137
  904	17127	  645	  110	0.00204423	!	1.877446	918.411789	0.939181
  904	17127	  646	  110	0.00000357	!	0.003275	918.411789	0.939185
  904	17127	  647	  110	0.00016228	!	0.149044	918.411789	0.939347
  904	17127	  648	  110	0.00000028	!	0.000259	918.411789	0.939347
  904	17127	  649	  110	0.00046954	!	0.431227	918.411789	0.939817
  904	17127	  650	  110	0.00000082	!	0.000750	918.411789	0.939818
  904	17127	  639	  111	0.00050524	!	0.464022	918.411789	0.940323
  904	17127	  640	  111	0.00000087	!	0.000796	918.411789	0.940324
  904	17127	  641	  111	0.00011544	!	0.106024	918.411789	0.940439
  904	17127	  642	  111	0.00000020	!	0.000182	918.411789	0.940440
  904	17127	  643	  111	0.00000001	!	0.000006	918.411789	0.940440
  904	17127	  644	  111	0.00000000	!	0.000004	918.411789	0.940440
  904	17127	  645	  111	0.00000000	!	0.000001	918.411789	0.940440
  904	17127	  646	  111	0.00052531	!	0.482452	918.411789	0.940965
  904	17127	  647	  111	0.00000091	!	0.000836	918.411789	0.940966
  904	17127	  649	  111	0.00000001	!	0.000007	918.411789	0.940966
  904	17127	  650	  111	0.00000000	!	0.000000	918.411789	0.940966
  904	17127	  652	  111	0.00000000	!	0.000001	918.411789	0.940966
  904	17127	  653	  111	0.00000000	!	0.000000	918.411789	0.940966
  904	17127	  637	  112	0.00000001	!	0.000009	918.411789	0.940966
  904	17127	  638	  112	0.00000000	!	0.000000	918.411789	0.940966
  904	17127	  643	  112	0.00011612	!	0.106647	918.411789	0.941082
  904	17127	  644	  112	0.00007686	!	0.070587	918.411789	0.941159
  904	17127	  645	  112	0.00002858	!	0.026249	918.411789	0.941187
  904	17127	  646	  112	0.00016032	!	0.147244	918.411789	0.941348
  904	17127	  647	  112	0.00000028	!	0.000255	918.411789	0.941348
  904	17127	  648	  112	0.00000000	!	0.000000	918.411789	0.941348
  904	17127	  649	  112	0.00013655	!	0.125405	918.411789	0.941484
  904	17127	  650	  112	0.00000024	!	0.000219	918.411789	0.941485
  904	17127	  651	  112	0.00000000	!	0.000000	918.411789	0.941485
  904	17127	  652	  112	0.00002742	!	0.025187	918.411789	0.941512
  904	17127	  653	  112	0.00000005	!	0.000044	918.411789	0.941512
  904	17127	  636	  113	0.00000000	!	0.000000	918.411789	0.941512
  904	17127	  637	  113	0.00018180	!	0.166965	918.411789	0.941694
  904	17127	  638	  113	0.00000031	!	0.000286	918.411789	0.941694
  904	17127	  644	  113	0.00000010	!	0.000093	918.411789	0.941694
  904	17127	  645	  113	0.00014894	!	0.136787	918.411789	0.941843
  904	17127	  646	  113	0.00000763	!	0.007003	918.411789	0.941851
  904	17127	  647	  113	0.00000001	!	0.000012	918.411789	0.941851
  904	17127	  648	  113	0.00000961	!	0.008825	918.411789	0.941861
  904	17127	  649	  113	0.00000002	!	0.000015	918.411789	0.941861
  904	17127	  650	  113	0.00000902	!	0.008281	918.411789	0.941870
  904	17127	  651	  113	0.00000002	!	0.000014	918.411789	0.941870
  904	17127	  636	  114	0.00000025	!	0.000225	918.411789	0.941870
  904	17127	  637	  114	0.00360791	!	3.313544	918.411789	0.945478
  904	17127	  638	  114	0.00000617	!	0.005666	918.411789	0.945484
  904	17127	  640	  114	0.00000000	!	0.000002	918.411789	0.945484
  904	17127	  641	  114	0.00000000	!	0.000000	918.411789	0.945484
  904	17127	  643	  114	0.00000002	!	0.000021	918.411789	0.945484
  904	17127	  644	  114	0.00207266	!	1.903560	918.411789	0.947557
  904	17127	  645	  114	0.00000358	!	0.003288	918.411789	0.947560
  904	17127	  646	  114	0.00006208	!	0.057017	918.411789	0.947622
  904	17127	  647	  114	0.00000011	!	0.000099	918.411789	0.947622
  904	17127	  636	  115	0.00006686	!	0.061409	918.411789	0.947689
  904	17127	  637	  115	0.00000011	!	0.000105	918.411789	0.947689
  904	17127	  640	  115	0.00004002	!	0.036756	918.411789	0.947729
  904	17127	  641	  115	0.00000007	!	0.000063	918.411789	0.947729
  904	17127	  643	  115	0.00049996	!	0.459169	918.411789	0.948229
  904	17127	  644	  115	0.00035233	!	0.323583	918.411789	0.948582
  904	17127	  645	  115	0.00000061	!	0.000561	918.411789	0.948582
  904	17127	  646	  115	0.00000000	!	0.000000	918.411789	0.948582
  904	17127	  647	  115	0.00000000	!	0.000000	918.411789	0.948582
  904	17127	  643	  116	0.02301824	!	21.140221	918.411789	0.971601
  904	17127	  644	  116	0.00003970	!	0.036465	918.411789	0.971640
  904	17127	  645	  116	0.00008198	!	0.075291	918.411789	0.971722
  904	17127	  646	  116	0.00000767	!	0.007042	918.411789	0.971730
  904	17127	  647	  116	0.00000001	!	0.000012	918.411789	0.971730
  904	17127	  641	  117	0.00000001	!	0.000005	918.411789	0.971730
  904	17127	  642	  117	0.00000001	!	0.000011	918.411789	0.971730
  904	17127	  643	  117	0.02734933	!	25.117944	918.411789	0.999079
  904	17127	  644	  117	0.00004718	!	0.043327	918.411789	0.999126
  904	17127	  641	  118	0.00014072	!	0.129236	918.411789	0.999267
  904	17127	  642	  118	0.00030086	!	0.276316	918.411789	0.999568
  904	17127	  643	  118	0.00000052	!	0.000476	918.411789	0.999569
  904	17127	  645	  118	0.00000001	!	0.000013	918.411789	0.999569
  904	17127	  646	  118	0.00000000	!	0.000000	918.411789	0.999569
  904	17127	  641	  119	0.00004791	!	0.044003	918.411789	0.999617
  904	17127	  642	  119	0.00000009	!	0.000082	918.411789	0.999617
  904	17127	  645	  119	0.00038270	!	0.351472	918.411789	0.999999
  904	17127	  646	  119	0.00000070	!	0.000643	918.411789	1.000000
  904	17085	  514	  513	0.00594036	!	3.151249	530.481257	0.005940
  904	17085	  515	  513	0.00000745	!	0.003950	530.481257	0.005948
  904	17085	  514	  514	0.00001177	!	0.006242	530.481257	0.005960
  904	17085	  515	  514	0.00000002	!	0.000009	530.481257	0.005960
  904	17085	  515	  524	0.00554216	!	2.940012	530.481257	0.011502
  904	17085	  516	  524	0.00000780	!	0.004137	530.481257	0.011510
  904	17085	  515	  525	0.00000537	!	0.002850	530.481257	0.011515
  904	17085	  516	  525	0.00000001	!	0.000004	530.481257	0.011515
  904	17085	  528	  527	0.05181556	!	27.487182	530.481257	0.063330
  904	17085	  529	  527	0.00995332	!	5.280050	530.481257	0.073284
  904	17085	  530	  527	0.00001424	!	0.007556	530.481257	0.073298
  904	17085	  528	  528	0.00005062	!	0.026853	530.481257	0.073349
  904	17085	  529	  528	0.20788141	!	110.277189	530.481257	0.281230
  904	17085	  530	  528	0.00029974	!	0.159007	530.481257	0.281530
  904	17085	  529	  529	0.00020359	!	0.108001	530.481257	0.281733
  904	17085	  530	  529	0.00000029	!	0.000156	530.481257	0.281734
  904	17085	  502	  530	0.01374941	!	7.293803	530.481257	0.295483
  904	17085	  503	  530	0.00001890	!	0.010028	530.481257	0.295502
  904	17085	  496	  531	0.00406916	!	2.158612	530.481257	0.299571
  904	17085	  497	  531	0.00000553	!	0.002936	530.481257	0.299577
  904	17085	  501	  531	0.02561525	!	13.588411	530.481257	0.325192
  904	17085	  502	  531	0.02888555	!	15.323244	530.481257	0.354078
  904	17085	  503	  531	0.00003967	!	0.021042	530.481257	0.354117
  904	17085	  496	  532	0.00000402	!	0.002130	530.481257	0.354121
  904	17085	  497	  532	0.00000001	!	0.000003	530.481257	0.354121
  904	17085	  501	  532	0.02537916	!	13.463167	530.481257	0.379500
  904	17085	  502	  532	0.00006329	!	0.033573	530.481257	0.379564
  904	17085	  503	  532	0.00000004	!	0.000021	530.481257	0.379564
  904	17085	  494	  533	0.00923985	!	4.901566	530.481257	0.388804
  904	17085	  495	  533	0.00001252	!	0.006642	530.481257	0.388816
  904	17085	  501	  533	0.05354785	!	28.406132	530.481257	0.442364
  904	17085	  502	  533	0.00007349	!	0.038984	530.481257	0.442437
  904	17085	  491	  534	0.03792633	!	20.119207	530.481257	0.480364
  904	17085	  492	  534	0.45466462	!	241.191057	530.481257	0.935028
  904	17085	  493	  534	0.00061375	!	0.325585	530.481257	0.935642
  904	17085	  494	  534	0.00000916	!	0.004861	530.481257	0.935651
  904	17085	  495	  534	0.00000001	!	0.000007	530.481257	0.935651
  904	17085	  501	  534	0.00005308	!	0.028160	530.481257	0.935704
  904	17085	  502	  534	0.00000007	!	0.000039	530.481257	0.935704
  904	17085	  491	  535	0.00003771	!	0.020004	530.481257	0.935742
  904	17085	  492	  535	0.00045207	!	0.239813	530.481257	0.936194
  904	17085	  493	  535	0.00000061	!	0.000324	530.481257	0.936195
  904	17085	  489	  536	0.01491816	!	7.913803	530.481257	0.951113
  904	17085	  490	  536	0.00002003	!	0.010625	530.481257	0.951133
  904	17085	  513	  536	0.01866734	!	9.902675	530.481257	0.969800
  904	17085	  514	  536	0.00002617	!	0.013885	530.481257	0.969827
  904	17085	  489	  537	0.00001491	!	0.007908	530.481257	0.969841
  904	17085	  490	  537	0.00000002	!	0.000011	530.481257	0.969841
  904	17085	  513	  537	0.00001865	!	0.009895	530.481257	0.969860
  904	17085	  514	  537	0.00000003	!	0.000014	530.481257	0.969860
  904	17085	  529	  537	0.00234977	!	1.246510	530.481257	0.972210
  904	17085	  530	  537	0.00535686	!	2.841714	530.481257	0.977567
  904	17085	  531	  537	0.00000773	!	0.004102	530.481257	0.977574
  904	17085	  529	  538	0.00000235	!	0.001249	530.481257	0.977577
  904	17085	  530	  538	0.00000537	!	0.002847	530.481257	0.977582
  904	17085	  531	  538	0.00000001	!	0.000004	530.481257	0.977582
  904	17085	  522	  539	0.00366151	!	1.942361	530.481257	0.981244
  904	17085	  523	  539	0.00000522	!	0.002767	530.481257	0.981249
  904	17085	  529	  539	0.01870155	!	9.920824	530.481257	0.999950
  904	17085	  530	  539	0.00002697	!	0.014305	530.481257	0.999977
  904	17085	  522	  540	0.00000369	!	0.001955	530.481257	0.999981
  904	17085	  523	  540	0.00000001	!	0.000003	530.481257	0.999981
  904	17085	  529	  540	0.00001883	!	0.009987	530.481257	1.000000
  904	17085	  530	  540	0.00000003	!	0.000014	530.481257	1.000000
  904	17119	  542	  221	0.00065635	!	6.341421	9661.659824	0.000656
  904	17119	  543	  221	0.00060401	!	5.835697	9661.659824	0.001260
  904	17119	  544	  221	0.00032567	!	3.146478	9661.659824	0.001586
  904	17119	  545	  221	0.00010187	!	0.984206	9661.659824	0.001688
  904	17119	  546	  221	0.00000013	!	0.001282	9661.659824	0.001688
  904	17119	  547	  221	0.00035250	!	3.405768	9661.659824	0.002041
  904	17119	  548	  221	0.00003354	!	0.324007	9661.659824	0.002074
  904	17119	  549	  221	0.00001457	!	0.140754	9661.659824	0.002089
  904	17119	  550	  221	0.00000001	!	0.000077	9661.659824	0.002089
  904	17119	  541	  222	0.00179373	!	17.330395	9661.659824	0.003882
  904	17119	  542	  222	0.00448795	!	43.361004	9661.659824	0.008370
  904	17119	  543	  222	0.00086895	!	8.395508	9661.659824	0.009239
  904	17119	  544	  222	0.00000150	!	0.014524	9661.659824	0.009241
  904	17119	  545	  222	0.00174691	!	16.878035	9661.659824	0.010988
  904	17119	  546	  222	0.00069961	!	6.759378	9661.659824	0.011687
  904	17119	  547	  222	0.00064436	!	6.225585	9661.659824	0.012332
  904	17119	  548	  222	0.00000103	!	0.009913	9661.659824	0.012333
  904	17119	  549	  222	0.00022616	!	2.185052	9661.659824	0.012559
  904	17119	  550	  222	0.00000034	!	0.003259	9661.659824	0.012559
  904	17119	  551	  222	0.00088085	!	8.510494	9661.659824	0.013440
  904	17119	  552	  222	0.00023822	!	2.301578	9661.659824	0.013678
  904	17119	  553	  222	0.00080686	!	7.795561	9661.659824	0.014485
  904	17119	  554	  222	0.00000116	!	0.011181	9661.659824	0.014486
  904	17119	  541	  223	0.01352997	!	130.722012	9661.659824	0.028016
  904	17119	  542	  223	0.00186240	!	17.993861	9661.659824	0.029879
  904	17119	  543	  223	0.00213924	!	20.668593	9661.659824	0.032018
  904	17119	  544	  223	0.00000315	!	0.030481	9661.659824	0.032021
  904	17119	  545	  223	0.00000039	!	0.003732	9661.659824	0.032021
  904	17119	  546	  223	0.00000015	!	0.001495	9661.659824	0.032022
  904	17119	  547	  223	0.00000014	!	0.001376	9661.659824	0.032022
  904	17119	  548	  223	0.00080088	!	7.737806	9661.659824	0.032823
  904	17119	  549	  223	0.00000124	!	0.012005	9661.659824	0.032824
  904	17119	  550	  223	0.00000000	!	0.000001	9661.659824	0.032824
  904	17119	  551	  223	0.00153382	!	14.819278	9661.659824	0.034358
  904	17119	  552	  223	0.00000236	!	0.022776	9661.659824	0.034360
  904	17119	  553	  223	0.00144357	!	13.947290	9661.659824	0.035804
  904	17119	  554	  223	0.00000217	!	0.020941	9661.659824	0.035806
  904	17119	  540	  224	0.00037690	!	3.641508	9661.659824	0.036183
  904	17119	  541	  224	0.00138056	!	13.338463	9661.659824	0.037563
  904	17119	  542	  224	0.00679346	!	65.636104	9661.659824	0.044357
  904	17119	  543	  224	0.00204676	!	19.775059	9661.659824	0.046403
  904	17119	  544	  224	0.00079330	!	7.664628	9661.659824	0.047197
  904	17119	  545	  224	0.00000117	!	0.011294	9661.659824	0.047198
  904	17119	  548	  224	0.00000018	!	0.001730	9661.659824	0.047198
  904	17119	  549	  224	0.00000000	!	0.000003	9661.659824	0.047198
  904	17119	  550	  224	0.00508753	!	49.153980	9661.659824	0.052286
  904	17119	  551	  224	0.00393878	!	38.055185	9661.659824	0.056224
  904	17119	  552	  224	0.00074277	!	7.176353	9661.659824	0.056967
  904	17119	  553	  224	0.00136787	!	13.215917	9661.659824	0.058335
  904	17119	  554	  224	0.00000205	!	0.019827	9661.659824	0.058337
  904	17119	  540	  225	0.00114266	!	11.040030	9661.659824	0.059480
  904	17119	  541	  225	0.00117941	!	11.395064	9661.659824	0.060659
  904	17119	  542	  225	0.00542037	!	52.369796	9661.659824	0.066080
  904	17119	  543	  225	0.00384516	!	37.150581	9661.659824	0.069925
  904	17119	  544	  225	0.00073503	!	7.101619	9661.659824	0.070660
  904	17119	  545	  225	0.00075508	!	7.295295	9661.659824	0.071415
  904	17119	  546	  225	0.00464367	!	44.865577	9661.659824	0.076058
  904	17119	  547	  225	0.00000689	!	0.066568	9661.659824	0.076065
  904	17119	  548	  225	0.00067645	!	6.535669	9661.659824	0.076742
  904	17119	  549	  225	0.00000101	!	0.009732	9661.659824	0.076743
  904	17119	  550	  225	0.00000115	!	0.011114	9661.659824	0.076744
  904	17119	  551	  225	0.00303270	!	29.300918	9661.659824	0.079777
  904	17119	  552	  225	0.00000471	!	0.045458	9661.659824	0.079781
  904	17119	  553	  225	0.00117280	!	11.331214	9661.659824	0.080954
  904	17119	  554	  225	0.00149795	!	14.472698	9661.659824	0.082452
  904	17119	  555	  225	0.00000225	!	0.021741	9661.659824	0.082454
  904	17119	  540	  226	0.00000026	!	0.002523	9661.659824	0.082455
  904	17119	  541	  226	0.00030646	!	2.960879	9661.659824	0.082761
  904	17119	  542	  226	0.00706969	!	68.304957	9661.659824	0.089831
  904	17119	  543	  226	0.00228793	!	22.105214	9661.659824	0.092119
  904	17119	  544	  226	0.00143155	!	13.831181	9661.659824	0.093550
  904	17119	  545	  226	0.00000228	!	0.022075	9661.659824	0.093553
  904	17119	  546	  226	0.00000106	!	0.010255	9661.659824	0.093554
  904	17119	  547	  226	0.00282057	!	27.251386	9661.659824	0.096374
  904	17119	  548	  226	0.00000435	!	0.042005	9661.659824	0.096379
  904	17119	  549	  226	0.00000000	!	0.000002	9661.659824	0.096379
  904	17119	  551	  226	0.00000069	!	0.006696	9661.659824	0.096379
  904	17119	  552	  226	0.00000000	!	0.000010	9661.659824	0.096379
  904	17119	  553	  226	0.00000027	!	0.002589	9661.659824	0.096379
  904	17119	  554	  226	0.00000034	!	0.003308	9661.659824	0.096380
  904	17119	  555	  226	0.00000000	!	0.000005	9661.659824	0.096380
  904	17119	  541	  227	0.00000007	!	0.000684	9661.659824	0.096380
  904	17119	  542	  227	0.00000163	!	0.015779	9661.659824	0.096382
  904	17119	  543	  227	0.00028685	!	2.771430	9661.659824	0.096668
  904	17119	  544	  227	0.00046816	!	4.523190	9661.659824	0.097137
  904	17119	  545	  227	0.00042177	!	4.074986	9661.659824	0.097558
  904	17119	  546	  227	0.00006198	!	0.598819	9661.659824	0.097620
  904	17119	  547	  227	0.00009442	!	0.912243	9661.659824	0.097715
  904	17119	  548	  227	0.00000014	!	0.001355	9661.659824	0.097715
  904	17119	  555	  227	0.00050838	!	4.911835	9661.659824	0.098223
  904	17119	  556	  227	0.00000077	!	0.007399	9661.659824	0.098224
  904	17119	  558	  227	0.00076430	!	7.384394	9661.659824	0.098988
  904	17119	  559	  227	0.00187406	!	18.106484	9661.659824	0.100862
  904	17119	  560	  227	0.00041182	!	3.978901	9661.659824	0.101274
  904	17119	  561	  227	0.00000062	!	0.006002	9661.659824	0.101275
  904	17119	  543	  228	0.00236875	!	22.886058	9661.659824	0.103644
  904	17119	  544	  228	0.00315669	!	30.498822	9661.659824	0.106800
  904	17119	  545	  228	0.00016984	!	1.640973	9661.659824	0.106970
  904	17119	  546	  228	0.00000026	!	0.002503	9661.659824	0.106970
  904	17119	  547	  228	0.00088242	!	8.525624	9661.659824	0.107853
  904	17119	  548	  228	0.00000131	!	0.012674	9661.659824	0.107854
  904	17119	  550	  228	0.00033840	!	3.269459	9661.659824	0.108192
  904	17119	  551	  228	0.00000051	!	0.004885	9661.659824	0.108193
  904	17119	  554	  228	0.00162848	!	15.733775	9661.659824	0.109821
  904	17119	  555	  228	0.01574786	!	152.150500	9661.659824	0.125569
  904	17119	  556	  228	0.00002372	!	0.229168	9661.659824	0.125593
  904	17119	  557	  228	0.00192940	!	18.641169	9661.659824	0.127522
  904	17119	  558	  228	0.10514139	!	1015.840389	9661.659824	0.232664
  904	17119	  559	  228	0.00169099	!	16.337736	9661.659824	0.234355
  904	17119	  560	  228	0.00000242	!	0.023365	9661.659824	0.234357
  904	17119	  561	  228	0.00000000	!	0.000001	9661.659824	0.234357
  904	17119	  565	  228	0.00108299	!	10.463496	9661.659824	0.235440
  904	17119	  566	  228	0.00000166	!	0.016022	9661.659824	0.235442
  904	17119	  567	  228	0.00066584	!	6.433114	9661.659824	0.236108
  904	17119	  568	  228	0.00000102	!	0.009883	9661.659824	0.236109
  904	17119	  543	  229	0.00000056	!	0.005401	9661.659824	0.236109
  904	17119	  544	  229	0.01163859	!	112.448125	9661.659824	0.247748
  904	17119	  545	  229	0.00008752	!	0.845565	9661.659824	0.247835
  904	17119	  546	  229	0.00000010	!	0.001006	9661.659824	0.247835
  904	17119	  547	  229	0.00303527	!	29.325775	9661.659824	0.250871
  904	17119	  548	  229	0.05747444	!	555.298451	9661.659824	0.308345
  904	17119	  549	  229	0.00008558	!	0.826803	9661.659824	0.308431
  904	17119	  550	  229	0.00000008	!	0.000772	9661.659824	0.308431
  904	17119	  551	  229	0.00000000	!	0.000001	9661.659824	0.308431
  904	17119	  553	  229	0.00043837	!	4.235353	9661.659824	0.308869
  904	17119	  554	  229	0.00000104	!	0.010072	9661.659824	0.308870
  904	17119	  555	  229	0.00000372	!	0.035908	9661.659824	0.308874
  904	17119	  556	  229	0.00000001	!	0.000054	9661.659824	0.308874
  904	17119	  557	  229	0.04723627	!	456.380809	9661.659824	0.356110
  904	17119	  558	  229	0.00009621	!	0.929508	9661.659824	0.356206
  904	17119	  559	  229	0.00000040	!	0.003855	9661.659824	0.356207
  904	17119	  560	  229	0.00000000	!	0.000005	9661.659824	0.356207
  904	17119	  565	  229	0.00000026	!	0.002469	9661.659824	0.356207
  904	17119	  566	  229	0.00000000	!	0.000004	9661.659824	0.356207
  904	17119	  567	  229	0.00000016	!	0.001518	9661.659824	0.356207
  904	17119	  568	  229	0.00000000	!	0.000002	9661.659824	0.356207
  904	17119	  544	  230	0.00109053	!	10.536325	9661.659824	0.357298
  904	17119	  545	  230	0.00000163	!	0.015746	9661.659824	0.357299
  904	17119	  546	  230	0.00000000	!	0.000000	9661.659824	0.357299
  904	17119	  547	  230	0.03512782	!	339.393007	9661.659824	0.392427
  904	17119	  548	  230	0.04443675	!	429.332742	9661.659824	0.436864
  904	17119	  549	  230	0.01218197	!	117.698060	9661.659824	0.449046
  904	17119	  550	  230	0.00001807	!	0.174598	9661.659824	0.449064
  904	17119	  553	  230	0.00000010	!	0.001010	9661.659824	0.449064
  904	17119	  554	  230	0.00000000	!	0.000002	9661.659824	0.449064
  904	17119	  557	  230	0.00001126	!	0.108837	9661.659824	0.449075
  904	17119	  558	  230	0.00000002	!	0.000164	9661.659824	0.449075
  904	17119	  571	  230	0.00337452	!	32.603461	9661.659824	0.452450
  904	17119	  572	  230	0.00682057	!	65.898027	9661.659824	0.459271
  904	17119	  573	  230	0.00112770	!	10.895422	9661.659824	0.460398
  904	17119	  574	  230	0.00000173	!	0.016742	9661.659824	0.460400
  904	17119	  544	  231	0.00063995	!	6.182990	9661.659824	0.461040
  904	17119	  545	  231	0.00000095	!	0.009145	9661.659824	0.461041
  904	17119	  546	  231	0.00362534	!	35.026755	9661.659824	0.464666
  904	17119	  547	  231	0.00325504	!	31.449099	9661.659824	0.467921
  904	17119	  548	  231	0.09736588	!	940.715968	9661.659824	0.565287
  904	17119	  549	  231	0.02795682	!	270.109302	9661.659824	0.593244
  904	17119	  550	  231	0.00317687	!	30.693802	9661.659824	0.596421
  904	17119	  551	  231	0.00000468	!	0.045258	9661.659824	0.596425
  904	17119	  552	  231	0.00038120	!	3.683010	9661.659824	0.596807
  904	17119	  553	  231	0.00071072	!	6.866758	9661.659824	0.597517
  904	17119	  554	  231	0.00000107	!	0.010302	9661.659824	0.597518
  904	17119	  555	  231	0.00035626	!	3.442042	9661.659824	0.597875
  904	17119	  556	  231	0.00000054	!	0.005185	9661.659824	0.597875
  904	17119	  564	  231	0.00072510	!	7.005688	9661.659824	0.598600
  904	17119	  565	  231	0.00105944	!	10.235981	9661.659824	0.599660
  904	17119	  566	  231	0.00000162	!	0.015657	9661.659824	0.599661
  904	17119	  571	  231	0.00000081	!	0.007856	9661.659824	0.599662
  904	17119	  572	  231	0.00158978	!	15.359872	9661.659824	0.601252
  904	17119	  573	  231	0.00736852	!	71.192129	9661.659824	0.608621
  904	17119	  574	  231	0.00001143	!	0.110390	9661.659824	0.608632
  904	17119	  544	  232	0.00000016	!	0.001505	9661.659824	0.608632
  904	17119	  545	  232	0.00000000	!	0.000002	9661.659824	0.608632
  904	17119	  546	  232	0.00644061	!	62.227005	9661.659824	0.615073
  904	17119	  547	  232	0.00400762	!	38.720256	9661.659824	0.619080
  904	17119	  548	  232	0.03634274	!	351.131230	9661.659824	0.655423
  904	17119	  549	  232	0.00939524	!	90.773630	9661.659824	0.664818
  904	17119	  550	  232	0.00001470	!	0.141987	9661.659824	0.664833
  904	17119	  551	  232	0.00000000	!	0.000011	9661.659824	0.664833
  904	17119	  552	  232	0.00104644	!	10.110369	9661.659824	0.665879
  904	17119	  553	  232	0.00129207	!	12.483512	9661.659824	0.667172
  904	17119	  554	  232	0.00186997	!	18.066980	9661.659824	0.669042
  904	17119	  555	  232	0.00538253	!	52.004220	9661.659824	0.674424
  904	17119	  556	  232	0.00000810	!	0.078300	9661.659824	0.674432
  904	17119	  564	  232	0.00000018	!	0.001705	9661.659824	0.674432
  904	17119	  565	  232	0.00000026	!	0.002492	9661.659824	0.674433
  904	17119	  566	  232	0.00000000	!	0.000004	9661.659824	0.674433
  904	17119	  572	  232	0.00085402	!	8.251280	9661.659824	0.675287
  904	17119	  573	  232	0.00000312	!	0.030102	9661.659824	0.675290
  904	17119	  574	  232	0.00000000	!	0.000027	9661.659824	0.675290
  904	17119	  546	  233	0.00412726	!	39.876174	9661.659824	0.679417
  904	17119	  547	  233	0.00128422	!	12.407705	9661.659824	0.680701
  904	17119	  548	  233	0.00001083	!	0.104633	9661.659824	0.680712
  904	17119	  549	  233	0.00000231	!	0.022306	9661.659824	0.680714
  904	17119	  550	  233	0.00000000	!	0.000033	9661.659824	0.680714
  904	17119	  552	  233	0.00000026	!	0.002486	9661.659824	0.680715
  904	17119	  553	  233	0.00026262	!	2.537379	9661.659824	0.680977
  904	17119	  554	  233	0.00091213	!	8.812708	9661.659824	0.681889
  904	17119	  555	  233	0.00199365	!	19.261982	9661.659824	0.683883
  904	17119	  556	  233	0.00000300	!	0.028997	9661.659824	0.683886
  904	17119	  566	  233	0.00105416	!	10.184952	9661.659824	0.684940
  904	17119	  567	  233	0.00000162	!	0.015621	9661.659824	0.684942
  904	17119	  568	  233	0.00101564	!	9.812726	9661.659824	0.685957
  904	17119	  569	  233	0.00000156	!	0.015099	9661.659824	0.685959
  904	17119	  572	  233	0.00000021	!	0.002028	9661.659824	0.685959
  904	17119	  573	  233	0.00000000	!	0.000003	9661.659824	0.685959
  904	17119	  545	  234	0.00215844	!	20.854154	9661.659824	0.688118
  904	17119	  546	  234	0.00000422	!	0.040799	9661.659824	0.688122
  904	17119	  547	  234	0.00135466	!	13.088230	9661.659824	0.689477
  904	17119	  548	  234	0.00126292	!	12.201940	9661.659824	0.690739
  904	17119	  549	  234	0.00000188	!	0.018140	9661.659824	0.690741
  904	17119	  553	  234	0.00178835	!	17.278472	9661.659824	0.692530
  904	17119	  554	  234	0.00044818	!	4.330187	9661.659824	0.692978
  904	17119	  555	  234	0.00143241	!	13.839468	9661.659824	0.694410
  904	17119	  556	  234	0.00000216	!	0.020838	9661.659824	0.694412
  904	17119	  558	  234	0.00133464	!	12.894849	9661.659824	0.695747
  904	17119	  559	  234	0.00000202	!	0.019521	9661.659824	0.695749
  904	17119	  566	  234	0.00265260	!	25.628534	9661.659824	0.698402
  904	17119	  567	  234	0.00000407	!	0.039307	9661.659824	0.698406
  904	17119	  568	  234	0.00000025	!	0.002437	9661.659824	0.698406
  904	17119	  569	  234	0.00000000	!	0.000004	9661.659824	0.698406
  904	17119	  571	  234	0.02648646	!	255.903161	9661.659824	0.724892
  904	17119	  572	  234	0.02358223	!	227.843487	9661.659824	0.748475
  904	17119	  573	  234	0.00003646	!	0.352233	9661.659824	0.748511
  904	17119	  575	  234	0.00439893	!	42.500970	9661.659824	0.752910
  904	17119	  576	  234	0.00000685	!	0.066135	9661.659824	0.752917
  904	17119	  577	  234	0.00109095	!	10.540350	9661.659824	0.754008
  904	17119	  578	  234	0.00000011	!	0.001059	9661.659824	0.754008
  904	17119	  545	  235	0.00000054	!	0.005232	9661.659824	0.754009
  904	17119	  546	  235	0.00044557	!	4.304935	9661.659824	0.754454
  904	17119	  547	  235	0.00096286	!	9.302781	9661.659824	0.755417
  904	17119	  548	  235	0.00246109	!	23.778204	9661.659824	0.757878
  904	17119	  549	  235	0.00106666	!	10.305704	9661.659824	0.758945
  904	17119	  550	  235	0.00401067	!	38.749706	9661.659824	0.762955
  904	17119	  551	  235	0.00038002	!	3.671661	9661.659824	0.763335
  904	17119	  552	  235	0.00000056	!	0.005408	9661.659824	0.763336
  904	17119	  553	  235	0.00074364	!	7.184806	9661.659824	0.764080
  904	17119	  554	  235	0.00493731	!	47.702648	9661.659824	0.769017
  904	17119	  555	  235	0.00044841	!	4.332373	9661.659824	0.769465
  904	17119	  556	  235	0.00000066	!	0.006418	9661.659824	0.769466
  904	17119	  558	  235	0.00000033	!	0.003235	9661.659824	0.769466
  904	17119	  559	  235	0.00000000	!	0.000005	9661.659824	0.769466
  904	17119	  566	  235	0.00000067	!	0.006429	9661.659824	0.769467
  904	17119	  567	  235	0.00000000	!	0.000010	9661.659824	0.769467
  904	17119	  571	  235	0.00000664	!	0.064197	9661.659824	0.769474
  904	17119	  572	  235	0.00000592	!	0.057157	9661.659824	0.769480
  904	17119	  573	  235	0.00000001	!	0.000088	9661.659824	0.769480
  904	17119	  575	  235	0.00000110	!	0.010662	9661.659824	0.769481
  904	17119	  576	  235	0.00000000	!	0.000017	9661.659824	0.769481
  904	17119	  577	  235	0.00000026	!	0.002510	9661.659824	0.769481
  904	17119	  545	  236	0.00155684	!	15.041669	9661.659824	0.771038
  904	17119	  546	  236	0.00077138	!	7.452838	9661.659824	0.771809
  904	17119	  547	  236	0.00501263	!	48.430354	9661.659824	0.776822
  904	17119	  548	  236	0.00146818	!	14.185048	9661.659824	0.778290
  904	17119	  549	  236	0.00000244	!	0.023617	9661.659824	0.778292
  904	17119	  550	  236	0.00162575	!	15.707468	9661.659824	0.779918
  904	17119	  551	  236	0.00077869	!	7.523411	9661.659824	0.780697
  904	17119	  552	  236	0.00000116	!	0.011224	9661.659824	0.780698
  904	17119	  553	  236	0.00000019	!	0.001819	9661.659824	0.780698
  904	17119	  554	  236	0.00000125	!	0.012085	9661.659824	0.780699
  904	17119	  555	  236	0.00000011	!	0.001097	9661.659824	0.780700
  904	17119	  556	  236	0.00000000	!	0.000002	9661.659824	0.780700
  904	17119	  545	  237	0.00633734	!	61.229181	9661.659824	0.787037
  904	17119	  546	  237	0.00463167	!	44.749654	9661.659824	0.791669
  904	17119	  547	  237	0.00527468	!	50.962127	9661.659824	0.796943
  904	17119	  548	  237	0.00049260	!	4.759290	9661.659824	0.797436
  904	17119	  549	  237	0.00000072	!	0.006974	9661.659824	0.797437
  904	17119	  550	  237	0.00000042	!	0.004016	9661.659824	0.797437
  904	17119	  551	  237	0.00000020	!	0.001924	9661.659824	0.797437
  904	17119	  552	  237	0.00000000	!	0.000003	9661.659824	0.797437
  904	17119	  544	  238	0.01079313	!	104.279541	9661.659824	0.808230
  904	17119	  545	  238	0.00471444	!	45.549345	9661.659824	0.812945
  904	17119	  546	  238	0.00174841	!	16.892585	9661.659824	0.814693
  904	17119	  547	  238	0.00373795	!	36.114848	9661.659824	0.818431
  904	17119	  548	  238	0.00000568	!	0.054859	9661.659824	0.818437
  904	17119	  549	  238	0.00000000	!	0.000002	9661.659824	0.818437
  904	17119	  542	  239	0.00426986	!	41.253892	9661.659824	0.822707
  904	17119	  543	  239	0.00052814	!	5.102756	9661.659824	0.823235
  904	17119	  544	  239	0.01506379	!	145.541172	9661.659824	0.838299
  904	17119	  545	  239	0.00071427	!	6.900997	9661.659824	0.839013
  904	17119	  546	  239	0.00251492	!	24.298329	9661.659824	0.841528
  904	17119	  547	  239	0.00071130	!	6.872301	9661.659824	0.842239
  904	17119	  548	  239	0.00000105	!	0.010163	9661.659824	0.842240
  904	17119	  540	  240	0.00025933	!	2.505599	9661.659824	0.842499
  904	17119	  541	  240	0.00097066	!	9.378234	9661.659824	0.843470
  904	17119	  542	  240	0.00000255	!	0.024656	9661.659824	0.843473
  904	17119	  543	  240	0.01288852	!	124.524520	9661.659824	0.856361
  904	17119	  544	  240	0.00120200	!	11.613267	9661.659824	0.857563
  904	17119	  545	  240	0.00000193	!	0.018662	9661.659824	0.857565
  904	17119	  546	  240	0.00067979	!	6.567932	9661.659824	0.858245
  904	17119	  547	  240	0.00000119	!	0.011545	9661.659824	0.858246
  904	17119	  548	  240	0.00091676	!	8.857425	9661.659824	0.859163
  904	17119	  549	  240	0.00000137	!	0.013189	9661.659824	0.859164
  904	17119	  560	  240	0.02282752	!	220.551759	9661.659824	0.881992
  904	17119	  561	  240	0.01112824	!	107.517282	9661.659824	0.893120
  904	17119	  562	  240	0.00001688	!	0.163059	9661.659824	0.893137
  904	17119	  538	  241	0.00074561	!	7.203805	9661.659824	0.893882
  904	17119	  539	  241	0.00023410	!	2.261801	9661.659824	0.894117
  904	17119	  540	  241	0.00020018	!	1.934068	9661.659824	0.894317
  904	17119	  541	  241	0.00036469	!	3.523503	9661.659824	0.894681
  904	17119	  542	  241	0.00009167	!	0.885718	9661.659824	0.894773
  904	17119	  543	  241	0.00059588	!	5.757191	9661.659824	0.895369
  904	17119	  544	  241	0.00124408	!	12.019870	9661.659824	0.896613
  904	17119	  545	  241	0.00203279	!	19.640102	9661.659824	0.898646
  904	17119	  546	  241	0.00000319	!	0.030816	9661.659824	0.898649
  904	17119	  547	  241	0.00233519	!	22.561783	9661.659824	0.900984
  904	17119	  548	  241	0.00084257	!	8.140617	9661.659824	0.901827
  904	17119	  549	  241	0.00000125	!	0.012072	9661.659824	0.901828
  904	17119	  560	  241	0.00000607	!	0.058605	9661.659824	0.901834
  904	17119	  561	  241	0.00113915	!	11.006106	9661.659824	0.902973
  904	17119	  562	  241	0.00842678	!	81.416677	9661.659824	0.911400
  904	17119	  563	  241	0.00001284	!	0.124038	9661.659824	0.911413
  904	17119	  538	  242	0.00000020	!	0.001932	9661.659824	0.911413
  904	17119	  539	  242	0.00060445	!	5.839989	9661.659824	0.912018
  904	17119	  540	  242	0.00429611	!	41.507542	9661.659824	0.916314
  904	17119	  541	  242	0.00189943	!	18.351624	9661.659824	0.918213
  904	17119	  542	  242	0.00026980	!	2.606673	9661.659824	0.918483
  904	17119	  543	  242	0.00034203	!	3.304547	9661.659824	0.918825
  904	17119	  544	  242	0.00000084	!	0.008095	9661.659824	0.918826
  904	17119	  545	  242	0.00007989	!	0.771825	9661.659824	0.918906
  904	17119	  546	  242	0.00000012	!	0.001144	9661.659824	0.918906
  904	17119	  547	  242	0.00039347	!	3.801553	9661.659824	0.919299
  904	17119	  548	  242	0.00000081	!	0.007825	9661.659824	0.919300
  904	17119	  549	  242	0.00000000	!	0.000003	9661.659824	0.919300
  904	17119	  561	  242	0.06494315	!	627.458624	9661.659824	0.984243
  904	17119	  562	  242	0.00010106	!	0.976399	9661.659824	0.984344
  904	17119	  563	  242	0.00000000	!	0.000033	9661.659824	0.984344
  904	17119	  569	  242	0.00010654	!	1.029370	9661.659824	0.984451
  904	17119	  570	  242	0.00000016	!	0.001586	9661.659824	0.984451
  904	17119	  537	  243	0.00027486	!	2.655594	9661.659824	0.984726
  904	17119	  538	  243	0.00044648	!	4.313725	9661.659824	0.985172
  904	17119	  539	  243	0.00076965	!	7.436059	9661.659824	0.985942
  904	17119	  540	  243	0.00000229	!	0.022130	9661.659824	0.985944
  904	17119	  541	  243	0.00000051	!	0.004967	9661.659824	0.985945
  904	17119	  542	  243	0.00000007	!	0.000705	9661.659824	0.985945
  904	17119	  543	  243	0.00000009	!	0.000894	9661.659824	0.985945
  904	17119	  544	  243	0.00000000	!	0.000001	9661.659824	0.985945
  904	17119	  545	  243	0.00000002	!	0.000207	9661.659824	0.985945
  904	17119	  546	  243	0.00000000	!	0.000000	9661.659824	0.985945
  904	17119	  547	  243	0.00000011	!	0.001027	9661.659824	0.985945
  904	17119	  548	  243	0.00000000	!	0.000002	9661.659824	0.985945
  904	17119	  561	  243	0.00001758	!	0.169835	9661.659824	0.985963
  904	17119	  562	  243	0.00000003	!	0.000258	9661.659824	0.985963
  904	17119	  569	  243	0.00000003	!	0.000279	9661.659824	0.985963
  904	17119	  570	  243	0.00000000	!	0.000000	9661.659824	0.985963
  904	17119	  534	  244	0.00044283	!	4.278454	9661.659824	0.986405
  904	17119	  535	  244	0.00000064	!	0.006222	9661.659824	0.986406
  904	17119	  537	  244	0.00000008	!	0.000725	9661.659824	0.986406
  904	17119	  538	  244	0.00023061	!	2.228070	9661.659824	0.986637
  904	17119	  539	  244	0.00018960	!	1.831820	9661.659824	0.986826
  904	17119	  540	  244	0.00000028	!	0.002682	9661.659824	0.986827
  904	17119	  545	  244	0.00698021	!	67.440416	9661.659824	0.993807
  904	17119	  546	  244	0.00001034	!	0.099920	9661.659824	0.993817
  904	17119	  534	  245	0.00000012	!	0.001179	9661.659824	0.993817
  904	17119	  535	  245	0.00000000	!	0.000002	9661.659824	0.993817
  904	17119	  538	  245	0.00229954	!	22.217345	9661.659824	0.996117
  904	17119	  539	  245	0.00000342	!	0.033035	9661.659824	0.996120
  904	17119	  540	  245	0.00000000	!	0.000001	9661.659824	0.996120
  904	17119	  545	  245	0.00000192	!	0.018588	9661.659824	0.996122
  904	17119	  546	  245	0.00000000	!	0.000028	9661.659824	0.996122
  904	17119	  563	  245	0.00093607	!	9.044000	9661.659824	0.997058
  904	17119	  564	  245	0.00000143	!	0.013804	9661.659824	0.997060
  904	17119	  538	  246	0.00131468	!	12.702027	9661.659824	0.998374
  904	17119	  539	  246	0.00000192	!	0.018599	9661.659824	0.998376
  904	17119	  563	  246	0.00000026	!	0.002515	9661.659824	0.998377
  904	17119	  564	  246	0.00000000	!	0.000004	9661.659824	0.998377
  904	17119	  538	  247	0.00000037	!	0.003562	9661.659824	0.998377
  904	17119	  539	  247	0.00026143	!	2.525864	9661.659824	0.998638
  904	17119	  540	  247	0.00000038	!	0.003705	9661.659824	0.998639
  904	17119	  539	  248	0.00000007	!	0.000715	9661.659824	0.998639
  904	17119	  540	  248	0.00000000	!	0.000001	9661.659824	0.998639
  904	17119	  566	  249	0.00060926	!	5.886448	9661.659824	0.999248
  904	17119	  567	  249	0.00000093	!	0.009028	9661.659824	0.999249
  904	17119	  566	  250	0.00000018	!	0.001695	9661.659824	0.999249
  904	17119	  567	  250	0.00000000	!	0.000003	9661.659824	0.999249
  904	17119	  564	  251	0.00074950	!	7.241423	9661.659824	0.999999
  904	17119	  565	  251	0.00000126	!	0.012169	9661.659824	1.000000
  904	17133	  552	  185	0.61199371	!	199.640682	326.213616	0.611994
  904	17133	  553	  185	0.00091737	!	0.299258	326.213616	0.612911
  904	17133	  552	  186	0.00007928	!	0.025862	326.213616	0.612990
  904	17133	  553	  186	0.00000012	!	0.000039	326.213616	0.612990
  904	17133	  546	  190	0.01909462	!	6.228924	326.213616	0.632085
  904	17133	  547	  190	0.00002834	!	0.009244	326.213616	0.632113
  904	17133	  535	  191	0.03044248	!	9.930753	326.213616	0.662556
  904	17133	  536	  191	0.00530658	!	1.731077	326.213616	0.667862
  904	17133	  537	  191	0.00000768	!	0.002505	326.213616	0.667870
  904	17133	  546	  191	0.00000271	!	0.000884	326.213616	0.667873
  904	17133	  547	  191	0.00000000	!	0.000001	326.213616	0.667873
  904	17133	  535	  192	0.00000440	!	0.001434	326.213616	0.667877
  904	17133	  536	  192	0.00000077	!	0.000250	326.213616	0.667878
  904	17133	  537	  192	0.00000000	!	0.000000	326.213616	0.667878
  904	17133	  544	  194	0.04416662	!	14.407753	326.213616	0.712045
  904	17133	  545	  194	0.00006533	!	0.021311	326.213616	0.712110
  904	17133	  543	  195	0.01351455	!	4.408630	326.213616	0.725625
  904	17133	  544	  195	0.01453022	!	4.739954	326.213616	0.740155
  904	17133	  545	  195	0.00002146	!	0.007001	326.213616	0.740176
  904	17133	  543	  196	0.00000209	!	0.000680	326.213616	0.740178
  904	17133	  544	  196	0.01588881	!	5.183146	326.213616	0.756067
  904	17133	  545	  196	0.00002350	!	0.007667	326.213616	0.756091
  904	17133	  544	  197	0.00604932	!	1.973371	326.213616	0.762140
  904	17133	  545	  197	0.00000895	!	0.002919	326.213616	0.762149
  904	17133	  543	  198	0.00334268	!	1.090427	326.213616	0.765492
  904	17133	  544	  198	0.00000590	!	0.001924	326.213616	0.765497
  904	17133	  545	  198	0.00000000	!	0.000000	326.213616	0.765497
  904	17133	  543	  199	0.00000054	!	0.000176	326.213616	0.765498
  904	17133	  544	  199	0.00000000	!	0.000000	326.213616	0.765498
  904	17133	  538	  201	0.03562394	!	11.621015	326.213616	0.801122
  904	17133	  539	  201	0.00005216	!	0.017016	326.213616	0.801174
  904	17133	  538	  202	0.00000603	!	0.001966	326.213616	0.801180
  904	17133	  539	  202	0.00000001	!	0.000003	326.213616	0.801180
  904	17133	  539	  203	0.01407594	!	4.591764	326.213616	0.815256
  904	17133	  540	  203	0.01096729	!	3.577680	326.213616	0.826223
  904	17133	  541	  203	0.01993400	!	6.502743	326.213616	0.846157
  904	17133	  542	  203	0.00002931	!	0.009562	326.213616	0.846187
  904	17133	  539	  204	0.01424779	!	4.647822	326.213616	0.860434
  904	17133	  540	  204	0.00675389	!	2.203212	326.213616	0.867188
  904	17133	  541	  204	0.00001336	!	0.004358	326.213616	0.867202
  904	17133	  542	  204	0.00000001	!	0.000002	326.213616	0.867202
  904	17133	  539	  205	0.00000252	!	0.000821	326.213616	0.867204
  904	17133	  540	  205	0.00000119	!	0.000389	326.213616	0.867205
  904	17133	  541	  205	0.00000000	!	0.000001	326.213616	0.867205
  904	17133	  539	  206	0.13265071	!	43.272467	326.213616	0.999856
  904	17133	  540	  206	0.00012956	!	0.042264	326.213616	0.999986
  904	17133	  539	  207	0.00001428	!	0.004658	326.213616	1.000000
  904	17015	  525	  494	0.03009382	!	7.140889	237.287535	0.030094
  904	17015	  526	  494	0.00004309	!	0.010225	237.287535	0.030137
  904	17015	  525	  495	0.00002694	!	0.006392	237.287535	0.030164
  904	17015	  526	  495	0.00000004	!	0.000009	237.287535	0.030164
  904	17015	  545	  496	0.00806381	!	1.913442	237.287535	0.038228
  904	17015	  546	  496	0.00001195	!	0.002835	237.287535	0.038240
  904	17015	  545	  497	0.00000726	!	0.001722	237.287535	0.038247
  904	17015	  546	  497	0.00000001	!	0.000003	237.287535	0.038247
  904	17015	  538	  499	0.01292839	!	3.067745	237.287535	0.051175
  904	17015	  539	  499	0.00001893	!	0.004492	237.287535	0.051194
  904	17015	  524	  500	0.02711936	!	6.435086	237.287535	0.078314
  904	17015	  525	  500	0.00003877	!	0.009199	237.287535	0.078352
  904	17015	  538	  500	0.00001173	!	0.002784	237.287535	0.078364
  904	17015	  539	  500	0.00000002	!	0.000004	237.287535	0.078364
  904	17015	  524	  501	0.00002468	!	0.005856	237.287535	0.078389
  904	17015	  525	  501	0.00000004	!	0.000008	237.287535	0.078389
  904	17015	  522	  504	0.11630957	!	27.598811	237.287535	0.194698
  904	17015	  523	  504	0.00016568	!	0.039315	237.287535	0.194864
  904	17015	  524	  504	0.03544145	!	8.409814	237.287535	0.230306
  904	17015	  525	  504	0.00005066	!	0.012022	237.287535	0.230356
  904	17015	  521	  505	0.23979034	!	56.899258	237.287535	0.470147
  904	17015	  522	  505	0.02907734	!	6.899691	237.287535	0.499224
  904	17015	  523	  505	0.28806059	!	68.353188	237.287535	0.787284
  904	17015	  524	  505	0.00044361	!	0.105262	237.287535	0.787728
  904	17015	  525	  505	0.00000005	!	0.000011	237.287535	0.787728
  904	17015	  532	  505	0.01688099	!	4.005648	237.287535	0.804609
  904	17015	  533	  505	0.00002447	!	0.005806	237.287535	0.804634
  904	17015	  521	  506	0.00022118	!	0.052482	237.287535	0.804855
  904	17015	  522	  506	0.00002672	!	0.006341	237.287535	0.804881
  904	17015	  523	  506	0.00026570	!	0.063047	237.287535	0.805147
  904	17015	  524	  506	0.00000038	!	0.000090	237.287535	0.805148
  904	17015	  532	  506	0.00001557	!	0.003695	237.287535	0.805163
  904	17015	  533	  506	0.00000002	!	0.000005	237.287535	0.805163
  904	17015	  541	  507	0.11707010	!	27.779276	237.287535	0.922233
  904	17015	  542	  507	0.00017229	!	0.040882	237.287535	0.922406
  904	17015	  541	  508	0.00010856	!	0.025761	237.287535	0.922514
  904	17015	  542	  508	0.00000016	!	0.000038	237.287535	0.922514
  904	17015	  515	  512	0.03668728	!	8.705434	237.287535	0.959202
  904	17015	  516	  512	0.00005162	!	0.012250	237.287535	0.959253
  904	17015	  546	  512	0.02598634	!	6.166235	237.287535	0.985239
  904	17015	  547	  512	0.00003857	!	0.009151	237.287535	0.985278
  904	17015	  514	  513	0.01464038	!	3.473980	237.287535	0.999918
  904	17015	  515	  513	0.00005705	!	0.013537	237.287535	0.999975
  904	17015	  516	  513	0.00000005	!	0.000012	237.287535	0.999976
  904	17015	  546	  513	0.00002442	!	0.005795	237.287535	1.000000
  904	17015	  547	  513	0.00000004	!	0.000009	237.287535	1.000000
  904	17023	  698	  281	0.00141025	!	2.022195	1433.928067	0.001410
  904	17023	  699	  281	0.00000263	!	0.003764	1433.928067	0.001413
  904	17023	  677	  282	0.00890191	!	12.764706	1433.928067	0.010315
  904	17023	  678	  282	0.00001611	!	0.023096	1433.928067	0.010331
  904	17023	  698	  282	0.00000052	!	0.000743	1433.928067	0.010331
  904	17023	  699	  282	0.00000000	!	0.000001	1433.928067	0.010331
  904	17023	  677	  283	0.00000329	!	0.004720	1433.928067	0.010335
  904	17023	  678	  283	0.00062905	!	0.902013	1433.928067	0.010964
  904	17023	  679	  283	0.00000114	!	0.001634	1433.928067	0.010965
  904	17023	  678	  284	0.00000023	!	0.000336	1433.928067	0.010965
  904	17023	  679	  284	0.00000000	!	0.000001	1433.928067	0.010965
  904	17023	  678	  285	0.00819240	!	11.747313	1433.928067	0.019158
  904	17023	  679	  285	0.00001484	!	0.021285	1433.928067	0.019172
  904	17023	  676	  286	0.01345595	!	19.294861	1433.928067	0.032628
  904	17023	  677	  286	0.00541131	!	7.759424	1433.928067	0.038040
  904	17023	  678	  286	0.00001284	!	0.018407	1433.928067	0.038052
  904	17023	  679	  286	0.00000001	!	0.000008	1433.928067	0.038052
  904	17023	  676	  287	0.00000511	!	0.007325	1433.928067	0.038058
  904	17023	  677	  287	0.10553230	!	151.325731	1433.928067	0.143590
  904	17023	  678	  287	0.00019095	!	0.273806	1433.928067	0.143781
  904	17023	  677	  288	0.05422748	!	77.758313	1433.928067	0.198008
  904	17023	  678	  288	0.00009812	!	0.140694	1433.928067	0.198106
  904	17023	  677	  289	0.00002084	!	0.029883	1433.928067	0.198127
  904	17023	  678	  289	0.00000004	!	0.000054	1433.928067	0.198127
  904	17023	  682	  289	0.03029780	!	43.444862	1433.928067	0.228425
  904	17023	  683	  289	0.00005520	!	0.079148	1433.928067	0.228480
  904	17023	  682	  290	0.00001173	!	0.016816	1433.928067	0.228492
  904	17023	  683	  290	0.00689524	!	9.887281	1433.928067	0.235387
  904	17023	  684	  290	0.00001258	!	0.018037	1433.928067	0.235400
  904	17023	  683	  291	0.05161516	!	74.012427	1433.928067	0.287015
  904	17023	  684	  291	0.00009416	!	0.135020	1433.928067	0.287109
  904	17023	  683	  292	0.03702642	!	53.093218	1433.928067	0.324136
  904	17023	  684	  292	0.00006755	!	0.096857	1433.928067	0.324203
  904	17023	  689	  292	0.00107573	!	1.542521	1433.928067	0.325279
  904	17023	  690	  292	0.00000198	!	0.002837	1433.928067	0.325281
  904	17023	  683	  293	0.00001460	!	0.020934	1433.928067	0.325295
  904	17023	  684	  293	0.00000003	!	0.000038	1433.928067	0.325295
  904	17023	  689	  293	0.00000042	!	0.000609	1433.928067	0.325296
  904	17023	  690	  293	0.00000000	!	0.000001	1433.928067	0.325296
  904	17023	  696	  294	0.00107164	!	1.536653	1433.928067	0.326368
  904	17023	  697	  294	0.00500846	!	7.181768	1433.928067	0.331376
  904	17023	  698	  294	0.00000931	!	0.013346	1433.928067	0.331385
  904	17023	  695	  295	0.00901006	!	12.919780	1433.928067	0.340395
  904	17023	  696	  295	0.00001713	!	0.024568	1433.928067	0.340412
  904	17023	  697	  295	0.00000200	!	0.002869	1433.928067	0.340414
  904	17023	  698	  295	0.00000000	!	0.000005	1433.928067	0.340415
  904	17023	  694	  296	0.00744830	!	10.680332	1433.928067	0.347863
  904	17023	  695	  296	0.00001741	!	0.024969	1433.928067	0.347880
  904	17023	  696	  296	0.00000001	!	0.000010	1433.928067	0.347880
  904	17023	  694	  297	0.00000301	!	0.004319	1433.928067	0.347883
  904	17023	  695	  297	0.00401841	!	5.762116	1433.928067	0.351902
  904	17023	  696	  297	0.00000745	!	0.010683	1433.928067	0.351909
  904	17023	  694	  298	0.15211982	!	218.128876	1433.928067	0.504029
  904	17023	  695	  298	0.34903942	!	500.497427	1433.928067	0.853068
  904	17023	  696	  298	0.00064663	!	0.927220	1433.928067	0.853715
  904	17023	  697	  298	0.12239324	!	175.503096	1433.928067	0.976108
  904	17023	  698	  298	0.00022754	!	0.326271	1433.928067	0.976336
  904	17023	  694	  299	0.00006227	!	0.089295	1433.928067	0.976398
  904	17023	  695	  299	0.00014288	!	0.204886	1433.928067	0.976541
  904	17023	  696	  299	0.00000026	!	0.000380	1433.928067	0.976541
  904	17023	  697	  299	0.00005010	!	0.071845	1433.928067	0.976591
  904	17023	  698	  299	0.00000009	!	0.000134	1433.928067	0.976591
  904	17023	  699	  299	0.01717532	!	24.628180	1433.928067	0.993767
  904	17023	  700	  299	0.00003202	!	0.045908	1433.928067	0.993799
  904	17023	  703	  299	0.00405269	!	5.811262	1433.928067	0.997851
  904	17023	  704	  299	0.00000759	!	0.010890	1433.928067	0.997859
  904	17023	  699	  300	0.00000707	!	0.010143	1433.928067	0.997866
  904	17023	  700	  300	0.00000001	!	0.000019	1433.928067	0.997866
  904	17023	  703	  300	0.00212905	!	3.052910	1433.928067	0.999995
  904	17023	  704	  300	0.00000399	!	0.005721	1433.928067	0.999999
  904	17023	  703	  301	0.00000088	!	0.001264	1433.928067	1.000000
  904	17023	  704	  301	0.00000000	!	0.000002	1433.928067	1.000000
  904	17089	  626	  483	0.00006154	!	0.683887	11113.313437	0.000062
  904	17089	  627	  483	0.00000009	!	0.001027	11113.313437	0.000062
  904	17089	  626	  484	0.00000010	!	0.001116	11113.313437	0.000062
  904	17089	  627	  484	0.00000000	!	0.000002	11113.313437	0.000062
  904	17089	  633	  484	0.02598518	!	288.781423	11113.313437	0.026047
  904	17089	  634	  484	0.01265754	!	140.667229	11113.313437	0.038704
  904	17089	  635	  484	0.00112752	!	12.530435	11113.313437	0.039832
  904	17089	  636	  484	0.00041907	!	4.657280	11113.313437	0.040251
  904	17089	  637	  484	0.00200764	!	22.311540	11113.313437	0.042259
  904	17089	  638	  484	0.00108864	!	12.098354	11113.313437	0.043347
  904	17089	  639	  484	0.00006474	!	0.719492	11113.313437	0.043412
  904	17089	  633	  485	0.02400968	!	266.827126	11113.313437	0.067422
  904	17089	  634	  485	0.01269904	!	141.128449	11113.313437	0.080121
  904	17089	  635	  485	0.00932489	!	103.630455	11113.313437	0.089446
  904	17089	  636	  485	0.00331071	!	36.792908	11113.313437	0.092756
  904	17089	  637	  485	0.00062592	!	6.956052	11113.313437	0.093382
  904	17089	  638	  485	0.00139193	!	15.469000	11113.313437	0.094774
  904	17089	  639	  485	0.00036939	!	4.105098	11113.313437	0.095144
  904	17089	  640	  485	0.00041904	!	4.656872	11113.313437	0.095563
  904	17089	  621	  486	0.00059154	!	6.574005	11113.313437	0.096154
  904	17089	  622	  486	0.00000099	!	0.010981	11113.313437	0.096155
  904	17089	  626	  486	0.00199389	!	22.158750	11113.313437	0.098149
  904	17089	  627	  486	0.00000336	!	0.037287	11113.313437	0.098152
  904	17089	  633	  486	0.00002093	!	0.232589	11113.313437	0.098173
  904	17089	  634	  486	0.00001107	!	0.123005	11113.313437	0.098184
  904	17089	  635	  486	0.00525308	!	58.379077	11113.313437	0.103438
  904	17089	  636	  486	0.00150487	!	16.724076	11113.313437	0.104942
  904	17089	  637	  486	0.00044761	!	4.974387	11113.313437	0.105390
  904	17089	  638	  486	0.00052395	!	5.822812	11113.313437	0.105914
  904	17089	  639	  486	0.00017405	!	1.934271	11113.313437	0.106088
  904	17089	  640	  486	0.00000065	!	0.007278	11113.313437	0.106089
  904	17089	  621	  487	0.00000052	!	0.005754	11113.313437	0.106089
  904	17089	  622	  487	0.00000000	!	0.000010	11113.313437	0.106089
  904	17089	  623	  487	0.00024801	!	2.756160	11113.313437	0.106337
  904	17089	  624	  487	0.00000042	!	0.004617	11113.313437	0.106338
  904	17089	  626	  487	0.00025797	!	2.866851	11113.313437	0.106596
  904	17089	  627	  487	0.00000043	!	0.004824	11113.313437	0.106596
  904	17089	  628	  487	0.00019381	!	2.153882	11113.313437	0.106790
  904	17089	  629	  487	0.00021393	!	2.377463	11113.313437	0.107004
  904	17089	  630	  487	0.00000036	!	0.004012	11113.313437	0.107004
  904	17089	  633	  487	0.00282122	!	31.353060	11113.313437	0.109825
  904	17089	  634	  487	0.00102421	!	11.382404	11113.313437	0.110850
  904	17089	  635	  487	0.00096745	!	10.751618	11113.313437	0.111817
  904	17089	  636	  487	0.01322388	!	146.961163	11113.313437	0.125041
  904	17089	  637	  487	0.00524552	!	58.295069	11113.313437	0.130286
  904	17089	  638	  487	0.00042442	!	4.716657	11113.313437	0.130711
  904	17089	  639	  487	0.00062421	!	6.937052	11113.313437	0.131335
  904	17089	  640	  487	0.00000107	!	0.011883	11113.313437	0.131336
  904	17089	  623	  488	0.00000022	!	0.002419	11113.313437	0.131336
  904	17089	  624	  488	0.00000000	!	0.000004	11113.313437	0.131336
  904	17089	  626	  488	0.00000022	!	0.002499	11113.313437	0.131336
  904	17089	  627	  488	0.01772550	!	196.989058	11113.313437	0.149062
  904	17089	  628	  488	0.00077589	!	8.622706	11113.313437	0.149838
  904	17089	  629	  488	0.00114013	!	12.670605	11113.313437	0.150978
  904	17089	  630	  488	0.00000192	!	0.021392	11113.313437	0.150980
  904	17089	  632	  488	0.00108854	!	12.097265	11113.313437	0.152068
  904	17089	  633	  488	0.00279782	!	31.093023	11113.313437	0.154866
  904	17089	  634	  488	0.00048382	!	5.376816	11113.313437	0.155350
  904	17089	  635	  488	0.00302949	!	33.667716	11113.313437	0.158380
  904	17089	  636	  488	0.00306279	!	34.037710	11113.313437	0.161442
  904	17089	  637	  488	0.00654375	!	72.722727	11113.313437	0.167986
  904	17089	  638	  488	0.00093159	!	10.353088	11113.313437	0.168918
  904	17089	  639	  488	0.06737650	!	748.776217	11113.313437	0.236294
  904	17089	  640	  488	0.00058486	!	6.499765	11113.313437	0.236879
  904	17089	  627	  489	0.00001560	!	0.173395	11113.313437	0.236895
  904	17089	  628	  489	0.00063829	!	7.093551	11113.313437	0.237533
  904	17089	  629	  489	0.00000208	!	0.023110	11113.313437	0.237535
  904	17089	  630	  489	0.00000000	!	0.000019	11113.313437	0.237535
  904	17089	  632	  489	0.00000096	!	0.010648	11113.313437	0.237536
  904	17089	  633	  489	0.02036073	!	226.275229	11113.313437	0.257897
  904	17089	  634	  489	0.00794241	!	88.266481	11113.313437	0.265839
  904	17089	  635	  489	0.00251450	!	27.944421	11113.313437	0.268354
  904	17089	  636	  489	0.00271300	!	30.150430	11113.313437	0.271067
  904	17089	  637	  489	0.06122121	!	680.370503	11113.313437	0.332288
  904	17089	  638	  489	0.00129563	!	14.398754	11113.313437	0.333584
  904	17089	  639	  489	0.00140650	!	15.630832	11113.313437	0.334990
  904	17089	  640	  489	0.00025944	!	2.883244	11113.313437	0.335249
  904	17089	  628	  490	0.00000056	!	0.006255	11113.313437	0.335250
  904	17089	  629	  490	0.00000000	!	0.000011	11113.313437	0.335250
  904	17089	  632	  490	0.00884747	!	98.324715	11113.313437	0.344097
  904	17089	  633	  490	0.00377257	!	41.925700	11113.313437	0.347870
  904	17089	  634	  490	0.00443743	!	49.314594	11113.313437	0.352307
  904	17089	  635	  490	0.00553894	!	61.555973	11113.313437	0.357846
  904	17089	  636	  490	0.00187434	!	20.830162	11113.313437	0.359721
  904	17089	  637	  490	0.00225380	!	25.047223	11113.313437	0.361975
  904	17089	  638	  490	0.00028675	!	3.186700	11113.313437	0.362261
  904	17089	  639	  490	0.00000167	!	0.018580	11113.313437	0.362263
  904	17089	  640	  490	0.00000012	!	0.001374	11113.313437	0.362263
  904	17089	  627	  491	0.00097497	!	10.835148	11113.313437	0.363238
  904	17089	  628	  491	0.00000164	!	0.018259	11113.313437	0.363240
  904	17089	  632	  491	0.00000783	!	0.087035	11113.313437	0.363248
  904	17089	  633	  491	0.00091432	!	10.161094	11113.313437	0.364162
  904	17089	  634	  491	0.00237284	!	26.370072	11113.313437	0.366535
  904	17089	  635	  491	0.01587202	!	176.390688	11113.313437	0.382407
  904	17089	  636	  491	0.00124048	!	13.785793	11113.313437	0.383647
  904	17089	  637	  491	0.01483164	!	164.828619	11113.313437	0.398479
  904	17089	  638	  491	0.00767678	!	85.314464	11113.313437	0.406156
  904	17089	  639	  491	0.00894121	!	99.366496	11113.313437	0.415097
  904	17089	  627	  492	0.00000087	!	0.009618	11113.313437	0.415098
  904	17089	  628	  492	0.00000000	!	0.000016	11113.313437	0.415098
  904	17089	  633	  492	0.00000081	!	0.008987	11113.313437	0.415099
  904	17089	  634	  492	0.00048962	!	5.441273	11113.313437	0.415588
  904	17089	  635	  492	0.00001491	!	0.165751	11113.313437	0.415603
  904	17089	  636	  492	0.00000110	!	0.012221	11113.313437	0.415604
  904	17089	  637	  492	0.00111617	!	12.404371	11113.313437	0.416720
  904	17089	  638	  492	0.00369697	!	41.085604	11113.313437	0.420417
  904	17089	  639	  492	0.00103679	!	11.522149	11113.313437	0.421454
  904	17089	  625	  493	0.00591679	!	65.755131	11113.313437	0.427371
  904	17089	  626	  493	0.00000994	!	0.110484	11113.313437	0.427381
  904	17089	  634	  493	0.00000043	!	0.004823	11113.313437	0.427381
  904	17089	  635	  493	0.00000000	!	0.000008	11113.313437	0.427381
  904	17089	  637	  493	0.00049454	!	5.495977	11113.313437	0.427876
  904	17089	  638	  493	0.00000413	!	0.045884	11113.313437	0.427880
  904	17089	  639	  493	0.00000086	!	0.009575	11113.313437	0.427881
  904	17089	  621	  494	0.00040914	!	4.546863	11113.313437	0.428290
  904	17089	  622	  494	0.00000068	!	0.007595	11113.313437	0.428291
  904	17089	  625	  494	0.00000528	!	0.058694	11113.313437	0.428296
  904	17089	  626	  494	0.00107074	!	11.899476	11113.313437	0.429367
  904	17089	  627	  494	0.00000180	!	0.020023	11113.313437	0.429368
  904	17089	  634	  494	0.00187253	!	20.810026	11113.313437	0.431241
  904	17089	  635	  494	0.00000319	!	0.035431	11113.313437	0.431244
  904	17089	  637	  494	0.00000044	!	0.004896	11113.313437	0.431245
  904	17089	  638	  494	0.00000000	!	0.000008	11113.313437	0.431245
  904	17089	  639	  494	0.00129440	!	14.385030	11113.313437	0.432539
  904	17089	  621	  495	0.00000037	!	0.004070	11113.313437	0.432539
  904	17089	  622	  495	0.00000000	!	0.000007	11113.313437	0.432539
  904	17089	  626	  495	0.00000096	!	0.010651	11113.313437	0.432540
  904	17089	  627	  495	0.00000000	!	0.000018	11113.313437	0.432540
  904	17089	  634	  495	0.00478714	!	53.201008	11113.313437	0.437327
  904	17089	  635	  495	0.00135142	!	15.018801	11113.313437	0.438679
  904	17089	  636	  495	0.00361293	!	40.151600	11113.313437	0.442292
  904	17089	  637	  495	0.00419192	!	46.586169	11113.313437	0.446484
  904	17089	  638	  495	0.00332658	!	36.969278	11113.313437	0.449810
  904	17089	  639	  495	0.00030255	!	3.362278	11113.313437	0.450113
  904	17089	  632	  496	0.00079911	!	8.880796	11113.313437	0.450912
  904	17089	  633	  496	0.00000136	!	0.015076	11113.313437	0.450913
  904	17089	  634	  496	0.00230521	!	25.618553	11113.313437	0.453219
  904	17089	  635	  496	0.00046703	!	5.190269	11113.313437	0.453686
  904	17089	  636	  496	0.00195776	!	21.757152	11113.313437	0.455643
  904	17089	  637	  496	0.00690989	!	76.791729	11113.313437	0.462553
  904	17089	  638	  496	0.02501683	!	278.019880	11113.313437	0.487570
  904	17089	  639	  496	0.00909861	!	101.115703	11113.313437	0.496669
  904	17089	  618	  497	0.00040185	!	4.465924	11113.313437	0.497070
  904	17089	  619	  497	0.00000094	!	0.010479	11113.313437	0.497071
  904	17089	  625	  497	0.00096353	!	10.708040	11113.313437	0.498035
  904	17089	  626	  497	0.00210349	!	23.376783	11113.313437	0.500138
  904	17089	  627	  497	0.00133866	!	14.876932	11113.313437	0.501477
  904	17089	  628	  497	0.00000225	!	0.025004	11113.313437	0.501479
  904	17089	  630	  497	0.00289914	!	32.219102	11113.313437	0.504379
  904	17089	  631	  497	0.00000491	!	0.054536	11113.313437	0.504383
  904	17089	  632	  497	0.00000072	!	0.007993	11113.313437	0.504384
  904	17089	  633	  497	0.00062483	!	6.943973	11113.313437	0.505009
  904	17089	  634	  497	0.00140027	!	15.561679	11113.313437	0.506409
  904	17089	  635	  497	0.00096624	!	10.738128	11113.313437	0.507375
  904	17089	  636	  497	0.00000340	!	0.037806	11113.313437	0.507379
  904	17089	  637	  497	0.00000622	!	0.069079	11113.313437	0.507385
  904	17089	  638	  497	0.00002251	!	0.250205	11113.313437	0.507408
  904	17089	  639	  497	0.00068719	!	7.636986	11113.313437	0.508095
  904	17089	  618	  498	0.00022637	!	2.515750	11113.313437	0.508321
  904	17089	  619	  498	0.00000047	!	0.005244	11113.313437	0.508322
  904	17089	  622	  498	0.00020145	!	2.238768	11113.313437	0.508523
  904	17089	  623	  498	0.00000034	!	0.003745	11113.313437	0.508523
  904	17089	  625	  498	0.00000087	!	0.009664	11113.313437	0.508524
  904	17089	  626	  498	0.00196706	!	21.860515	11113.313437	0.510491
  904	17089	  627	  498	0.00162631	!	18.073662	11113.313437	0.512118
  904	17089	  628	  498	0.00000274	!	0.030396	11113.313437	0.512120
  904	17089	  630	  498	0.00000262	!	0.029079	11113.313437	0.512123
  904	17089	  631	  498	0.00000000	!	0.000049	11113.313437	0.512123
  904	17089	  633	  498	0.00041715	!	4.635893	11113.313437	0.512540
  904	17089	  634	  498	0.00194964	!	21.666948	11113.313437	0.514490
  904	17089	  635	  498	0.00198403	!	22.049159	11113.313437	0.516474
  904	17089	  636	  498	0.00517054	!	57.461844	11113.313437	0.521644
  904	17089	  637	  498	0.00298969	!	33.225350	11113.313437	0.524634
  904	17089	  638	  498	0.01642088	!	182.490387	11113.313437	0.541055
  904	17089	  639	  498	0.00136517	!	15.171507	11113.313437	0.542420
  904	17089	  618	  499	0.00000022	!	0.002405	11113.313437	0.542420
  904	17089	  619	  499	0.00000000	!	0.000005	11113.313437	0.542420
  904	17089	  622	  499	0.00000018	!	0.002026	11113.313437	0.542421
  904	17089	  623	  499	0.00000000	!	0.000003	11113.313437	0.542421
  904	17089	  626	  499	0.00000178	!	0.019765	11113.313437	0.542422
  904	17089	  627	  499	0.00000147	!	0.016345	11113.313437	0.542424
  904	17089	  628	  499	0.00000000	!	0.000027	11113.313437	0.542424
  904	17089	  633	  499	0.00199527	!	22.174092	11113.313437	0.544419
  904	17089	  634	  499	0.00841789	!	93.550694	11113.313437	0.552837
  904	17089	  635	  499	0.00016764	!	1.863070	11113.313437	0.553005
  904	17089	  636	  499	0.00000494	!	0.054875	11113.313437	0.553010
  904	17089	  637	  499	0.00000271	!	0.030070	11113.313437	0.553012
  904	17089	  638	  499	0.01881485	!	209.095289	11113.313437	0.571827
  904	17089	  639	  499	0.00086160	!	9.575211	11113.313437	0.572689
  904	17089	  632	  500	0.00031987	!	3.554769	11113.313437	0.573009
  904	17089	  633	  500	0.00048336	!	5.371724	11113.313437	0.573492
  904	17089	  634	  500	0.00449949	!	50.004280	11113.313437	0.577991
  904	17089	  635	  500	0.00290166	!	32.247064	11113.313437	0.580893
  904	17089	  636	  500	0.00216102	!	24.016052	11113.313437	0.583054
  904	17089	  637	  500	0.02128174	!	236.510596	11113.313437	0.604336
  904	17089	  638	  500	0.02789210	!	309.973691	11113.313437	0.632228
  904	17089	  639	  500	0.00010244	!	1.138475	11113.313437	0.632330
  904	17089	  625	  501	0.00081529	!	9.060604	11113.313437	0.633146
  904	17089	  626	  501	0.00000137	!	0.015224	11113.313437	0.633147
  904	17089	  630	  501	0.00058862	!	6.541493	11113.313437	0.633736
  904	17089	  631	  501	0.00000100	!	0.011072	11113.313437	0.633737
  904	17089	  632	  501	0.00000029	!	0.003235	11113.313437	0.633737
  904	17089	  633	  501	0.00000044	!	0.004870	11113.313437	0.633737
  904	17089	  634	  501	0.00083708	!	9.302761	11113.313437	0.634574
  904	17089	  635	  501	0.00000406	!	0.045104	11113.313437	0.634579
  904	17089	  636	  501	0.00000197	!	0.021854	11113.313437	0.634580
  904	17089	  637	  501	0.00117724	!	13.083045	11113.313437	0.635758
  904	17089	  638	  501	0.00089695	!	9.968134	11113.313437	0.636655
  904	17089	  620	  502	0.00210761	!	23.422480	11113.313437	0.638762
  904	17089	  621	  502	0.00000352	!	0.039064	11113.313437	0.638766
  904	17089	  625	  502	0.00000074	!	0.008267	11113.313437	0.638767
  904	17089	  626	  502	0.00000000	!	0.000014	11113.313437	0.638767
  904	17089	  630	  502	0.00149303	!	16.592557	11113.313437	0.640260
  904	17089	  631	  502	0.00000253	!	0.028085	11113.313437	0.640262
  904	17089	  634	  502	0.00000076	!	0.008447	11113.313437	0.640263
  904	17089	  635	  502	0.00000000	!	0.000014	11113.313437	0.640263
  904	17089	  637	  502	0.00000106	!	0.011741	11113.313437	0.640264
  904	17089	  638	  502	0.00000075	!	0.008372	11113.313437	0.640265
  904	17089	  620	  503	0.00000193	!	0.021430	11113.313437	0.640267
  904	17089	  621	  503	0.00000000	!	0.000036	11113.313437	0.640267
  904	17089	  630	  503	0.00000137	!	0.015176	11113.313437	0.640268
  904	17089	  631	  503	0.00000000	!	0.000026	11113.313437	0.640268
  904	17089	  633	  504	0.00063560	!	7.063627	11113.313437	0.640904
  904	17089	  634	  504	0.00000108	!	0.012009	11113.313437	0.640905
  904	17089	  633	  505	0.00324317	!	36.042381	11113.313437	0.644148
  904	17089	  634	  505	0.00000551	!	0.061276	11113.313437	0.644153
  904	17089	  635	  505	0.00178908	!	19.882583	11113.313437	0.645942
  904	17089	  636	  505	0.00000305	!	0.033901	11113.313437	0.645945
  904	17089	  637	  505	0.00087771	!	9.754257	11113.313437	0.646823
  904	17089	  638	  505	0.00010611	!	1.179263	11113.313437	0.646929
  904	17089	  633	  506	0.00118588	!	13.179099	11113.313437	0.648115
  904	17089	  634	  506	0.00535046	!	59.461349	11113.313437	0.653466
  904	17089	  635	  506	0.00034018	!	3.780495	11113.313437	0.653806
  904	17089	  636	  506	0.00000056	!	0.006273	11113.313437	0.653806
  904	17089	  637	  506	0.00000081	!	0.008997	11113.313437	0.653807
  904	17089	  638	  506	0.00000009	!	0.000986	11113.313437	0.653807
  904	17089	  633	  507	0.00042005	!	4.668137	11113.313437	0.654227
  904	17089	  634	  507	0.00120958	!	13.442439	11113.313437	0.655437
  904	17089	  635	  507	0.00593308	!	65.936183	11113.313437	0.661370
  904	17089	  636	  507	0.00156366	!	17.377458	11113.313437	0.662934
  904	17089	  637	  507	0.00053243	!	5.917095	11113.313437	0.663466
  904	17089	  638	  507	0.00099640	!	11.073333	11113.313437	0.664462
  904	17089	  633	  508	0.00495907	!	55.111743	11113.313437	0.669422
  904	17089	  634	  508	0.00095210	!	10.580955	11113.313437	0.670374
  904	17089	  635	  508	0.00352019	!	39.120968	11113.313437	0.673894
  904	17089	  636	  508	0.02061539	!	229.105259	11113.313437	0.694509
  904	17089	  637	  508	0.00148144	!	16.463672	11113.313437	0.695991
  904	17089	  638	  508	0.00018488	!	2.054673	11113.313437	0.696176
  904	17089	  633	  509	0.00168461	!	18.721590	11113.313437	0.697860
  904	17089	  634	  509	0.00459089	!	51.020048	11113.313437	0.702451
  904	17089	  635	  509	0.00190090	!	21.125332	11113.313437	0.704352
  904	17089	  636	  509	0.00228274	!	25.368825	11113.313437	0.706635
  904	17089	  637	  509	0.00087101	!	9.679841	11113.313437	0.707506
  904	17089	  638	  509	0.00012253	!	1.361732	11113.313437	0.707628
  904	17089	  631	  510	0.00085127	!	9.460447	11113.313437	0.708479
  904	17089	  632	  510	0.00000144	!	0.016037	11113.313437	0.708481
  904	17089	  633	  510	0.00024135	!	2.682165	11113.313437	0.708722
  904	17089	  634	  510	0.00148625	!	16.517180	11113.313437	0.710209
  904	17089	  635	  510	0.00132026	!	14.672456	11113.313437	0.711529
  904	17089	  636	  510	0.00513083	!	57.020487	11113.313437	0.716660
  904	17089	  637	  510	0.00149009	!	16.559845	11113.313437	0.718150
  904	17089	  638	  510	0.00005639	!	0.626715	11113.313437	0.718206
  904	17089	  629	  511	0.00091049	!	10.118607	11113.313437	0.719117
  904	17089	  630	  511	0.00000154	!	0.017102	11113.313437	0.719118
  904	17089	  631	  511	0.00000080	!	0.008843	11113.313437	0.719119
  904	17089	  632	  511	0.00000000	!	0.000015	11113.313437	0.719119
  904	17089	  633	  511	0.00164403	!	18.270580	11113.313437	0.720763
  904	17089	  634	  511	0.00000418	!	0.046453	11113.313437	0.720767
  904	17089	  635	  511	0.00174014	!	19.338770	11113.313437	0.722507
  904	17089	  636	  511	0.00067365	!	7.486469	11113.313437	0.723181
  904	17089	  637	  511	0.00062487	!	6.944337	11113.313437	0.723806
  904	17089	  624	  512	0.00017763	!	1.974050	11113.313437	0.723983
  904	17089	  625	  512	0.00000030	!	0.003312	11113.313437	0.723984
  904	17089	  626	  512	0.00030723	!	3.414366	11113.313437	0.724291
  904	17089	  627	  512	0.00000052	!	0.005745	11113.313437	0.724291
  904	17089	  628	  512	0.00018582	!	2.065046	11113.313437	0.724477
  904	17089	  629	  512	0.00054621	!	6.070186	11113.313437	0.725024
  904	17089	  630	  512	0.00064211	!	7.135945	11113.313437	0.725666
  904	17089	  631	  512	0.00000109	!	0.012061	11113.313437	0.725667
  904	17089	  632	  512	0.00571914	!	63.558614	11113.313437	0.731386
  904	17089	  633	  512	0.00622506	!	69.181044	11113.313437	0.737611
  904	17089	  634	  512	0.00649820	!	72.216545	11113.313437	0.744109
  904	17089	  635	  512	0.00227964	!	25.334409	11113.313437	0.746389
  904	17089	  636	  512	0.00155954	!	17.331678	11113.313437	0.747948
  904	17089	  637	  512	0.00191343	!	21.264555	11113.313437	0.749862
  904	17089	  621	  513	0.00026627	!	2.959130	11113.313437	0.750128
  904	17089	  622	  513	0.00000044	!	0.004943	11113.313437	0.750128
  904	17089	  624	  513	0.00000017	!	0.001855	11113.313437	0.750129
  904	17089	  625	  513	0.00076330	!	8.482744	11113.313437	0.750892
  904	17089	  626	  513	0.00114213	!	12.692842	11113.313437	0.752034
  904	17089	  627	  513	0.00015321	!	1.702628	11113.313437	0.752187
  904	17089	  628	  513	0.00000043	!	0.004774	11113.313437	0.752188
  904	17089	  629	  513	0.00000051	!	0.005695	11113.313437	0.752188
  904	17089	  630	  513	0.00000060	!	0.006706	11113.313437	0.752189
  904	17089	  631	  513	0.00000000	!	0.000011	11113.313437	0.752189
  904	17089	  632	  513	0.00748198	!	83.149604	11113.313437	0.759671
  904	17089	  633	  513	0.02026384	!	225.198444	11113.313437	0.779935
  904	17089	  634	  513	0.00686112	!	76.249827	11113.313437	0.786796
  904	17089	  635	  513	0.00646557	!	71.853931	11113.313437	0.793261
  904	17089	  636	  513	0.00666513	!	74.071700	11113.313437	0.799926
  904	17089	  637	  513	0.00024186	!	2.687896	11113.313437	0.800168
  904	17089	  638	  513	0.00028043	!	3.116554	11113.313437	0.800449
  904	17089	  639	  513	0.00000043	!	0.004831	11113.313437	0.800449
  904	17089	  621	  514	0.00260202	!	28.917084	11113.313437	0.803051
  904	17089	  622	  514	0.00104243	!	11.584855	11113.313437	0.804094
  904	17089	  623	  514	0.00000174	!	0.019298	11113.313437	0.804095
  904	17089	  624	  514	0.00085078	!	9.454944	11113.313437	0.804946
  904	17089	  625	  514	0.00000215	!	0.023856	11113.313437	0.804948
  904	17089	  626	  514	0.00000108	!	0.011956	11113.313437	0.804949
  904	17089	  627	  514	0.00000014	!	0.001604	11113.313437	0.804949
  904	17089	  628	  514	0.00000000	!	0.000003	11113.313437	0.804949
  904	17089	  632	  514	0.00232701	!	25.860781	11113.313437	0.807277
  904	17089	  633	  514	0.00035858	!	3.984996	11113.313437	0.807635
  904	17089	  634	  514	0.00000703	!	0.078119	11113.313437	0.807642
  904	17089	  635	  514	0.00043045	!	4.783701	11113.313437	0.808073
  904	17089	  636	  514	0.00000700	!	0.077817	11113.313437	0.808080
  904	17089	  637	  514	0.00000025	!	0.002772	11113.313437	0.808080
  904	17089	  638	  514	0.00000049	!	0.005447	11113.313437	0.808080
  904	17089	  639	  514	0.00130353	!	14.486493	11113.313437	0.809384
  904	17089	  620	  515	0.00034480	!	3.831843	11113.313437	0.809729
  904	17089	  621	  515	0.00000303	!	0.033706	11113.313437	0.809732
  904	17089	  622	  515	0.00000098	!	0.010944	11113.313437	0.809733
  904	17089	  623	  515	0.00000000	!	0.000018	11113.313437	0.809733
  904	17089	  624	  515	0.00000080	!	0.008932	11113.313437	0.809733
  904	17089	  625	  515	0.00000000	!	0.000015	11113.313437	0.809733
  904	17089	  630	  515	0.00222310	!	24.706030	11113.313437	0.811957
  904	17089	  631	  515	0.01305188	!	145.049655	11113.313437	0.825008
  904	17089	  632	  515	0.01063363	!	118.174828	11113.313437	0.835642
  904	17089	  633	  515	0.00134382	!	14.934314	11113.313437	0.836986
  904	17089	  634	  515	0.00000225	!	0.025049	11113.313437	0.836988
  904	17089	  635	  515	0.00010031	!	1.114754	11113.313437	0.837088
  904	17089	  636	  515	0.00026269	!	2.919389	11113.313437	0.837351
  904	17089	  637	  515	0.00024186	!	2.687826	11113.313437	0.837593
  904	17089	  638	  515	0.00519141	!	57.693732	11113.313437	0.842784
  904	17089	  639	  515	0.00025918	!	2.880331	11113.313437	0.843044
  904	17089	  620	  516	0.00000033	!	0.003629	11113.313437	0.843044
  904	17089	  621	  516	0.00000000	!	0.000006	11113.313437	0.843044
  904	17089	  622	  516	0.00043527	!	4.837324	11113.313437	0.843479
  904	17089	  623	  516	0.00026275	!	2.920067	11113.313437	0.843742
  904	17089	  624	  516	0.00000044	!	0.004878	11113.313437	0.843742
  904	17089	  627	  516	0.00624427	!	69.394563	11113.313437	0.849987
  904	17089	  628	  516	0.00001052	!	0.116944	11113.313437	0.849997
  904	17089	  630	  516	0.00000211	!	0.023401	11113.313437	0.849999
  904	17089	  631	  516	0.00058613	!	6.513839	11113.313437	0.850585
  904	17089	  632	  516	0.00094281	!	10.477752	11113.313437	0.851528
  904	17089	  633	  516	0.00009170	!	1.019064	11113.313437	0.851620
  904	17089	  634	  516	0.00000015	!	0.001702	11113.313437	0.851620
  904	17089	  635	  516	0.00178099	!	19.792676	11113.313437	0.853401
  904	17089	  636	  516	0.00158871	!	17.655855	11113.313437	0.854990
  904	17089	  637	  516	0.00027298	!	3.033659	11113.313437	0.855263
  904	17089	  638	  516	0.00326822	!	36.320707	11113.313437	0.858531
  904	17089	  639	  516	0.00002478	!	0.275350	11113.313437	0.858556
  904	17089	  622	  517	0.00166796	!	18.536585	11113.313437	0.860224
  904	17089	  623	  517	0.00000304	!	0.033773	11113.313437	0.860227
  904	17089	  624	  517	0.00000000	!	0.000005	11113.313437	0.860227
  904	17089	  625	  517	0.00075554	!	8.396587	11113.313437	0.860982
  904	17089	  626	  517	0.00204563	!	22.733745	11113.313437	0.863028
  904	17089	  627	  517	0.00353998	!	39.340880	11113.313437	0.866568
  904	17089	  628	  517	0.00000596	!	0.066233	11113.313437	0.866574
  904	17089	  631	  517	0.00000054	!	0.006055	11113.313437	0.866574
  904	17089	  632	  517	0.00086502	!	9.613291	11113.313437	0.867439
  904	17089	  633	  517	0.00029626	!	3.292424	11113.313437	0.867736
  904	17089	  634	  517	0.00000050	!	0.005570	11113.313437	0.867736
  904	17089	  635	  517	0.00388910	!	43.220781	11113.313437	0.871625
  904	17089	  636	  517	0.00108655	!	12.075210	11113.313437	0.872712
  904	17089	  637	  517	0.00174679	!	19.412569	11113.313437	0.874459
  904	17089	  638	  517	0.00115436	!	12.828754	11113.313437	0.875613
  904	17089	  621	  518	0.08491748	!	943.714613	11113.313437	0.960530
  904	17089	  622	  518	0.01937441	!	215.313945	11113.313437	0.979905
  904	17089	  623	  518	0.00003217	!	0.357536	11113.313437	0.979937
  904	17089	  624	  518	0.00014263	!	1.585146	11113.313437	0.980080
  904	17089	  625	  518	0.00000096	!	0.010654	11113.313437	0.980081
  904	17089	  626	  518	0.00018294	!	2.033085	11113.313437	0.980264
  904	17089	  627	  518	0.00257309	!	28.595504	11113.313437	0.982837
  904	17089	  628	  518	0.00000434	!	0.048183	11113.313437	0.982841
  904	17089	  632	  518	0.00258174	!	28.691734	11113.313437	0.985423
  904	17089	  633	  518	0.00000466	!	0.051826	11113.313437	0.985427
  904	17089	  634	  518	0.00000000	!	0.000005	11113.313437	0.985427
  904	17089	  635	  518	0.00000370	!	0.041134	11113.313437	0.985431
  904	17089	  636	  518	0.00000103	!	0.011481	11113.313437	0.985432
  904	17089	  637	  518	0.00000166	!	0.018481	11113.313437	0.985434
  904	17089	  638	  518	0.00000104	!	0.011522	11113.313437	0.985435
  904	17089	  621	  519	0.00008106	!	0.900880	11113.313437	0.985516
  904	17089	  622	  519	0.00001849	!	0.205524	11113.313437	0.985534
  904	17089	  623	  519	0.00000003	!	0.000341	11113.313437	0.985534
  904	17089	  624	  519	0.00015495	!	1.722027	11113.313437	0.985689
  904	17089	  625	  519	0.00000030	!	0.003300	11113.313437	0.985690
  904	17089	  626	  519	0.00888719	!	98.766175	11113.313437	0.994577
  904	17089	  627	  519	0.00079195	!	8.801146	11113.313437	0.995369
  904	17089	  628	  519	0.00000141	!	0.015649	11113.313437	0.995370
  904	17089	  632	  519	0.00142115	!	15.793679	11113.313437	0.996791
  904	17089	  633	  519	0.00030919	!	3.436070	11113.313437	0.997101
  904	17089	  634	  519	0.00000052	!	0.005796	11113.313437	0.997101
  904	17089	  636	  519	0.00052726	!	5.859621	11113.313437	0.997628
  904	17089	  637	  519	0.00056132	!	6.238072	11113.313437	0.998190
  904	17089	  638	  519	0.00000096	!	0.010650	11113.313437	0.998191
  904	17089	  631	  520	0.00002378	!	0.264328	11113.313437	0.998214
  904	17089	  632	  520	0.00015412	!	1.712733	11113.313437	0.998369
  904	17089	  633	  520	0.00002884	!	0.320515	11113.313437	0.998397
  904	17089	  634	  520	0.00000006	!	0.000645	11113.313437	0.998397
  904	17089	  635	  520	0.00095424	!	10.604795	11113.313437	0.999352
  904	17089	  636	  520	0.00043657	!	4.851703	11113.313437	0.999788
  904	17089	  637	  520	0.00021140	!	2.349318	11113.313437	1.000000
  904	17089	  638	  520	0.00000038	!	0.004180	11113.313437	1.000000
  904	17115	  609	  314	0.00177287	!	7.241588	4084.663751	0.001773
  904	17115	  610	  314	0.00000291	!	0.011880	4084.663751	0.001776
  904	17115	  609	  315	0.00000080	!	0.003251	4084.663751	0.001777
  904	17115	  610	  315	0.00000000	!	0.000005	4084.663751	0.001777
  904	17115	  615	  320	0.00628781	!	25.683592	4084.663751	0.008064
  904	17115	  616	  320	0.00001041	!	0.042517	4084.663751	0.008075
  904	17115	  617	  320	0.00060678	!	2.478500	4084.663751	0.008682
  904	17115	  618	  320	0.00000101	!	0.004115	4084.663751	0.008683
  904	17115	  615	  321	0.00000292	!	0.011914	4084.663751	0.008686
  904	17115	  616	  321	0.00000000	!	0.000020	4084.663751	0.008686
  904	17115	  617	  321	0.00233243	!	9.527184	4084.663751	0.011018
  904	17115	  618	  321	0.00000387	!	0.015819	4084.663751	0.011022
  904	17115	  617	  322	0.00000109	!	0.004442	4084.663751	0.011023
  904	17115	  618	  322	0.00000000	!	0.000007	4084.663751	0.011023
  904	17115	  598	  323	0.00126626	!	5.172250	4084.663751	0.012289
  904	17115	  599	  323	0.00000204	!	0.008344	4084.663751	0.012291
  904	17115	  605	  323	0.00828735	!	33.851025	4084.663751	0.020579
  904	17115	  606	  323	0.00957220	!	39.099218	4084.663751	0.030151
  904	17115	  607	  323	0.00079324	!	3.240122	4084.663751	0.030944
  904	17115	  608	  323	0.00000127	!	0.005195	4084.663751	0.030945
  904	17115	  609	  323	0.00142434	!	5.817951	4084.663751	0.032370
  904	17115	  610	  323	0.00000234	!	0.009544	4084.663751	0.032372
  904	17115	  611	  323	0.00145293	!	5.934715	4084.663751	0.033825
  904	17115	  612	  323	0.00000239	!	0.009765	4084.663751	0.033827
  904	17115	  616	  323	0.01031780	!	42.144739	4084.663751	0.044145
  904	17115	  617	  323	0.00001711	!	0.069871	4084.663751	0.044162
  904	17115	  598	  324	0.00000060	!	0.002438	4084.663751	0.044163
  904	17115	  599	  324	0.00000000	!	0.000004	4084.663751	0.044163
  904	17115	  605	  324	0.00000391	!	0.015954	4084.663751	0.044167
  904	17115	  606	  324	0.00000451	!	0.018427	4084.663751	0.044171
  904	17115	  607	  324	0.00000037	!	0.001527	4084.663751	0.044172
  904	17115	  608	  324	0.00308634	!	12.606667	4084.663751	0.047258
  904	17115	  609	  324	0.00000573	!	0.023392	4084.663751	0.047264
  904	17115	  610	  324	0.00000000	!	0.000004	4084.663751	0.047264
  904	17115	  611	  324	0.00072079	!	2.944188	4084.663751	0.047984
  904	17115	  612	  324	0.00269392	!	11.003774	4084.663751	0.050678
  904	17115	  613	  324	0.00227794	!	9.304621	4084.663751	0.052956
  904	17115	  614	  324	0.00000375	!	0.015327	4084.663751	0.052960
  904	17115	  615	  324	0.00195185	!	7.972635	4084.663751	0.054912
  904	17115	  616	  324	0.00390696	!	15.958611	4084.663751	0.058819
  904	17115	  617	  324	0.00133200	!	5.440784	4084.663751	0.060151
  904	17115	  618	  324	0.00000220	!	0.008990	4084.663751	0.060153
  904	17115	  598	  325	0.00244941	!	10.004998	4084.663751	0.062602
  904	17115	  599	  325	0.00000395	!	0.016140	4084.663751	0.062606
  904	17115	  601	  325	0.00457154	!	18.673203	4084.663751	0.067178
  904	17115	  602	  325	0.00000741	!	0.030262	4084.663751	0.067185
  904	17115	  606	  325	0.00271581	!	11.093169	4084.663751	0.069901
  904	17115	  607	  325	0.00000444	!	0.018116	4084.663751	0.069906
  904	17115	  608	  325	0.00000146	!	0.005973	4084.663751	0.069907
  904	17115	  609	  325	0.00146649	!	5.990116	4084.663751	0.071374
  904	17115	  610	  325	0.01161596	!	47.447306	4084.663751	0.082989
  904	17115	  611	  325	0.00755383	!	30.854848	4084.663751	0.090543
  904	17115	  612	  325	0.02226645	!	90.950970	4084.663751	0.112810
  904	17115	  613	  325	0.00476482	!	19.462674	4084.663751	0.117575
  904	17115	  614	  325	0.00000780	!	0.031875	4084.663751	0.117582
  904	17115	  615	  325	0.00000092	!	0.003777	4084.663751	0.117583
  904	17115	  616	  325	0.00000185	!	0.007551	4084.663751	0.117585
  904	17115	  617	  325	0.00000063	!	0.002578	4084.663751	0.117586
  904	17115	  618	  325	0.00000000	!	0.000004	4084.663751	0.117586
  904	17115	  598	  326	0.00000117	!	0.004765	4084.663751	0.117587
  904	17115	  599	  326	0.00000000	!	0.000008	4084.663751	0.117587
  904	17115	  601	  326	0.00000218	!	0.008893	4084.663751	0.117589
  904	17115	  602	  326	0.00000000	!	0.000014	4084.663751	0.117589
  904	17115	  606	  326	0.00000129	!	0.005283	4084.663751	0.117590
  904	17115	  607	  326	0.00000000	!	0.000009	4084.663751	0.117590
  904	17115	  609	  326	0.00170858	!	6.978959	4084.663751	0.119299
  904	17115	  610	  326	0.00809333	!	33.058540	4084.663751	0.127392
  904	17115	  611	  326	0.00811395	!	33.142742	4084.663751	0.135506
  904	17115	  612	  326	0.00536922	!	21.931462	4084.663751	0.140876
  904	17115	  613	  326	0.03969628	!	162.145969	4084.663751	0.180572
  904	17115	  614	  326	0.02127880	!	86.916761	4084.663751	0.201851
  904	17115	  615	  326	0.00131267	!	5.361830	4084.663751	0.203163
  904	17115	  616	  326	0.00000211	!	0.008639	4084.663751	0.203165
  904	17115	  609	  327	0.00000082	!	0.003340	4084.663751	0.203166
  904	17115	  610	  327	0.00742348	!	30.322419	4084.663751	0.210590
  904	17115	  611	  327	0.01700724	!	69.468876	4084.663751	0.227597
  904	17115	  612	  327	0.07775346	!	317.596738	4084.663751	0.305350
  904	17115	  613	  327	0.03956159	!	161.595778	4084.663751	0.344912
  904	17115	  614	  327	0.04577724	!	186.984650	4084.663751	0.390689
  904	17115	  615	  327	0.11247426	!	459.419551	4084.663751	0.503163
  904	17115	  616	  327	0.00018606	!	0.760011	4084.663751	0.503350
  904	17115	  610	  328	0.00118398	!	4.836163	4084.663751	0.504534
  904	17115	  611	  328	0.00620946	!	25.363543	4084.663751	0.510743
  904	17115	  612	  328	0.03242962	!	132.464085	4084.663751	0.543173
  904	17115	  613	  328	0.01822924	!	74.460328	4084.663751	0.561402
  904	17115	  614	  328	0.06475877	!	264.517807	4084.663751	0.626161
  904	17115	  615	  328	0.09799793	!	400.288574	4084.663751	0.724159
  904	17115	  616	  328	0.00759332	!	31.016173	4084.663751	0.731752
  904	17115	  617	  328	0.00001232	!	0.050324	4084.663751	0.731764
  904	17115	  608	  329	0.02887240	!	117.934047	4084.663751	0.760637
  904	17115	  609	  329	0.00055794	!	2.278990	4084.663751	0.761195
  904	17115	  610	  329	0.00061519	!	2.512862	4084.663751	0.761810
  904	17115	  611	  329	0.00043400	!	1.772760	4084.663751	0.762244
  904	17115	  612	  329	0.00661727	!	27.029325	4084.663751	0.768861
  904	17115	  613	  329	0.00800020	!	32.678126	4084.663751	0.776861
  904	17115	  614	  329	0.05171721	!	211.247394	4084.663751	0.828578
  904	17115	  615	  329	0.00336969	!	13.764035	4084.663751	0.831948
  904	17115	  616	  329	0.00278767	!	11.386700	4084.663751	0.834736
  904	17115	  617	  329	0.00000461	!	0.018841	4084.663751	0.834740
  904	17115	  608	  330	0.00001404	!	0.057335	4084.663751	0.834754
  904	17115	  609	  330	0.00000027	!	0.001108	4084.663751	0.834755
  904	17115	  610	  330	0.00000030	!	0.001221	4084.663751	0.834755
  904	17115	  611	  330	0.00297364	!	12.146335	4084.663751	0.837729
  904	17115	  612	  330	0.00000810	!	0.033094	4084.663751	0.837737
  904	17115	  613	  330	0.00000389	!	0.015869	4084.663751	0.837741
  904	17115	  614	  330	0.00199444	!	8.146601	4084.663751	0.839735
  904	17115	  615	  330	0.00402816	!	16.453663	4084.663751	0.843763
  904	17115	  616	  330	0.00000801	!	0.032733	4084.663751	0.843771
  904	17115	  617	  330	0.00000000	!	0.000009	4084.663751	0.843771
  904	17115	  610	  331	0.00290097	!	11.849486	4084.663751	0.846672
  904	17115	  611	  331	0.00643991	!	26.304868	4084.663751	0.853112
  904	17115	  612	  331	0.00001059	!	0.043252	4084.663751	0.853123
  904	17115	  614	  331	0.08291224	!	338.668620	4084.663751	0.936035
  904	17115	  615	  331	0.00013901	!	0.567821	4084.663751	0.936174
  904	17115	  616	  331	0.00000000	!	0.000013	4084.663751	0.936174
  904	17115	  604	  332	0.00325420	!	13.292300	4084.663751	0.939428
  904	17115	  605	  332	0.00000530	!	0.021641	4084.663751	0.939433
  904	17115	  610	  332	0.00971784	!	39.694105	4084.663751	0.949151
  904	17115	  611	  332	0.00167689	!	6.849514	4084.663751	0.950828
  904	17115	  612	  332	0.00000273	!	0.011163	4084.663751	0.950831
  904	17115	  614	  332	0.00202542	!	8.273149	4084.663751	0.952856
  904	17115	  615	  332	0.00414737	!	16.940602	4084.663751	0.957004
  904	17115	  616	  332	0.00000686	!	0.028021	4084.663751	0.957011
  904	17115	  604	  333	0.00000161	!	0.006561	4084.663751	0.957012
  904	17115	  605	  333	0.00000000	!	0.000011	4084.663751	0.957012
  904	17115	  610	  333	0.00000480	!	0.019590	4084.663751	0.957017
  904	17115	  611	  333	0.00000083	!	0.003375	4084.663751	0.957018
  904	17115	  612	  333	0.00327069	!	13.359671	4084.663751	0.960288
  904	17115	  613	  333	0.00172185	!	7.033197	4084.663751	0.962010
  904	17115	  614	  333	0.00000381	!	0.015573	4084.663751	0.962014
  904	17115	  615	  333	0.00000205	!	0.008362	4084.663751	0.962016
  904	17115	  616	  333	0.00000000	!	0.000014	4084.663751	0.962016
  904	17115	  612	  334	0.00000162	!	0.006627	4084.663751	0.962018
  904	17115	  613	  334	0.00000085	!	0.003489	4084.663751	0.962019
  904	17115	  614	  334	0.00000000	!	0.000006	4084.663751	0.962019
  904	17115	  616	  334	0.00189903	!	7.756895	4084.663751	0.963918
  904	17115	  617	  334	0.00000315	!	0.012860	4084.663751	0.963921
  904	17115	  616	  335	0.00000095	!	0.003867	4084.663751	0.963922
  904	17115	  617	  335	0.00000000	!	0.000006	4084.663751	0.963922
  904	17115	  619	  337	0.00177561	!	7.252767	4084.663751	0.965697
  904	17115	  620	  337	0.00000296	!	0.012078	4084.663751	0.965700
  904	17115	  619	  338	0.00000090	!	0.003670	4084.663751	0.965701
  904	17115	  620	  338	0.00000000	!	0.000006	4084.663751	0.965701
  904	17115	  621	  338	0.03251323	!	132.805595	4084.663751	0.998214
  904	17115	  622	  338	0.00005431	!	0.221825	4084.663751	0.998269
  904	17115	  621	  339	0.00001653	!	0.067526	4084.663751	0.998285
  904	17115	  622	  339	0.00000003	!	0.000113	4084.663751	0.998285
  904	17115	  610	  341	0.00171095	!	6.988663	4084.663751	0.999996
  904	17115	  611	  341	0.00000281	!	0.011482	4084.663751	0.999999
  904	17115	  610	  342	0.00000088	!	0.003605	4084.663751	1.000000
  904	17115	  611	  342	0.00000000	!	0.000006	4084.663751	1.000000
  904	17179	  569	  364	0.01485279	!	31.214702	2101.605466	0.014853
  904	17179	  570	  364	0.00002289	!	0.048108	2101.605466	0.014876
  904	17179	  569	  365	0.00000851	!	0.017882	2101.605466	0.014884
  904	17179	  570	  365	0.00000001	!	0.000028	2101.605466	0.014884
  904	17179	  571	  366	0.00284513	!	5.979331	2101.605466	0.017729
  904	17179	  572	  366	0.00000440	!	0.009245	2101.605466	0.017734
  904	17179	  571	  367	0.00000164	!	0.003455	2101.605466	0.017735
  904	17179	  572	  367	0.00000000	!	0.000005	2101.605466	0.017735
  904	17179	  564	  368	0.00164764	!	3.462692	2101.605466	0.019383
  904	17179	  565	  368	0.00000252	!	0.005294	2101.605466	0.019386
  904	17179	  564	  369	0.00000096	!	0.002018	2101.605466	0.019386
  904	17179	  565	  369	0.00000000	!	0.000003	2101.605466	0.019386
  904	17179	  575	  370	0.00614602	!	12.916514	2101.605466	0.025533
  904	17179	  576	  370	0.00000956	!	0.020099	2101.605466	0.025542
  904	17179	  575	  371	0.00000361	!	0.007592	2101.605466	0.025546
  904	17179	  576	  371	0.00000001	!	0.000012	2101.605466	0.025546
  904	17179	  578	  371	0.00360468	!	7.575616	2101.605466	0.029150
  904	17179	  579	  371	0.00000564	!	0.011845	2101.605466	0.029156
  904	17179	  578	  372	0.00000213	!	0.004471	2101.605466	0.029158
  904	17179	  579	  372	0.00000000	!	0.000007	2101.605466	0.029158
  904	17179	  561	  375	0.00276591	!	5.812849	2101.605466	0.031924
  904	17179	  562	  375	0.00178577	!	3.752987	2101.605466	0.033710
  904	17179	  563	  375	0.00000271	!	0.005705	2101.605466	0.033713
  904	17179	  561	  376	0.00000166	!	0.003488	2101.605466	0.033714
  904	17179	  562	  376	0.00201927	!	4.243712	2101.605466	0.035733
  904	17179	  563	  376	0.00000308	!	0.006467	2101.605466	0.035737
  904	17179	  562	  377	0.00000122	!	0.002556	2101.605466	0.035738
  904	17179	  563	  377	0.00000000	!	0.000004	2101.605466	0.035738
  904	17179	  560	  378	0.00708488	!	14.889628	2101.605466	0.042823
  904	17179	  561	  378	0.00001076	!	0.022615	2101.605466	0.042833
  904	17179	  560	  379	0.00000430	!	0.009046	2101.605466	0.042838
  904	17179	  561	  379	0.00916979	!	19.271280	2101.605466	0.052008
  904	17179	  562	  379	0.00790239	!	16.607707	2101.605466	0.059910
  904	17179	  563	  379	0.00001202	!	0.025262	2101.605466	0.059922
  904	17179	  565	  379	0.00052437	!	1.102016	2101.605466	0.060446
  904	17179	  566	  379	0.00430461	!	9.046602	2101.605466	0.064751
  904	17179	  567	  379	0.00000660	!	0.013873	2101.605466	0.064757
  904	17179	  572	  379	0.00271946	!	5.715242	2101.605466	0.067477
  904	17179	  573	  379	0.00000421	!	0.008851	2101.605466	0.067481
  904	17179	  574	  379	0.00178398	!	3.749228	2101.605466	0.069265
  904	17179	  575	  379	0.00000277	!	0.005825	2101.605466	0.069268
  904	17179	  557	  380	0.00387171	!	8.136809	2101.605466	0.073140
  904	17179	  558	  380	0.00001275	!	0.026786	2101.605466	0.073152
  904	17179	  561	  380	0.03233016	!	67.945244	2101.605466	0.105483
  904	17179	  562	  380	0.03309537	!	69.553419	2101.605466	0.138578
  904	17179	  563	  380	0.00005034	!	0.105798	2101.605466	0.138628
  904	17179	  565	  380	0.00198637	!	4.174566	2101.605466	0.140615
  904	17179	  566	  380	0.00812409	!	17.073634	2101.605466	0.148739
  904	17179	  567	  380	0.00001246	!	0.026177	2101.605466	0.148751
  904	17179	  572	  380	0.00000166	!	0.003487	2101.605466	0.148753
  904	17179	  573	  380	0.00000000	!	0.000005	2101.605466	0.148753
  904	17179	  574	  380	0.00000109	!	0.002287	2101.605466	0.148754
  904	17179	  575	  380	0.00000000	!	0.000004	2101.605466	0.148754
  904	17179	  581	  380	0.00749846	!	15.758795	2101.605466	0.156252
  904	17179	  582	  380	0.00001178	!	0.024757	2101.605466	0.156264
  904	17179	  561	  381	0.00001102	!	0.023161	2101.605466	0.156275
  904	17179	  562	  381	0.02317888	!	48.712850	2101.605466	0.179454
  904	17179	  563	  381	0.00968910	!	20.362676	2101.605466	0.189143
  904	17179	  564	  381	0.00706493	!	14.847691	2101.605466	0.196208
  904	17179	  565	  381	0.00188946	!	3.970903	2101.605466	0.198098
  904	17179	  566	  381	0.00000785	!	0.016497	2101.605466	0.198105
  904	17179	  567	  381	0.00000001	!	0.000016	2101.605466	0.198105
  904	17179	  581	  381	0.00000459	!	0.009653	2101.605466	0.198110
  904	17179	  582	  381	0.00000001	!	0.000015	2101.605466	0.198110
  904	17179	  562	  382	0.00001099	!	0.023095	2101.605466	0.198121
  904	17179	  563	  382	0.00261145	!	5.488240	2101.605466	0.200732
  904	17179	  564	  382	0.00000832	!	0.017489	2101.605466	0.200741
  904	17179	  565	  382	0.00000116	!	0.002441	2101.605466	0.200742
  904	17179	  566	  382	0.00000000	!	0.000004	2101.605466	0.200742
  904	17179	  563	  383	0.00118991	!	2.500726	2101.605466	0.201932
  904	17179	  564	  383	0.00000182	!	0.003817	2101.605466	0.201934
  904	17179	  563	  384	0.00817300	!	17.176412	2101.605466	0.210107
  904	17179	  564	  384	0.00001247	!	0.026216	2101.605466	0.210119
  904	17179	  573	  384	0.00270024	!	5.674835	2101.605466	0.212819
  904	17179	  574	  384	0.00000419	!	0.008802	2101.605466	0.212824
  904	17179	  563	  385	0.00000509	!	0.010690	2101.605466	0.212829
  904	17179	  564	  385	0.02075361	!	43.615904	2101.605466	0.233582
  904	17179	  565	  385	0.00003173	!	0.066679	2101.605466	0.233614
  904	17179	  569	  385	0.00104217	!	2.190222	2101.605466	0.234656
  904	17179	  570	  385	0.00000161	!	0.003376	2101.605466	0.234658
  904	17179	  572	  385	0.00246266	!	5.175545	2101.605466	0.237120
  904	17179	  573	  385	0.03692352	!	77.598662	2101.605466	0.274044
  904	17179	  574	  385	0.00005727	!	0.120352	2101.605466	0.274101
  904	17179	  564	  386	0.00994188	!	20.893908	2101.605466	0.284043
  904	17179	  565	  386	0.00001520	!	0.031942	2101.605466	0.284058
  904	17179	  569	  386	0.00000065	!	0.001369	2101.605466	0.284059
  904	17179	  570	  386	0.00000000	!	0.000002	2101.605466	0.284059
  904	17179	  572	  386	0.00416424	!	8.751600	2101.605466	0.288223
  904	17179	  573	  386	0.02969280	!	62.402541	2101.605466	0.317916
  904	17179	  574	  386	0.10142919	!	213.164148	2101.605466	0.419345
  904	17179	  575	  386	0.00015751	!	0.331021	2101.605466	0.419503
  904	17179	  564	  387	0.00000623	!	0.013092	2101.605466	0.419509
  904	17179	  565	  387	0.00000001	!	0.000020	2101.605466	0.419509
  904	17179	  568	  387	0.00086854	!	1.825322	2101.605466	0.420377
  904	17179	  569	  387	0.01040874	!	21.875064	2101.605466	0.430786
  904	17179	  570	  387	0.00001604	!	0.033709	2101.605466	0.430802
  904	17179	  572	  387	0.00000261	!	0.005489	2101.605466	0.430805
  904	17179	  573	  387	0.00001861	!	0.039121	2101.605466	0.430823
  904	17179	  574	  387	0.19785208	!	415.807014	2101.605466	0.628676
  904	17179	  575	  387	0.00030738	!	0.645997	2101.605466	0.628983
  904	17179	  582	  387	0.00290538	!	6.105965	2101.605466	0.631888
  904	17179	  583	  387	0.00000289	!	0.006079	2101.605466	0.631891
  904	17179	  565	  388	0.00357214	!	7.507238	2101.605466	0.635463
  904	17179	  566	  388	0.00000547	!	0.011495	2101.605466	0.635469
  904	17179	  568	  388	0.00507749	!	10.670880	2101.605466	0.640546
  904	17179	  569	  388	0.00876787	!	18.426610	2101.605466	0.649314
  904	17179	  570	  388	0.00001350	!	0.028373	2101.605466	0.649328
  904	17179	  571	  388	0.00073739	!	1.549698	2101.605466	0.650065
  904	17179	  572	  388	0.00000114	!	0.002396	2101.605466	0.650066
  904	17179	  573	  388	0.02768768	!	58.188590	2101.605466	0.677754
  904	17179	  574	  388	0.00871928	!	18.324488	2101.605466	0.686473
  904	17179	  575	  388	0.00001348	!	0.028329	2101.605466	0.686487
  904	17179	  582	  388	0.00105884	!	2.225263	2101.605466	0.687545
  904	17179	  564	  389	0.00374963	!	7.880252	2101.605466	0.691295
  904	17179	  565	  389	0.00268440	!	5.641551	2101.605466	0.693980
  904	17179	  566	  389	0.00275492	!	5.789760	2101.605466	0.696734
  904	17179	  567	  389	0.00000422	!	0.008867	2101.605466	0.696739
  904	17179	  568	  389	0.00000321	!	0.006747	2101.605466	0.696742
  904	17179	  569	  389	0.00000554	!	0.011643	2101.605466	0.696747
  904	17179	  570	  389	0.00000001	!	0.000018	2101.605466	0.696747
  904	17179	  571	  389	0.00000047	!	0.000980	2101.605466	0.696748
  904	17179	  572	  389	0.00000000	!	0.000002	2101.605466	0.696748
  904	17179	  573	  389	0.00001751	!	0.036796	2101.605466	0.696765
  904	17179	  574	  389	0.00000543	!	0.011422	2101.605466	0.696771
  904	17179	  575	  389	0.00000001	!	0.000018	2101.605466	0.696771
  904	17179	  582	  389	0.00000059	!	0.001234	2101.605466	0.696771
  904	17179	  564	  390	0.00000263	!	0.005517	2101.605466	0.696774
  904	17179	  565	  390	0.01217702	!	25.591285	2101.605466	0.708951
  904	17179	  566	  390	0.00356680	!	7.496009	2101.605466	0.712518
  904	17179	  567	  390	0.00085776	!	1.802674	2101.605466	0.713376
  904	17179	  568	  390	0.00110135	!	2.314601	2101.605466	0.714477
  904	17179	  569	  390	0.00504640	!	10.605548	2101.605466	0.719523
  904	17179	  570	  390	0.00000777	!	0.016340	2101.605466	0.719531
  904	17179	  577	  390	0.04969070	!	104.430257	2101.605466	0.769222
  904	17179	  578	  390	0.00007757	!	0.163020	2101.605466	0.769299
  904	17179	  564	  391	0.00014737	!	0.309704	2101.605466	0.769447
  904	17179	  565	  391	0.04009234	!	84.258289	2101.605466	0.809539
  904	17179	  566	  391	0.02491970	!	52.371380	2101.605466	0.834459
  904	17179	  567	  391	0.03388231	!	71.207258	2101.605466	0.868341
  904	17179	  568	  391	0.00508067	!	10.677558	2101.605466	0.873422
  904	17179	  569	  391	0.00001095	!	0.023018	2101.605466	0.873433
  904	17179	  570	  391	0.00662529	!	13.923745	2101.605466	0.880058
  904	17179	  571	  391	0.00001023	!	0.021494	2101.605466	0.880068
  904	17179	  577	  391	0.00003167	!	0.066554	2101.605466	0.880100
  904	17179	  578	  391	0.00000005	!	0.000104	2101.605466	0.880100
  904	17179	  565	  392	0.00106240	!	2.232742	2101.605466	0.881162
  904	17179	  566	  392	0.00002844	!	0.059768	2101.605466	0.881191
  904	17179	  567	  392	0.01079333	!	22.683330	2101.605466	0.891984
  904	17179	  568	  392	0.01158134	!	24.339408	2101.605466	0.903566
  904	17179	  569	  392	0.00001779	!	0.037397	2101.605466	0.903583
  904	17179	  570	  392	0.00000424	!	0.008908	2101.605466	0.903588
  904	17179	  571	  392	0.00000001	!	0.000014	2101.605466	0.903588
  904	17179	  572	  392	0.00151647	!	3.187019	2101.605466	0.905104
  904	17179	  573	  392	0.00000235	!	0.004936	2101.605466	0.905106
  904	17179	  567	  393	0.01683954	!	35.390072	2101.605466	0.921946
  904	17179	  568	  393	0.01299382	!	27.307886	2101.605466	0.934940
  904	17179	  569	  393	0.00001989	!	0.041798	2101.605466	0.934960
  904	17179	  572	  393	0.00119345	!	2.508152	2101.605466	0.936153
  904	17179	  573	  393	0.00000185	!	0.003884	2101.605466	0.936155
  904	17179	  575	  393	0.00361072	!	7.588310	2101.605466	0.939766
  904	17179	  576	  393	0.00000562	!	0.011808	2101.605466	0.939771
  904	17179	  567	  394	0.00096185	!	2.021430	2101.605466	0.940733
  904	17179	  568	  394	0.00695134	!	14.608971	2101.605466	0.947684
  904	17179	  569	  394	0.00943376	!	19.826042	2101.605466	0.957118
  904	17179	  570	  394	0.00001452	!	0.030520	2101.605466	0.957133
  904	17179	  572	  394	0.00000077	!	0.001616	2101.605466	0.957134
  904	17179	  573	  394	0.00000000	!	0.000003	2101.605466	0.957134
  904	17179	  574	  394	0.00758766	!	15.946278	2101.605466	0.964721
  904	17179	  575	  394	0.00223705	!	4.701403	2101.605466	0.966958
  904	17179	  576	  394	0.00628482	!	13.208209	2101.605466	0.973243
  904	17179	  577	  394	0.00893646	!	18.780905	2101.605466	0.982180
  904	17179	  578	  394	0.00001393	!	0.029286	2101.605466	0.982193
  904	17179	  568	  395	0.00000413	!	0.008682	2101.605466	0.982198
  904	17179	  569	  395	0.00000611	!	0.012832	2101.605466	0.982204
  904	17179	  570	  395	0.00000001	!	0.000020	2101.605466	0.982204
  904	17179	  574	  395	0.00000491	!	0.010321	2101.605466	0.982209
  904	17179	  575	  395	0.00000145	!	0.003040	2101.605466	0.982210
  904	17179	  576	  395	0.00000407	!	0.008549	2101.605466	0.982214
  904	17179	  577	  395	0.00000578	!	0.012155	2101.605466	0.982220
  904	17179	  578	  395	0.00000001	!	0.000019	2101.605466	0.982220
  904	17179	  569	  396	0.01774117	!	37.284939	2101.605466	0.999961
  904	17179	  570	  396	0.00002734	!	0.057463	2101.605466	0.999988
  904	17179	  569	  397	0.00001157	!	0.024316	2101.605466	1.000000
  904	17179	  570	  397	0.00000002	!	0.000037	2101.605466	1.000000
  904	17021	  596	  286	0.00439140	!	1.582168	360.287713	0.004391
  904	17021	  597	  286	0.00000706	!	0.002544	360.287713	0.004398
  904	17021	  601	  286	0.00964216	!	3.473953	360.287713	0.014041
  904	17021	  602	  286	0.00001563	!	0.005630	360.287713	0.014056
  904	17021	  606	  286	0.02231039	!	8.038158	360.287713	0.036367
  904	17021	  607	  286	0.00003643	!	0.013127	360.287713	0.036403
  904	17021	  596	  287	0.00000167	!	0.000601	360.287713	0.036405
  904	17021	  597	  287	0.00000000	!	0.000001	360.287713	0.036405
  904	17021	  601	  287	0.00000366	!	0.001319	360.287713	0.036408
  904	17021	  602	  287	0.00000001	!	0.000002	360.287713	0.036408
  904	17021	  606	  287	0.07929636	!	28.569503	360.287713	0.115705
  904	17021	  607	  287	0.00012949	!	0.046655	360.287713	0.115834
  904	17021	  582	  288	0.04103106	!	14.782986	360.287713	0.156865
  904	17021	  583	  288	0.00006456	!	0.023260	360.287713	0.156930
  904	17021	  605	  288	0.00960528	!	3.460666	360.287713	0.166535
  904	17021	  606	  288	0.00817183	!	2.944211	360.287713	0.174707
  904	17021	  607	  288	0.00001332	!	0.004799	360.287713	0.174720
  904	17021	  582	  289	0.00001578	!	0.005686	360.287713	0.174736
  904	17021	  583	  289	0.00000002	!	0.000009	360.287713	0.174736
  904	17021	  605	  289	0.00000369	!	0.001331	360.287713	0.174740
  904	17021	  606	  289	0.00000313	!	0.001128	360.287713	0.174743
  904	17021	  607	  289	0.00000001	!	0.000002	360.287713	0.174743
  904	17021	  601	  291	0.02777930	!	10.008540	360.287713	0.202522
  904	17021	  602	  291	0.00004502	!	0.016220	360.287713	0.202567
  904	17021	  601	  292	0.05638626	!	20.315278	360.287713	0.258954
  904	17021	  602	  292	0.00009138	!	0.032924	360.287713	0.259045
  904	17021	  601	  293	0.00002224	!	0.008013	360.287713	0.259067
  904	17021	  602	  293	0.00000004	!	0.000013	360.287713	0.259067
  904	17021	  590	  297	0.03671699	!	13.228679	360.287713	0.295784
  904	17021	  591	  297	0.00005850	!	0.021078	360.287713	0.295843
  904	17021	  590	  298	0.14355765	!	51.722057	360.287713	0.439400
  904	17021	  591	  298	0.00022873	!	0.082410	360.287713	0.439629
  904	17021	  608	  298	0.03080052	!	11.097050	360.287713	0.470430
  904	17021	  609	  298	0.00005045	!	0.018177	360.287713	0.470480
  904	17021	  590	  299	0.00005876	!	0.021171	360.287713	0.470539
  904	17021	  591	  299	0.07992081	!	28.794484	360.287713	0.550460
  904	17021	  592	  299	0.13784153	!	49.662609	360.287713	0.688301
  904	17021	  593	  299	0.00022011	!	0.079302	360.287713	0.688521
  904	17021	  608	  299	0.00001261	!	0.004543	360.287713	0.688534
  904	17021	  609	  299	0.00000002	!	0.000007	360.287713	0.688534
  904	17021	  587	  300	0.01354110	!	4.878692	360.287713	0.702075
  904	17021	  588	  300	0.00002147	!	0.007737	360.287713	0.702096
  904	17021	  590	  300	0.04584367	!	16.516912	360.287713	0.747940
  904	17021	  591	  300	0.10178033	!	36.670203	360.287713	0.849720
  904	17021	  592	  300	0.00021902	!	0.078911	360.287713	0.849939
  904	17021	  593	  300	0.08777589	!	31.624576	360.287713	0.937715
  904	17021	  594	  300	0.00014051	!	0.050624	360.287713	0.937856
  904	17021	  577	  301	0.00653469	!	2.354369	360.287713	0.944391
  904	17021	  578	  301	0.00001020	!	0.003675	360.287713	0.944401
  904	17021	  587	  301	0.00000561	!	0.002021	360.287713	0.944406
  904	17021	  588	  301	0.00000001	!	0.000003	360.287713	0.944406
  904	17021	  590	  301	0.00001899	!	0.006843	360.287713	0.944425
  904	17021	  591	  301	0.00004216	!	0.015188	360.287713	0.944468
  904	17021	  592	  301	0.00000007	!	0.000024	360.287713	0.944468
  904	17021	  593	  301	0.01501768	!	5.410686	360.287713	0.959485
  904	17021	  594	  301	0.00002404	!	0.008661	360.287713	0.959509
  904	17021	  577	  302	0.00000272	!	0.000981	360.287713	0.959512
  904	17021	  578	  302	0.00000000	!	0.000002	360.287713	0.959512
  904	17021	  583	  302	0.00923084	!	3.325760	360.287713	0.968743
  904	17021	  584	  302	0.00001455	!	0.005241	360.287713	0.968757
  904	17021	  593	  302	0.00000624	!	0.002250	360.287713	0.968764
  904	17021	  594	  302	0.00000001	!	0.000004	360.287713	0.968764
  904	17021	  583	  303	0.00000387	!	0.001394	360.287713	0.968768
  904	17021	  584	  303	0.00000001	!	0.000002	360.287713	0.968768
  904	17021	  597	  307	0.01760519	!	6.342933	360.287713	0.986373
  904	17021	  598	  307	0.00002836	!	0.010217	360.287713	0.986401
  904	17021	  608	  307	0.01358582	!	4.894806	360.287713	0.999987
  904	17021	  597	  308	0.00000760	!	0.002738	360.287713	0.999995
  904	17021	  598	  308	0.00000001	!	0.000004	360.287713	0.999995
  904	17021	  608	  308	0.00000544	!	0.001960	360.287713	1.000000
  904	17143	  554	  380	0.00495568	!	12.038308	2429.192771	0.004956
  904	17143	  555	  380	0.00000745	!	0.018105	2429.192771	0.004963
  904	17143	  556	  380	0.03972757	!	96.505916	2429.192771	0.044691
  904	17143	  557	  380	0.02428047	!	58.981950	2429.192771	0.068971
  904	17143	  558	  380	0.00003064	!	0.074436	2429.192771	0.069002
  904	17143	  561	  380	0.00546149	!	13.267014	2429.192771	0.074463
  904	17143	  554	  381	0.00000304	!	0.007374	2429.192771	0.074466
  904	17143	  555	  381	0.00000000	!	0.000011	2429.192771	0.074466
  904	17143	  556	  381	0.00002433	!	0.059112	2429.192771	0.074491
  904	17143	  557	  381	0.03788488	!	92.029683	2429.192771	0.112376
  904	17143	  558	  381	0.00005726	!	0.139093	2429.192771	0.112433
  904	17143	  561	  381	0.00001094	!	0.026576	2429.192771	0.112444
  904	17143	  562	  381	0.00150306	!	3.651216	2429.192771	0.113947
  904	17143	  557	  382	0.00002329	!	0.056573	2429.192771	0.113970
  904	17143	  558	  382	0.00000004	!	0.000086	2429.192771	0.113970
  904	17143	  562	  382	0.00000374	!	0.009083	2429.192771	0.113974
  904	17143	  561	  387	0.03654777	!	88.781580	2429.192771	0.150522
  904	17143	  562	  387	0.01077702	!	26.179469	2429.192771	0.161299
  904	17143	  563	  387	0.00001634	!	0.039687	2429.192771	0.161315
  904	17143	  558	  388	0.00392639	!	9.537960	2429.192771	0.165241
  904	17143	  559	  388	0.02979282	!	72.372503	2429.192771	0.195034
  904	17143	  560	  388	0.00497620	!	12.088138	2429.192771	0.200010
  904	17143	  561	  388	0.00319352	!	7.757683	2429.192771	0.203204
  904	17143	  562	  388	0.04458570	!	108.307256	2429.192771	0.247790
  904	17143	  563	  388	0.00006793	!	0.165021	2429.192771	0.247858
  904	17143	  558	  389	0.00000248	!	0.006031	2429.192771	0.247860
  904	17143	  559	  389	0.00366681	!	8.907383	2429.192771	0.251527
  904	17143	  560	  389	0.00041133	!	0.999208	2429.192771	0.251938
  904	17143	  561	  389	0.00000262	!	0.006356	2429.192771	0.251941
  904	17143	  562	  389	0.00416853	!	10.126153	2429.192771	0.256109
  904	17143	  563	  389	0.03277299	!	79.611903	2429.192771	0.288882
  904	17143	  564	  389	0.00122781	!	2.982589	2429.192771	0.290110
  904	17143	  540	  390	0.00065863	!	1.599930	2429.192771	0.290769
  904	17143	  541	  390	0.00000315	!	0.007651	2429.192771	0.290772
  904	17143	  559	  390	0.00000232	!	0.005626	2429.192771	0.290774
  904	17143	  560	  390	0.00000026	!	0.000629	2429.192771	0.290774
  904	17143	  561	  390	0.00000000	!	0.000001	2429.192771	0.290774
  904	17143	  562	  390	0.00497095	!	12.075386	2429.192771	0.295745
  904	17143	  563	  390	0.01494263	!	36.298528	2429.192771	0.310688
  904	17143	  564	  390	0.00002333	!	0.056675	2429.192771	0.310711
  904	17143	  540	  391	0.00000045	!	0.001096	2429.192771	0.310712
  904	17143	  541	  391	0.00000000	!	0.000005	2429.192771	0.310712
  904	17143	  552	  391	0.00122629	!	2.978887	2429.192771	0.311938
  904	17143	  553	  391	0.00000184	!	0.004465	2429.192771	0.311940
  904	17143	  558	  391	0.00967775	!	23.509125	2429.192771	0.321618
  904	17143	  559	  391	0.01562219	!	37.949300	2429.192771	0.337240
  904	17143	  560	  391	0.00002367	!	0.057491	2429.192771	0.337264
  904	17143	  562	  391	0.00058671	!	1.425231	2429.192771	0.337850
  904	17143	  563	  391	0.00536683	!	13.037066	2429.192771	0.343217
  904	17143	  564	  391	0.03889736	!	94.489181	2429.192771	0.382114
  904	17143	  565	  391	0.01504893	!	36.556758	2429.192771	0.397163
  904	17143	  552	  392	0.00000078	!	0.001906	2429.192771	0.397164
  904	17143	  553	  392	0.00000000	!	0.000003	2429.192771	0.397164
  904	17143	  558	  392	0.00000619	!	0.015041	2429.192771	0.397170
  904	17143	  559	  392	0.00000999	!	0.024279	2429.192771	0.397180
  904	17143	  560	  392	0.00000002	!	0.000037	2429.192771	0.397180
  904	17143	  562	  392	0.00105390	!	2.560121	2429.192771	0.398234
  904	17143	  563	  392	0.00539829	!	13.113491	2429.192771	0.403633
  904	17143	  564	  392	0.01196539	!	29.066250	2429.192771	0.415598
  904	17143	  565	  392	0.03869472	!	93.996926	2429.192771	0.454293
  904	17143	  566	  392	0.00004977	!	0.120902	2429.192771	0.454342
  904	17143	  567	  392	0.00007612	!	0.184908	2429.192771	0.454419
  904	17143	  561	  393	0.00185437	!	4.504627	2429.192771	0.456273
  904	17143	  562	  393	0.00211719	!	5.143058	2429.192771	0.458390
  904	17143	  563	  393	0.00000669	!	0.016241	2429.192771	0.458397
  904	17143	  564	  393	0.00327481	!	7.955135	2429.192771	0.461672
  904	17143	  565	  393	0.02224227	!	54.030763	2429.192771	0.483914
  904	17143	  566	  393	0.02086520	!	50.685588	2429.192771	0.504779
  904	17143	  567	  393	0.02388896	!	58.030883	2429.192771	0.528668
  904	17143	  561	  394	0.00000120	!	0.002904	2429.192771	0.528669
  904	17143	  562	  394	0.00000136	!	0.003315	2429.192771	0.528671
  904	17143	  563	  394	0.00000000	!	0.000005	2429.192771	0.528671
  904	17143	  564	  394	0.00462969	!	11.246415	2429.192771	0.533300
  904	17143	  565	  394	0.00319270	!	7.755691	2429.192771	0.536493
  904	17143	  566	  394	0.00828206	!	20.118710	2429.192771	0.544775
  904	17143	  567	  394	0.01942888	!	47.196503	2429.192771	0.564204
  904	17143	  568	  394	0.00020026	!	0.486482	2429.192771	0.564404
  904	17143	  561	  395	0.00109054	!	2.649122	2429.192771	0.565495
  904	17143	  562	  395	0.00192077	!	4.665931	2429.192771	0.567416
  904	17143	  563	  395	0.00818866	!	19.891831	2429.192771	0.575604
  904	17143	  564	  395	0.00141152	!	3.428843	2429.192771	0.577016
  904	17143	  565	  395	0.00635559	!	15.438959	2429.192771	0.583371
  904	17143	  566	  395	0.01259983	!	30.607408	2429.192771	0.595971
  904	17143	  567	  395	0.00003240	!	0.078703	2429.192771	0.596004
  904	17143	  568	  395	0.00000044	!	0.001077	2429.192771	0.596004
  904	17143	  561	  396	0.00465942	!	11.318630	2429.192771	0.600663
  904	17143	  562	  396	0.01615484	!	39.243217	2429.192771	0.616818
  904	17143	  563	  396	0.00169483	!	4.117067	2429.192771	0.618513
  904	17143	  564	  396	0.00566527	!	13.762023	2429.192771	0.624178
  904	17143	  565	  396	0.00277905	!	6.750843	2429.192771	0.626957
  904	17143	  566	  396	0.01084945	!	26.355397	2429.192771	0.637807
  904	17143	  567	  396	0.00001663	!	0.040406	2429.192771	0.637823
  904	17143	  540	  397	0.00109042	!	2.648850	2429.192771	0.638914
  904	17143	  541	  397	0.00000210	!	0.005111	2429.192771	0.638916
  904	17143	  561	  397	0.00000304	!	0.007381	2429.192771	0.638919
  904	17143	  562	  397	0.00198223	!	4.815211	2429.192771	0.640901
  904	17143	  563	  397	0.00396910	!	9.641711	2429.192771	0.644870
  904	17143	  564	  397	0.00000975	!	0.023675	2429.192771	0.644880
  904	17143	  565	  397	0.00000181	!	0.004396	2429.192771	0.644882
  904	17143	  566	  397	0.07660184	!	186.080648	2429.192771	0.721484
  904	17143	  567	  397	0.00011749	!	0.285399	2429.192771	0.721601
  904	17143	  540	  398	0.00000075	!	0.001816	2429.192771	0.721602
  904	17143	  541	  398	0.00000000	!	0.000003	2429.192771	0.721602
  904	17143	  554	  398	0.01219644	!	29.627494	2429.192771	0.733798
  904	17143	  555	  398	0.00001834	!	0.044558	2429.192771	0.733817
  904	17143	  559	  398	0.00626581	!	15.220869	2429.192771	0.740083
  904	17143	  560	  398	0.00541393	!	13.151481	2429.192771	0.745497
  904	17143	  561	  398	0.00000821	!	0.019940	2429.192771	0.745505
  904	17143	  562	  398	0.00000129	!	0.003136	2429.192771	0.745506
  904	17143	  563	  398	0.00000260	!	0.006310	2429.192771	0.745509
  904	17143	  564	  398	0.00000000	!	0.000010	2429.192771	0.745509
  904	17143	  566	  398	0.00545860	!	13.259994	2429.192771	0.750967
  904	17143	  567	  398	0.00000837	!	0.020337	2429.192771	0.750976
  904	17143	  554	  399	0.00227861	!	5.535192	2429.192771	0.753254
  904	17143	  555	  399	0.00000343	!	0.008325	2429.192771	0.753258
  904	17143	  557	  399	0.00138097	!	3.354644	2429.192771	0.754639
  904	17143	  558	  399	0.00210501	!	5.113466	2429.192771	0.756744
  904	17143	  559	  399	0.00455739	!	11.070789	2429.192771	0.761301
  904	17143	  560	  399	0.00254977	!	6.193880	2429.192771	0.763851
  904	17143	  561	  399	0.00227505	!	5.526528	2429.192771	0.766126
  904	17143	  562	  399	0.00232109	!	5.638385	2429.192771	0.768447
  904	17143	  563	  399	0.02039876	!	49.552512	2429.192771	0.788846
  904	17143	  564	  399	0.00003113	!	0.075618	2429.192771	0.788877
  904	17143	  566	  399	0.00211215	!	5.130829	2429.192771	0.790989
  904	17143	  567	  399	0.00000062	!	0.001516	2429.192771	0.790990
  904	17143	  554	  400	0.00000150	!	0.003638	2429.192771	0.790991
  904	17143	  555	  400	0.00000000	!	0.000005	2429.192771	0.790991
  904	17143	  557	  400	0.00000091	!	0.002213	2429.192771	0.790992
  904	17143	  558	  400	0.00000139	!	0.003373	2429.192771	0.790993
  904	17143	  559	  400	0.00000300	!	0.007296	2429.192771	0.790996
  904	17143	  560	  400	0.00000168	!	0.004080	2429.192771	0.790998
  904	17143	  561	  400	0.00000150	!	0.003645	2429.192771	0.791000
  904	17143	  562	  400	0.04869530	!	118.290278	2429.192771	0.839695
  904	17143	  563	  400	0.03687043	!	89.565390	2429.192771	0.876565
  904	17143	  564	  400	0.00243124	!	5.905942	2429.192771	0.878997
  904	17143	  565	  400	0.00000363	!	0.008820	2429.192771	0.879000
  904	17143	  566	  400	0.00000106	!	0.002581	2429.192771	0.879001
  904	17143	  562	  401	0.00561670	!	13.644048	2429.192771	0.884618
  904	17143	  563	  401	0.00180437	!	4.383172	2429.192771	0.886422
  904	17143	  564	  401	0.00000431	!	0.010478	2429.192771	0.886427
  904	17143	  565	  401	0.00110013	!	2.672436	2429.192771	0.887527
  904	17143	  566	  401	0.00000168	!	0.004092	2429.192771	0.887528
  904	17143	  546	  402	0.00114520	!	2.781903	2429.192771	0.888674
  904	17143	  547	  402	0.00000170	!	0.004129	2429.192771	0.888675
  904	17143	  562	  402	0.00000371	!	0.009015	2429.192771	0.888679
  904	17143	  563	  402	0.00263211	!	6.393899	2429.192771	0.891311
  904	17143	  564	  402	0.00000402	!	0.009759	2429.192771	0.891315
  904	17143	  565	  402	0.00000073	!	0.001776	2429.192771	0.891316
  904	17143	  566	  402	0.00327180	!	7.947826	2429.192771	0.894588
  904	17143	  567	  402	0.00000420	!	0.010195	2429.192771	0.894592
  904	17143	  546	  403	0.00131724	!	3.199837	2429.192771	0.895909
  904	17143	  547	  403	0.00000195	!	0.004749	2429.192771	0.895911
  904	17143	  563	  403	0.00098748	!	2.398774	2429.192771	0.896899
  904	17143	  564	  403	0.00000151	!	0.003661	2429.192771	0.896900
  904	17143	  566	  403	0.00000220	!	0.005335	2429.192771	0.896902
  904	17143	  567	  403	0.00000000	!	0.000008	2429.192771	0.896902
  904	17143	  546	  404	0.00000088	!	0.002141	2429.192771	0.896903
  904	17143	  547	  404	0.00000000	!	0.000003	2429.192771	0.896903
  904	17143	  563	  404	0.00000066	!	0.001603	2429.192771	0.896904
  904	17143	  564	  404	0.00000000	!	0.000002	2429.192771	0.896904
  904	17143	  566	  404	0.01204713	!	29.264797	2429.192771	0.908951
  904	17143	  567	  404	0.00001848	!	0.044884	2429.192771	0.908969
  904	17143	  544	  405	0.00174031	!	4.227551	2429.192771	0.910710
  904	17143	  545	  405	0.00000257	!	0.006253	2429.192771	0.910712
  904	17143	  558	  405	0.00139951	!	3.399675	2429.192771	0.912112
  904	17143	  559	  405	0.00000212	!	0.005147	2429.192771	0.912114
  904	17143	  566	  405	0.03057794	!	74.279699	2429.192771	0.942692
  904	17143	  567	  405	0.00829540	!	20.151130	2429.192771	0.950987
  904	17143	  568	  405	0.00001267	!	0.030782	2429.192771	0.951000
  904	17143	  544	  406	0.00000117	!	0.002851	2429.192771	0.951001
  904	17143	  545	  406	0.00000000	!	0.000004	2429.192771	0.951001
  904	17143	  558	  406	0.00000094	!	0.002293	2429.192771	0.951002
  904	17143	  559	  406	0.00000000	!	0.000003	2429.192771	0.951002
  904	17143	  565	  406	0.00320165	!	7.777432	2429.192771	0.954204
  904	17143	  566	  406	0.01257527	!	30.547751	2429.192771	0.966779
  904	17143	  567	  406	0.00002484	!	0.060349	2429.192771	0.966804
  904	17143	  568	  406	0.00000001	!	0.000021	2429.192771	0.966804
  904	17143	  565	  407	0.00000217	!	0.005265	2429.192771	0.966806
  904	17143	  566	  407	0.00000850	!	0.020646	2429.192771	0.966814
  904	17143	  567	  407	0.00000001	!	0.000032	2429.192771	0.966815
  904	17143	  553	  410	0.00350735	!	8.520022	2429.192771	0.970322
  904	17143	  554	  410	0.00000527	!	0.012793	2429.192771	0.970327
  904	17143	  570	  410	0.00195598	!	4.751461	2429.192771	0.972283
  904	17143	  571	  410	0.00000038	!	0.000917	2429.192771	0.972283
  904	17143	  553	  411	0.00445165	!	10.813906	2429.192771	0.976735
  904	17143	  554	  411	0.00000668	!	0.016237	2429.192771	0.976742
  904	17143	  567	  411	0.00218542	!	5.308801	2429.192771	0.978927
  904	17143	  568	  411	0.00000336	!	0.008155	2429.192771	0.978931
  904	17143	  570	  411	0.00218049	!	5.296836	2429.192771	0.981111
  904	17143	  571	  411	0.00000337	!	0.008177	2429.192771	0.981114
  904	17143	  553	  412	0.00000307	!	0.007451	2429.192771	0.981118
  904	17143	  554	  412	0.00000000	!	0.000011	2429.192771	0.981118
  904	17143	  567	  412	0.00000151	!	0.003660	2429.192771	0.981119
  904	17143	  568	  412	0.00000000	!	0.000006	2429.192771	0.981119
  904	17143	  569	  412	0.00999024	!	24.268212	2429.192771	0.991109
  904	17143	  570	  412	0.00659369	!	16.017346	2429.192771	0.997703
  904	17143	  571	  412	0.00228221	!	5.543929	2429.192771	0.999985
  904	17143	  572	  412	0.00000145	!	0.003521	2429.192771	0.999987
  904	17143	  569	  413	0.00000691	!	0.016789	2429.192771	0.999994
  904	17143	  570	  413	0.00000456	!	0.011079	2429.192771	0.999998
  904	17143	  571	  413	0.00000191	!	0.004647	2429.192771	1.000000
  904	17143	  572	  413	0.00000000	!	0.000007	2429.192771	1.000000
  904	17137	  549	  299	0.00595074	!	5.255520	883.171311	0.005951
  904	17137	  550	  299	0.00000888	!	0.007839	883.171311	0.005960
  904	17137	  549	  300	0.00000245	!	0.002164	883.171311	0.005962
  904	17137	  550	  300	0.00000000	!	0.000003	883.171311	0.005962
  904	17137	  543	  301	0.00699272	!	6.175769	883.171311	0.012955
  904	17137	  544	  301	0.00001033	!	0.009119	883.171311	0.012965
  904	17137	  543	  302	0.00000291	!	0.002574	883.171311	0.012968
  904	17137	  544	  302	0.00000000	!	0.000004	883.171311	0.012968
  904	17137	  531	  306	0.27389799	!	241.898844	883.171311	0.286866
  904	17137	  532	  306	0.00701963	!	6.199532	883.171311	0.293886
  904	17137	  533	  306	0.00000960	!	0.008478	883.171311	0.293895
  904	17137	  531	  307	0.00011755	!	0.103819	883.171311	0.294013
  904	17137	  532	  307	0.00000301	!	0.002661	883.171311	0.294016
  904	17137	  533	  307	0.00000000	!	0.000004	883.171311	0.294016
  904	17137	  528	  308	0.00186807	!	1.649830	883.171311	0.295884
  904	17137	  529	  308	0.00636553	!	5.621853	883.171311	0.302249
  904	17137	  530	  308	0.00000917	!	0.008103	883.171311	0.302259
  904	17137	  531	  308	0.04953577	!	43.748570	883.171311	0.351794
  904	17137	  532	  308	0.00007167	!	0.063298	883.171311	0.351866
  904	17137	  528	  309	0.01680388	!	14.840704	883.171311	0.368670
  904	17137	  529	  309	0.00923237	!	8.153764	883.171311	0.377902
  904	17137	  530	  309	0.09671011	!	85.411595	883.171311	0.474612
  904	17137	  531	  309	0.02315378	!	20.448755	883.171311	0.497766
  904	17137	  532	  309	0.13999189	!	123.636822	883.171311	0.637758
  904	17137	  533	  309	0.02430931	!	21.469282	883.171311	0.662067
  904	17137	  534	  309	0.19961997	!	176.298628	883.171311	0.861687
  904	17137	  535	  309	0.00029026	!	0.256346	883.171311	0.861978
  904	17137	  528	  310	0.05451823	!	48.148933	883.171311	0.916496
  904	17137	  529	  310	0.00371495	!	3.280940	883.171311	0.920211
  904	17137	  530	  310	0.02928131	!	25.860411	883.171311	0.949492
  904	17137	  531	  310	0.03213448	!	28.380247	883.171311	0.981627
  904	17137	  532	  310	0.00010754	!	0.094977	883.171311	0.981734
  904	17137	  533	  310	0.00001061	!	0.009374	883.171311	0.981745
  904	17137	  534	  310	0.00008716	!	0.076975	883.171311	0.981832
  904	17137	  535	  310	0.00000013	!	0.000112	883.171311	0.981832
  904	17137	  528	  311	0.00725304	!	6.405677	883.171311	0.989085
  904	17137	  529	  311	0.00001204	!	0.010629	883.171311	0.989097
  904	17137	  530	  311	0.00001284	!	0.011339	883.171311	0.989110
  904	17137	  531	  311	0.00001411	!	0.012458	883.171311	0.989124
  904	17137	  532	  311	0.00000002	!	0.000018	883.171311	0.989124
  904	17137	  528	  312	0.00000319	!	0.002819	883.171311	0.989127
  904	17137	  529	  312	0.00000000	!	0.000004	883.171311	0.989127
  904	17137	  510	  316	0.01085270	!	9.584794	883.171311	0.999980
  904	17137	  511	  316	0.00001514	!	0.013368	883.171311	0.999995
  904	17137	  510	  317	0.00000493	!	0.004351	883.171311	1.000000
  904	17137	  511	  317	0.00000001	!	0.000006	883.171311	1.000000
  904	17167	  556	  296	0.00277802	!	8.206497	2954.078649	0.002778
  904	17167	  557	  296	0.00174228	!	5.146819	2954.078649	0.004520
  904	17167	  558	  296	0.00000263	!	0.007760	2954.078649	0.004523
  904	17167	  556	  297	0.00000112	!	0.003319	2954.078649	0.004524
  904	17167	  557	  297	0.00000070	!	0.002081	2954.078649	0.004525
  904	17167	  558	  297	0.00000000	!	0.000003	2954.078649	0.004525
  904	17167	  554	  298	0.00231574	!	6.840878	2954.078649	0.006840
  904	17167	  555	  298	0.00000348	!	0.010288	2954.078649	0.006844
  904	17167	  554	  299	0.00000095	!	0.002800	2954.078649	0.006845
  904	17167	  555	  299	0.00000000	!	0.000004	2954.078649	0.006845
  904	17167	  569	  299	0.00811388	!	23.969034	2954.078649	0.014959
  904	17167	  570	  299	0.00001250	!	0.036941	2954.078649	0.014971
  904	17167	  563	  300	0.00551084	!	16.279447	2954.078649	0.020482
  904	17167	  564	  300	0.00000841	!	0.024847	2954.078649	0.020491
  904	17167	  569	  300	0.11114473	!	328.330267	2954.078649	0.131635
  904	17167	  570	  300	0.00017129	!	0.506017	2954.078649	0.131807
  904	17167	  563	  301	0.00000228	!	0.006745	2954.078649	0.131809
  904	17167	  564	  301	0.00000000	!	0.000010	2954.078649	0.131809
  904	17167	  569	  301	0.00004605	!	0.136030	2954.078649	0.131855
  904	17167	  570	  301	0.00000007	!	0.000210	2954.078649	0.131855
  904	17167	  573	  301	0.00388837	!	11.486554	2954.078649	0.135743
  904	17167	  574	  301	0.00000603	!	0.017817	2954.078649	0.135749
  904	17167	  573	  302	0.00000162	!	0.004788	2954.078649	0.135751
  904	17167	  574	  302	0.00000000	!	0.000007	2954.078649	0.135751
  904	17167	  569	  303	0.01071458	!	31.651726	2954.078649	0.146466
  904	17167	  570	  303	0.00001651	!	0.048781	2954.078649	0.146482
  904	17167	  569	  304	0.00000452	!	0.013349	2954.078649	0.146487
  904	17167	  570	  304	0.00000001	!	0.000021	2954.078649	0.146487
  904	17167	  565	  307	0.00234963	!	6.941000	2954.078649	0.148836
  904	17167	  566	  307	0.00000360	!	0.010628	2954.078649	0.148840
  904	17167	  564	  308	0.00266956	!	7.886096	2954.078649	0.151509
  904	17167	  565	  308	0.00000510	!	0.015052	2954.078649	0.151515
  904	17167	  566	  308	0.00000000	!	0.000005	2954.078649	0.151515
  904	17167	  564	  309	0.00000116	!	0.003424	2954.078649	0.151516
  904	17167	  565	  309	0.00000000	!	0.000005	2954.078649	0.151516
  904	17167	  568	  310	0.01651714	!	48.792921	2954.078649	0.168033
  904	17167	  569	  310	0.00002541	!	0.075078	2954.078649	0.168058
  904	17167	  550	  311	0.02432134	!	71.847143	2954.078649	0.192380
  904	17167	  551	  311	0.00003634	!	0.107341	2954.078649	0.192416
  904	17167	  568	  311	0.00000725	!	0.021425	2954.078649	0.192423
  904	17167	  569	  311	0.00323278	!	9.549891	2954.078649	0.195656
  904	17167	  570	  311	0.00000498	!	0.014718	2954.078649	0.195661
  904	17167	  550	  312	0.00001074	!	0.031726	2954.078649	0.195672
  904	17167	  551	  312	0.00000002	!	0.000047	2954.078649	0.195672
  904	17167	  560	  312	0.00816868	!	24.130921	2954.078649	0.203840
  904	17167	  561	  312	0.00001241	!	0.036651	2954.078649	0.203853
  904	17167	  564	  312	0.00382579	!	11.301699	2954.078649	0.207679
  904	17167	  565	  312	0.00000585	!	0.017278	2954.078649	0.207684
  904	17167	  569	  312	0.01856285	!	54.836111	2954.078649	0.226247
  904	17167	  570	  312	0.00002861	!	0.084513	2954.078649	0.226276
  904	17167	  560	  313	0.00000363	!	0.010715	2954.078649	0.226279
  904	17167	  561	  313	0.00733510	!	21.668455	2954.078649	0.233615
  904	17167	  562	  313	0.00074052	!	2.187552	2954.078649	0.234355
  904	17167	  563	  313	0.00570813	!	16.862256	2954.078649	0.240063
  904	17167	  564	  313	0.01047518	!	30.944511	2954.078649	0.250538
  904	17167	  565	  313	0.00316309	!	9.344011	2954.078649	0.253702
  904	17167	  566	  313	0.00146930	!	4.340428	2954.078649	0.255171
  904	17167	  567	  313	0.00000225	!	0.006635	2954.078649	0.255173
  904	17167	  568	  313	0.00684656	!	20.225263	2954.078649	0.262020
  904	17167	  569	  313	0.00145563	!	4.300042	2954.078649	0.263475
  904	17167	  570	  313	0.00000223	!	0.006579	2954.078649	0.263477
  904	17167	  561	  314	0.00000328	!	0.009675	2954.078649	0.263481
  904	17167	  562	  314	0.00097952	!	2.893583	2954.078649	0.264460
  904	17167	  563	  314	0.00469849	!	13.879705	2954.078649	0.269159
  904	17167	  564	  314	0.00308627	!	9.117084	2954.078649	0.272245
  904	17167	  565	  314	0.00000611	!	0.018057	2954.078649	0.272251
  904	17167	  566	  314	0.00000066	!	0.001938	2954.078649	0.272252
  904	17167	  567	  314	0.00000000	!	0.000003	2954.078649	0.272252
  904	17167	  568	  314	0.00142796	!	4.218319	2954.078649	0.273680
  904	17167	  569	  314	0.00297922	!	8.800857	2954.078649	0.276659
  904	17167	  570	  314	0.00000459	!	0.013554	2954.078649	0.276664
  904	17167	  562	  315	0.00000044	!	0.001299	2954.078649	0.276664
  904	17167	  563	  315	0.00341081	!	10.075810	2954.078649	0.280075
  904	17167	  564	  315	0.01040211	!	30.728639	2954.078649	0.290477
  904	17167	  565	  315	0.01082720	!	31.984411	2954.078649	0.301304
  904	17167	  566	  315	0.00371987	!	10.988777	2954.078649	0.305024
  904	17167	  567	  315	0.00787309	!	23.257741	2954.078649	0.312897
  904	17167	  568	  315	0.00681758	!	20.139660	2954.078649	0.319715
  904	17167	  569	  315	0.00001181	!	0.034882	2954.078649	0.319726
  904	17167	  570	  315	0.01267899	!	37.454731	2954.078649	0.332405
  904	17167	  571	  315	0.00282758	!	8.352894	2954.078649	0.335233
  904	17167	  572	  315	0.00000434	!	0.012825	2954.078649	0.335237
  904	17167	  563	  316	0.00000154	!	0.004546	2954.078649	0.335239
  904	17167	  564	  316	0.00000470	!	0.013871	2954.078649	0.335244
  904	17167	  565	  316	0.00000489	!	0.014440	2954.078649	0.335249
  904	17167	  566	  316	0.00449758	!	13.286209	2954.078649	0.339746
  904	17167	  567	  316	0.00001045	!	0.030870	2954.078649	0.339757
  904	17167	  568	  316	0.00145071	!	4.285517	2954.078649	0.341207
  904	17167	  569	  316	0.00094877	!	2.802735	2954.078649	0.342156
  904	17167	  570	  316	0.01449819	!	42.828800	2954.078649	0.356654
  904	17167	  571	  316	0.00079775	!	2.356611	2954.078649	0.357452
  904	17167	  572	  316	0.00000120	!	0.003541	2954.078649	0.357453
  904	17167	  564	  317	0.00252113	!	7.447605	2954.078649	0.359974
  904	17167	  565	  317	0.00100452	!	2.967417	2954.078649	0.360979
  904	17167	  566	  317	0.00000357	!	0.010556	2954.078649	0.360982
  904	17167	  567	  317	0.02154398	!	63.642609	2954.078649	0.382526
  904	17167	  568	  317	0.01171365	!	34.603039	2954.078649	0.394240
  904	17167	  569	  317	0.00171516	!	5.066730	2954.078649	0.395955
  904	17167	  570	  317	0.03071161	!	90.724509	2954.078649	0.426667
  904	17167	  571	  317	0.00004776	!	0.141075	2954.078649	0.426715
  904	17167	  572	  317	0.00000000	!	0.000002	2954.078649	0.426715
  904	17167	  564	  318	0.00000115	!	0.003399	2954.078649	0.426716
  904	17167	  565	  318	0.00229611	!	6.782902	2954.078649	0.429012
  904	17167	  566	  318	0.00563568	!	16.648229	2954.078649	0.434647
  904	17167	  567	  318	0.01713259	!	50.611011	2954.078649	0.451780
  904	17167	  568	  318	0.00003164	!	0.093459	2954.078649	0.451812
  904	17167	  569	  318	0.02121894	!	62.682403	2954.078649	0.473031
  904	17167	  570	  318	0.00975925	!	28.829601	2954.078649	0.482790
  904	17167	  571	  318	0.00001501	!	0.044354	2954.078649	0.482805
  904	17167	  565	  319	0.00228033	!	6.736274	2954.078649	0.485085
  904	17167	  566	  319	0.04961743	!	146.573779	2954.078649	0.534703
  904	17167	  567	  319	0.01357465	!	40.100590	2954.078649	0.548277
  904	17167	  568	  319	0.00182910	!	5.403312	2954.078649	0.550106
  904	17167	  569	  319	0.00424565	!	12.541981	2954.078649	0.554352
  904	17167	  570	  319	0.00933304	!	27.570523	2954.078649	0.563685
  904	17167	  571	  319	0.00001440	!	0.042530	2954.078649	0.563699
  904	17167	  565	  320	0.00000105	!	0.003107	2954.078649	0.563701
  904	17167	  566	  320	0.00256525	!	7.577952	2954.078649	0.566266
  904	17167	  567	  320	0.00001016	!	0.030010	2954.078649	0.566276
  904	17167	  568	  320	0.01026239	!	30.315916	2954.078649	0.576538
  904	17167	  569	  320	0.00613608	!	18.126468	2954.078649	0.582674
  904	17167	  570	  320	0.00175195	!	5.175400	2954.078649	0.584426
  904	17167	  571	  320	0.03920143	!	115.804101	2954.078649	0.623628
  904	17167	  572	  320	0.00006061	!	0.179038	2954.078649	0.623688
  904	17167	  566	  321	0.00000118	!	0.003484	2954.078649	0.623690
  904	17167	  567	  321	0.00000000	!	0.000005	2954.078649	0.623690
  904	17167	  568	  321	0.01751200	!	51.731820	2954.078649	0.641202
  904	17167	  569	  321	0.00002978	!	0.087984	2954.078649	0.641231
  904	17167	  570	  321	0.01750510	!	51.711439	2954.078649	0.658736
  904	17167	  571	  321	0.01262023	!	37.281139	2954.078649	0.671357
  904	17167	  572	  321	0.01429304	!	42.222757	2954.078649	0.685650
  904	17167	  573	  321	0.00002210	!	0.065298	2954.078649	0.685672
  904	17167	  576	  321	0.00104535	!	3.088039	2954.078649	0.686717
  904	17167	  577	  321	0.00000163	!	0.004813	2954.078649	0.686719
  904	17167	  568	  322	0.00000816	!	0.024118	2954.078649	0.686727
  904	17167	  569	  322	0.00490871	!	14.500723	2954.078649	0.691636
  904	17167	  570	  322	0.00197466	!	5.833301	2954.078649	0.693610
  904	17167	  571	  322	0.00223812	!	6.611576	2954.078649	0.695848
  904	17167	  572	  322	0.00001011	!	0.029872	2954.078649	0.695859
  904	17167	  573	  322	0.00000001	!	0.000030	2954.078649	0.695859
  904	17167	  575	  322	0.02402964	!	70.985438	2954.078649	0.719888
  904	17167	  576	  322	0.00003788	!	0.111899	2954.078649	0.719926
  904	17167	  577	  322	0.00000000	!	0.000002	2954.078649	0.719926
  904	17167	  550	  323	0.00308431	!	9.111304	2954.078649	0.723010
  904	17167	  551	  323	0.00000461	!	0.013612	2954.078649	0.723015
  904	17167	  568	  323	0.00303462	!	8.964493	2954.078649	0.726050
  904	17167	  569	  323	0.00000697	!	0.020592	2954.078649	0.726057
  904	17167	  570	  323	0.09538685	!	281.780262	2954.078649	0.821443
  904	17167	  571	  323	0.00014829	!	0.438062	2954.078649	0.821592
  904	17167	  572	  323	0.00000000	!	0.000005	2954.078649	0.821592
  904	17167	  575	  323	0.00001127	!	0.033279	2954.078649	0.821603
  904	17167	  576	  323	0.00000002	!	0.000052	2954.078649	0.821603
  904	17167	  592	  323	0.00064536	!	1.906454	2954.078649	0.822248
  904	17167	  593	  323	0.00000103	!	0.003047	2954.078649	0.822249
  904	17167	  550	  324	0.00000145	!	0.004294	2954.078649	0.822251
  904	17167	  551	  324	0.00000000	!	0.000006	2954.078649	0.822251
  904	17167	  568	  324	0.00000143	!	0.004225	2954.078649	0.822252
  904	17167	  569	  324	0.00000000	!	0.000007	2954.078649	0.822252
  904	17167	  570	  324	0.00004496	!	0.132801	2954.078649	0.822297
  904	17167	  571	  324	0.00000007	!	0.000205	2954.078649	0.822297
  904	17167	  592	  324	0.00036404	!	1.075391	2954.078649	0.822661
  904	17167	  593	  324	0.00000058	!	0.001719	2954.078649	0.822662
  904	17167	  570	  325	0.01939329	!	57.289291	2954.078649	0.842055
  904	17167	  571	  325	0.00002994	!	0.088436	2954.078649	0.842085
  904	17167	  589	  325	0.00053050	!	1.567142	2954.078649	0.842616
  904	17167	  590	  325	0.00189818	!	5.607382	2954.078649	0.844514
  904	17167	  591	  325	0.00000302	!	0.008930	2954.078649	0.844517
  904	17167	  592	  325	0.00000017	!	0.000509	2954.078649	0.844517
  904	17167	  593	  325	0.00000000	!	0.000001	2954.078649	0.844517
  904	17167	  570	  326	0.00705736	!	20.847997	2954.078649	0.851574
  904	17167	  571	  326	0.00001089	!	0.032182	2954.078649	0.851585
  904	17167	  589	  326	0.00000025	!	0.000746	2954.078649	0.851586
  904	17167	  590	  326	0.00000090	!	0.002671	2954.078649	0.851586
  904	17167	  591	  326	0.00000000	!	0.000004	2954.078649	0.851586
  904	17167	  570	  327	0.00000337	!	0.009967	2954.078649	0.851590
  904	17167	  571	  327	0.00000001	!	0.000015	2954.078649	0.851590
  904	17167	  571	  329	0.00636561	!	18.804522	2954.078649	0.857955
  904	17167	  572	  329	0.00000984	!	0.029075	2954.078649	0.857965
  904	17167	  571	  330	0.00000309	!	0.009142	2954.078649	0.857968
  904	17167	  572	  330	0.00000000	!	0.000014	2954.078649	0.857968
  904	17167	  572	  331	0.04846220	!	143.161165	2954.078649	0.906431
  904	17167	  573	  331	0.00318346	!	9.404180	2954.078649	0.909614
  904	17167	  574	  331	0.00000482	!	0.014243	2954.078649	0.909619
  904	17167	  572	  332	0.09019531	!	266.444030	2954.078649	0.999814
  904	17167	  573	  332	0.00014121	!	0.417133	2954.078649	0.999955
  904	17167	  574	  332	0.00000000	!	0.000007	2954.078649	0.999955
  904	17167	  572	  333	0.00004451	!	0.131480	2954.078649	1.000000
  904	17167	  573	  333	0.00000007	!	0.000204	2954.078649	1.000000
  904	17073	  516	  428	0.01144126	!	24.800830	2167.666627	0.011441
  904	17073	  517	  428	0.00001613	!	0.034960	2167.666627	0.011457
  904	17073	  522	  428	0.01735975	!	37.630160	2167.666627	0.028817
  904	17073	  523	  428	0.00002473	!	0.053605	2167.666627	0.028842
  904	17073	  535	  428	0.00048639	!	1.054324	2167.666627	0.029328
  904	17073	  536	  428	0.00000068	!	0.001475	2167.666627	0.029329
  904	17073	  513	  429	0.00409991	!	8.887231	2167.666627	0.033429
  904	17073	  514	  429	0.00000575	!	0.012461	2167.666627	0.033435
  904	17073	  515	  429	0.15384880	!	333.492910	2167.666627	0.187283
  904	17073	  516	  429	0.01616857	!	35.048071	2167.666627	0.203452
  904	17073	  517	  429	0.00002249	!	0.048743	2167.666627	0.203474
  904	17073	  522	  429	0.00001270	!	0.027526	2167.666627	0.203487
  904	17073	  523	  429	0.00000002	!	0.000039	2167.666627	0.203487
  904	17073	  533	  429	0.00339445	!	7.358032	2167.666627	0.206882
  904	17073	  534	  429	0.01640969	!	35.570744	2167.666627	0.223291
  904	17073	  535	  429	0.00002425	!	0.052557	2167.666627	0.223316
  904	17073	  536	  429	0.00000000	!	0.000001	2167.666627	0.223316
  904	17073	  509	  430	0.00043437	!	0.941560	2167.666627	0.223750
  904	17073	  510	  430	0.00000106	!	0.002306	2167.666627	0.223751
  904	17073	  513	  430	0.00000301	!	0.006523	2167.666627	0.223754
  904	17073	  514	  430	0.00000000	!	0.000009	2167.666627	0.223754
  904	17073	  515	  430	0.00011292	!	0.244772	2167.666627	0.223867
  904	17073	  516	  430	0.00001186	!	0.025711	2167.666627	0.223879
  904	17073	  517	  430	0.00000002	!	0.000036	2167.666627	0.223879
  904	17073	  533	  430	0.00000249	!	0.005401	2167.666627	0.223881
  904	17073	  534	  430	0.00001204	!	0.026108	2167.666627	0.223893
  904	17073	  535	  430	0.00000002	!	0.000038	2167.666627	0.223893
  904	17073	  509	  431	0.00000034	!	0.000728	2167.666627	0.223894
  904	17073	  510	  431	0.00000000	!	0.000002	2167.666627	0.223894
  904	17073	  515	  432	0.02976903	!	64.529327	2167.666627	0.253663
  904	17073	  516	  432	0.00004189	!	0.090802	2167.666627	0.253705
  904	17073	  515	  433	0.03450552	!	74.796457	2167.666627	0.288210
  904	17073	  516	  433	0.00004855	!	0.105249	2167.666627	0.288259
  904	17073	  515	  434	0.00002565	!	0.055604	2167.666627	0.288284
  904	17073	  516	  434	0.00000004	!	0.000078	2167.666627	0.288284
  904	17073	  539	  434	0.00089934	!	1.949459	2167.666627	0.289184
  904	17073	  540	  434	0.00474382	!	10.283022	2167.666627	0.293928
  904	17073	  541	  434	0.00253282	!	5.490304	2167.666627	0.296460
  904	17073	  542	  434	0.00000372	!	0.008058	2167.666627	0.296464
  904	17073	  539	  435	0.00000067	!	0.001455	2167.666627	0.296465
  904	17073	  540	  435	0.00000354	!	0.007675	2167.666627	0.296468
  904	17073	  541	  435	0.00114822	!	2.488957	2167.666627	0.297616
  904	17073	  542	  435	0.00000169	!	0.003663	2167.666627	0.297618
  904	17073	  539	  436	0.00265652	!	5.758459	2167.666627	0.300275
  904	17073	  540	  436	0.00345278	!	7.484471	2167.666627	0.303727
  904	17073	  541	  436	0.00768187	!	16.651726	2167.666627	0.311409
  904	17073	  542	  436	0.00001130	!	0.024490	2167.666627	0.311421
  904	17073	  539	  437	0.00000200	!	0.004326	2167.666627	0.311423
  904	17073	  540	  437	0.00000259	!	0.005623	2167.666627	0.311425
  904	17073	  541	  437	0.00000577	!	0.012509	2167.666627	0.311431
  904	17073	  542	  437	0.00062949	!	1.364524	2167.666627	0.312060
  904	17073	  543	  437	0.00000093	!	0.002011	2167.666627	0.312061
  904	17073	  542	  438	0.00000047	!	0.001029	2167.666627	0.312062
  904	17073	  543	  438	0.00000000	!	0.000002	2167.666627	0.312062
  904	17073	  524	  439	0.00186971	!	4.052914	2167.666627	0.313932
  904	17073	  525	  439	0.00000267	!	0.005794	2167.666627	0.313934
  904	17073	  524	  440	0.00000142	!	0.003075	2167.666627	0.313936
  904	17073	  525	  440	0.00000000	!	0.000004	2167.666627	0.313936
  904	17073	  511	  443	0.00056123	!	1.216550	2167.666627	0.314497
  904	17073	  512	  443	0.00000078	!	0.001700	2167.666627	0.314498
  904	17073	  513	  443	0.00054670	!	1.185065	2167.666627	0.315044
  904	17073	  514	  443	0.00000077	!	0.001662	2167.666627	0.315045
  904	17073	  511	  444	0.00000043	!	0.000935	2167.666627	0.315046
  904	17073	  512	  444	0.00000000	!	0.000001	2167.666627	0.315046
  904	17073	  513	  444	0.00000042	!	0.000911	2167.666627	0.315046
  904	17073	  514	  444	0.00000000	!	0.000001	2167.666627	0.315046
  904	17073	  534	  449	0.52226044	!	1132.086519	2167.666627	0.837306
  904	17073	  535	  449	0.00075952	!	1.646393	2167.666627	0.838066
  904	17073	  541	  449	0.01863705	!	40.398904	2167.666627	0.856703
  904	17073	  542	  449	0.00002743	!	0.059454	2167.666627	0.856730
  904	17073	  525	  450	0.09422973	!	204.258646	2167.666627	0.950960
  904	17073	  526	  450	0.00013493	!	0.292490	2167.666627	0.951095
  904	17073	  534	  450	0.00141864	!	3.075142	2167.666627	0.952514
  904	17073	  535	  450	0.00000206	!	0.004472	2167.666627	0.952516
  904	17073	  541	  450	0.00135340	!	2.933714	2167.666627	0.953869
  904	17073	  542	  450	0.00000199	!	0.004317	2167.666627	0.953871
  904	17073	  508	  451	0.00123915	!	2.686071	2167.666627	0.955110
  904	17073	  509	  451	0.00000260	!	0.005629	2167.666627	0.955113
  904	17073	  510	  451	0.00786272	!	17.043762	2167.666627	0.962976
  904	17073	  511	  451	0.00001097	!	0.023771	2167.666627	0.962987
  904	17073	  525	  451	0.00147909	!	3.206168	2167.666627	0.964466
  904	17073	  526	  451	0.00304415	!	6.598707	2167.666627	0.967510
  904	17073	  527	  451	0.00478031	!	10.362122	2167.666627	0.972290
  904	17073	  528	  451	0.00000686	!	0.014876	2167.666627	0.972297
  904	17073	  534	  451	0.00000079	!	0.001720	2167.666627	0.972298
  904	17073	  535	  451	0.00000000	!	0.000003	2167.666627	0.972298
  904	17073	  541	  451	0.00000105	!	0.002281	2167.666627	0.972299
  904	17073	  542	  451	0.00000000	!	0.000003	2167.666627	0.972299
  904	17073	  510	  452	0.00000620	!	0.013439	2167.666627	0.972305
  904	17073	  511	  452	0.00000001	!	0.000019	2167.666627	0.972305
  904	17073	  512	  452	0.00096545	!	2.092778	2167.666627	0.973271
  904	17073	  513	  452	0.00000135	!	0.002929	2167.666627	0.973272
  904	17073	  525	  452	0.00088923	!	1.927562	2167.666627	0.974161
  904	17073	  526	  452	0.00278570	!	6.038465	2167.666627	0.976947
  904	17073	  527	  452	0.00611207	!	13.248937	2167.666627	0.983059
  904	17073	  528	  452	0.00000878	!	0.019025	2167.666627	0.983068
  904	17073	  512	  453	0.00100845	!	2.185989	2167.666627	0.984076
  904	17073	  513	  453	0.00000141	!	0.003060	2167.666627	0.984078
  904	17073	  525	  453	0.00253936	!	5.504496	2167.666627	0.986617
  904	17073	  526	  453	0.00000584	!	0.012652	2167.666627	0.986623
  904	17073	  527	  453	0.00000483	!	0.010473	2167.666627	0.986628
  904	17073	  528	  453	0.00000001	!	0.000015	2167.666627	0.986628
  904	17073	  512	  454	0.00000080	!	0.001733	2167.666627	0.986628
  904	17073	  513	  454	0.00000000	!	0.000002	2167.666627	0.986628
  904	17073	  524	  454	0.00075562	!	1.637931	2167.666627	0.987384
  904	17073	  525	  454	0.00000309	!	0.006708	2167.666627	0.987387
  904	17073	  526	  454	0.00000000	!	0.000006	2167.666627	0.987387
  904	17073	  524	  455	0.00000060	!	0.001304	2167.666627	0.987388
  904	17073	  525	  455	0.00000000	!	0.000002	2167.666627	0.987388
  904	17073	  524	  456	0.01258418	!	27.278307	2167.666627	0.999972
  904	17073	  525	  456	0.00001799	!	0.038994	2167.666627	0.999990
  904	17073	  524	  457	0.00001008	!	0.021847	2167.666627	1.000000
  904	17073	  525	  457	0.00000001	!	0.000031	2167.666627	1.000000
  904	17121	  609	  211	0.00258037	!	3.048102	1181.266201	0.002580
  904	17121	  610	  211	0.00000640	!	0.007564	1181.266201	0.002587
  904	17121	  609	  212	0.00000103	!	0.001219	1181.266201	0.002588
  904	17121	  610	  212	0.00000000	!	0.000003	1181.266201	0.002588
  904	17121	  609	  213	0.04120007	!	48.668251	1181.266201	0.043788
  904	17121	  610	  213	0.00008984	!	0.106119	1181.266201	0.043878
  904	17121	  609	  214	0.05165123	!	61.013851	1181.266201	0.095529
  904	17121	  610	  214	0.00707119	!	8.352959	1181.266201	0.102600
  904	17121	  611	  214	0.00001145	!	0.013522	1181.266201	0.102612
  904	17121	  609	  215	0.00998387	!	11.793605	1181.266201	0.112595
  904	17121	  610	  215	0.00001999	!	0.023611	1181.266201	0.112615
  904	17121	  611	  215	0.00000000	!	0.000003	1181.266201	0.112615
  904	17121	  609	  216	0.02399840	!	28.348501	1181.266201	0.136614
  904	17121	  610	  216	0.01367310	!	16.151576	1181.266201	0.150287
  904	17121	  611	  216	0.00002240	!	0.026456	1181.266201	0.150309
  904	17121	  620	  216	0.02267424	!	26.784311	1181.266201	0.172984
  904	17121	  621	  216	0.00003782	!	0.044671	1181.266201	0.173021
  904	17121	  609	  217	0.07962049	!	94.052995	1181.266201	0.252642
  904	17121	  610	  217	0.00013392	!	0.158200	1181.266201	0.252776
  904	17121	  611	  217	0.00000000	!	0.000005	1181.266201	0.252776
  904	17121	  620	  217	0.00000468	!	0.005525	1181.266201	0.252780
  904	17121	  621	  217	0.00000001	!	0.000009	1181.266201	0.252781
  904	17121	  609	  218	0.00001668	!	0.019708	1181.266201	0.252797
  904	17121	  610	  218	0.00000003	!	0.000032	1181.266201	0.252797
  904	17121	  619	  222	0.27200125	!	321.305880	1181.266201	0.524798
  904	17121	  620	  222	0.02402801	!	28.383476	1181.266201	0.548826
  904	17121	  621	  222	0.00003932	!	0.046446	1181.266201	0.548866
  904	17121	  610	  223	0.00802209	!	9.476227	1181.266201	0.556888
  904	17121	  611	  223	0.00001318	!	0.015569	1181.266201	0.556901
  904	17121	  619	  223	0.00006015	!	0.071056	1181.266201	0.556961
  904	17121	  620	  223	0.00000531	!	0.006277	1181.266201	0.556967
  904	17121	  621	  223	0.01280629	!	15.127639	1181.266201	0.569773
  904	17121	  622	  223	0.00002139	!	0.025268	1181.266201	0.569794
  904	17121	  610	  224	0.00000179	!	0.002119	1181.266201	0.569796
  904	17121	  611	  224	0.00000000	!	0.000003	1181.266201	0.569796
  904	17121	  618	  224	0.12661769	!	149.569197	1181.266201	0.696414
  904	17121	  619	  224	0.00021055	!	0.248711	1181.266201	0.696624
  904	17121	  620	  224	0.01228498	!	14.511829	1181.266201	0.708909
  904	17121	  621	  224	0.00002335	!	0.027586	1181.266201	0.708933
  904	17121	  622	  224	0.00000000	!	0.000006	1181.266201	0.708933
  904	17121	  618	  225	0.00258227	!	3.050345	1181.266201	0.711515
  904	17121	  619	  225	0.11790584	!	139.278189	1181.266201	0.829421
  904	17121	  620	  225	0.00763082	!	9.014032	1181.266201	0.837052
  904	17121	  621	  225	0.01126330	!	13.304950	1181.266201	0.848315
  904	17121	  622	  225	0.00001879	!	0.022199	1181.266201	0.848334
  904	17121	  618	  226	0.00000058	!	0.000690	1181.266201	0.848334
  904	17121	  619	  226	0.00002695	!	0.031836	1181.266201	0.848361
  904	17121	  620	  226	0.00000174	!	0.002060	1181.266201	0.848363
  904	17121	  621	  226	0.00000257	!	0.003041	1181.266201	0.848365
  904	17121	  622	  226	0.01028168	!	12.145399	1181.266201	0.858647
  904	17121	  623	  226	0.00001720	!	0.020317	1181.266201	0.858664
  904	17121	  622	  227	0.00609683	!	7.201984	1181.266201	0.864761
  904	17121	  623	  227	0.00001020	!	0.012047	1181.266201	0.864771
  904	17121	  618	  228	0.00741621	!	8.760521	1181.266201	0.872188
  904	17121	  619	  228	0.00001233	!	0.014567	1181.266201	0.872200
  904	17121	  622	  228	0.00000142	!	0.001681	1181.266201	0.872201
  904	17121	  623	  228	0.00000000	!	0.000003	1181.266201	0.872201
  904	17121	  618	  229	0.00000175	!	0.002068	1181.266201	0.872203
  904	17121	  619	  229	0.00000000	!	0.000003	1181.266201	0.872203
  904	17121	  613	  233	0.00594311	!	7.020391	1181.266201	0.878146
  904	17121	  614	  233	0.00000981	!	0.011587	1181.266201	0.878156
  904	17121	  613	  234	0.00000148	!	0.001744	1181.266201	0.878157
  904	17121	  614	  234	0.00000000	!	0.000003	1181.266201	0.878157
  904	17121	  623	  236	0.02284863	!	26.990314	1181.266201	0.901006
  904	17121	  624	  236	0.00003828	!	0.045216	1181.266201	0.901044
  904	17121	  623	  237	0.00000585	!	0.006905	1181.266201	0.901050
  904	17121	  624	  237	0.00000001	!	0.000012	1181.266201	0.901050
  904	17121	  611	  238	0.09876146	!	116.663571	1181.266201	0.999812
  904	17121	  612	  238	0.00016251	!	0.191966	1181.266201	0.999974
  904	17121	  611	  239	0.00002575	!	0.030422	1181.266201	1.000000
  904	17121	  612	  239	0.00000004	!	0.000050	1181.266201	1.000000
  904	17123	  571	  412	0.00660232	!	1.171386	177.420497	0.006602
  904	17123	  572	  412	0.00003805	!	0.006751	177.420497	0.006640
  904	17123	  582	  414	0.10506504	!	18.640692	177.420497	0.111705
  904	17123	  583	  414	0.00016532	!	0.029330	177.420497	0.111871
  904	17123	  582	  415	0.00007321	!	0.012989	177.420497	0.111944
  904	17123	  583	  415	0.00000012	!	0.000020	177.420497	0.111944
  904	17123	  574	  420	0.03049377	!	5.410220	177.420497	0.142438
  904	17123	  575	  420	0.00004738	!	0.008405	177.420497	0.142485
  904	17123	  591	  420	0.07629350	!	13.536030	177.420497	0.218779
  904	17123	  592	  420	0.04823026	!	8.557036	177.420497	0.267009
  904	17123	  593	  420	0.00007689	!	0.013642	177.420497	0.267086
  904	17123	  574	  421	0.00002170	!	0.003850	177.420497	0.267108
  904	17123	  575	  421	0.03037633	!	5.389384	177.420497	0.297484
  904	17123	  576	  421	0.00004727	!	0.008386	177.420497	0.297531
  904	17123	  591	  421	0.00005429	!	0.009633	177.420497	0.297585
  904	17123	  592	  421	0.00003432	!	0.006090	177.420497	0.297620
  904	17123	  593	  421	0.00000005	!	0.000010	177.420497	0.297620
  904	17123	  575	  422	0.00002169	!	0.003849	177.420497	0.297641
  904	17123	  576	  422	0.00000003	!	0.000006	177.420497	0.297642
  904	17123	  585	  422	0.02562608	!	4.546592	177.420497	0.323268
  904	17123	  586	  422	0.00004051	!	0.007188	177.420497	0.323308
  904	17123	  585	  423	0.00001836	!	0.003258	177.420497	0.323326
  904	17123	  586	  423	0.00000003	!	0.000005	177.420497	0.323327
  904	17123	  596	  423	0.27015254	!	47.930599	177.420497	0.593479
  904	17123	  597	  423	0.01216818	!	2.158884	177.420497	0.605647
  904	17123	  596	  424	0.05195610	!	9.218077	177.420497	0.657603
  904	17123	  597	  424	0.00007849	!	0.013925	177.420497	0.657682
  904	17123	  596	  425	0.00003697	!	0.006559	177.420497	0.657719
  904	17123	  576	  428	0.28259822	!	50.138716	177.420497	0.940317
  904	17123	  577	  428	0.00044045	!	0.078144	177.420497	0.940757
  904	17123	  576	  429	0.00020672	!	0.036676	177.420497	0.940964
  904	17123	  577	  429	0.00000032	!	0.000057	177.420497	0.940965
  904	17123	  578	  430	0.05898939	!	10.465927	177.420497	0.999954
  904	17123	  578	  431	0.00004611	!	0.008181	177.420497	1.000000
  904	17035	  653	  273	0.01608105	!	11.479190	713.833568	0.016081
  904	17035	  654	  273	0.00002534	!	0.018085	713.833568	0.016106
  904	17035	  653	  274	0.00001235	!	0.008815	713.833568	0.016119
  904	17035	  654	  274	0.00000002	!	0.000015	713.833568	0.016119
  904	17035	  666	  280	0.00210421	!	1.502054	713.833568	0.018223
  904	17035	  667	  280	0.00000375	!	0.002677	713.833568	0.018227
  904	17035	  666	  281	0.04790988	!	34.199682	713.833568	0.066137
  904	17035	  667	  281	0.79545111	!	567.819706	713.833568	0.861588
  904	17035	  668	  281	0.00141936	!	1.013189	713.833568	0.863007
  904	17035	  661	  282	0.00306715	!	2.189433	713.833568	0.866074
  904	17035	  662	  282	0.00000543	!	0.003875	713.833568	0.866080
  904	17035	  666	  282	0.00001760	!	0.012560	713.833568	0.866097
  904	17035	  667	  282	0.00029214	!	0.208537	713.833568	0.866389
  904	17035	  668	  282	0.00000052	!	0.000372	713.833568	0.866390
  904	17035	  661	  283	0.00720210	!	5.141102	713.833568	0.873592
  904	17035	  662	  283	0.00001275	!	0.009098	713.833568	0.873605
  904	17035	  661	  284	0.00000268	!	0.001913	713.833568	0.873607
  904	17035	  662	  284	0.00000000	!	0.000003	713.833568	0.873607
  904	17035	  647	  285	0.02414558	!	17.235925	713.833568	0.897753
  904	17035	  648	  285	0.00004189	!	0.029902	713.833568	0.897795
  904	17035	  647	  286	0.00000911	!	0.006501	713.833568	0.897804
  904	17035	  648	  286	0.09545662	!	68.140139	713.833568	0.993261
  904	17035	  649	  286	0.00016584	!	0.118383	713.833568	0.993426
  904	17035	  648	  287	0.00003624	!	0.025869	713.833568	0.993463
  904	17035	  649	  287	0.00000006	!	0.000045	713.833568	0.993463
  904	17035	  665	  287	0.00652313	!	4.656427	713.833568	0.999986
  904	17035	  666	  287	0.00001161	!	0.008286	713.833568	0.999998
  904	17035	  665	  288	0.00000249	!	0.001779	713.833568	1.000000
  904	17035	  666	  288	0.00000000	!	0.000003	713.833568	1.000000
  904	17079	  669	  258	0.24030978	!	5.898641	24.545990	0.240310
  904	17079	  670	  258	0.00043004	!	0.010556	24.545990	0.240740
  904	17079	  667	  259	0.30678583	!	7.530362	24.545990	0.547526
  904	17079	  668	  259	0.12407384	!	3.045515	24.545990	0.671599
  904	17079	  669	  259	0.00029531	!	0.007249	24.545990	0.671895
  904	17079	  670	  259	0.00000013	!	0.000003	24.545990	0.671895
  904	17079	  667	  260	0.00009595	!	0.002355	24.545990	0.671991
  904	17079	  668	  260	0.32732083	!	8.034414	24.545990	0.999312
  904	17079	  669	  260	0.00058493	!	0.014358	24.545990	0.999897
  904	17079	  668	  261	0.00010318	!	0.002533	24.545990	1.000000
  904	17079	  669	  261	0.00000018	!	0.000005	24.545990	1.000000
  904	17077	  592	  146	0.08827380	!	36.918369	418.225661	0.088274
  904	17077	  593	  146	0.00014109	!	0.059006	418.225661	0.088415
  904	17077	  592	  147	0.00000291	!	0.001218	418.225661	0.088418
  904	17077	  593	  147	0.00000000	!	0.000002	418.225661	0.088418
  904	17077	  609	  147	0.05495689	!	22.984382	418.225661	0.143375
  904	17077	  610	  147	0.00009016	!	0.037706	418.225661	0.143465
  904	17077	  609	  148	0.01698483	!	7.103492	418.225661	0.160450
  904	17077	  610	  148	0.06748277	!	28.223028	418.225661	0.227932
  904	17077	  611	  148	0.00011083	!	0.046351	418.225661	0.228043
  904	17077	  608	  149	0.01947470	!	8.144820	418.225661	0.247518
  904	17077	  609	  149	0.06497067	!	27.172400	418.225661	0.312489
  904	17077	  610	  149	0.00549264	!	2.297162	418.225661	0.317981
  904	17077	  611	  149	0.02694921	!	11.270853	418.225661	0.344931
  904	17077	  612	  149	0.00004433	!	0.018540	418.225661	0.344975
  904	17077	  608	  150	0.00000079	!	0.000329	418.225661	0.344976
  904	17077	  609	  150	0.08454779	!	35.360055	418.225661	0.429523
  904	17077	  610	  150	0.03537205	!	14.793501	418.225661	0.464895
  904	17077	  611	  150	0.04689353	!	19.612077	418.225661	0.511789
  904	17077	  612	  150	0.03108868	!	13.002082	418.225661	0.542878
  904	17077	  613	  150	0.00005111	!	0.021374	418.225661	0.542929
  904	17077	  600	  151	0.02466856	!	10.317026	418.225661	0.567597
  904	17077	  601	  151	0.00753839	!	3.152750	418.225661	0.575136
  904	17077	  602	  151	0.03616343	!	15.124473	418.225661	0.611299
  904	17077	  603	  151	0.02785716	!	11.650578	418.225661	0.639156
  904	17077	  604	  151	0.00004519	!	0.018899	418.225661	0.639202
  904	17077	  605	  151	0.02296634	!	9.605115	418.225661	0.662168
  904	17077	  606	  151	0.00003745	!	0.015662	418.225661	0.662205
  904	17077	  609	  151	0.11765587	!	49.206705	418.225661	0.779861
  904	17077	  610	  151	0.00019453	!	0.081356	418.225661	0.780056
  904	17077	  611	  151	0.00000201	!	0.000841	418.225661	0.780058
  904	17077	  612	  151	0.00000133	!	0.000558	418.225661	0.780059
  904	17077	  613	  151	0.00000000	!	0.000001	418.225661	0.780059
  904	17077	  600	  152	0.00000112	!	0.000468	418.225661	0.780060
  904	17077	  601	  152	0.00000034	!	0.000143	418.225661	0.780061
  904	17077	  602	  152	0.00000164	!	0.000686	418.225661	0.780062
  904	17077	  603	  152	0.00000126	!	0.000529	418.225661	0.780063
  904	17077	  604	  152	0.00000000	!	0.000001	418.225661	0.780063
  904	17077	  605	  152	0.00000104	!	0.000436	418.225661	0.780064
  904	17077	  606	  152	0.00000000	!	0.000001	418.225661	0.780064
  904	17077	  609	  152	0.00000534	!	0.002233	418.225661	0.780070
  904	17077	  610	  152	0.00000001	!	0.000004	418.225661	0.780070
  904	17077	  602	  153	0.11726665	!	49.043924	418.225661	0.897336
  904	17077	  603	  153	0.00019034	!	0.079604	418.225661	0.897527
  904	17077	  602	  154	0.01670411	!	6.986088	418.225661	0.914231
  904	17077	  603	  154	0.00002711	!	0.011339	418.225661	0.914258
  904	17077	  602	  155	0.00000088	!	0.000369	418.225661	0.914259
  904	17077	  603	  155	0.00000000	!	0.000001	418.225661	0.914259
  904	17077	  608	  156	0.00219886	!	0.919621	418.225661	0.916458
  904	17077	  609	  156	0.00000360	!	0.001506	418.225661	0.916461
  904	17077	  606	  157	0.04553718	!	19.044817	418.225661	0.961999
  904	17077	  607	  157	0.00007436	!	0.031101	418.225661	0.962073
  904	17077	  608	  157	0.00000013	!	0.000053	418.225661	0.962073
  904	17077	  609	  157	0.00000000	!	0.000000	418.225661	0.962073
  904	17077	  606	  158	0.00838779	!	3.507989	418.225661	0.970461
  904	17077	  607	  158	0.00001370	!	0.005729	418.225661	0.970475
  904	17077	  606	  159	0.02947542	!	12.327375	418.225661	0.999950
  904	17077	  607	  159	0.00004813	!	0.020131	418.225661	0.999998
  904	17077	  606	  160	0.00000192	!	0.000803	418.225661	1.000000
  904	17077	  607	  160	0.00000000	!	0.000001	418.225661	1.000000
  904	17009	  496	  327	0.83226347	!	303.088762	364.174053	0.832263
  904	17009	  497	  327	0.00113187	!	0.412196	364.174053	0.833395
  904	17009	  495	  328	0.02288193	!	8.333005	364.174053	0.856277
  904	17009	  496	  328	0.14344734	!	52.239798	364.174053	0.999725
  904	17009	  497	  328	0.00019504	!	0.071030	364.174053	0.999920
  904	17009	  495	  329	0.00001107	!	0.004031	364.174053	0.999931
  904	17009	  496	  329	0.00006919	!	0.025197	364.174053	1.000000
  904	17009	  497	  329	0.00000009	!	0.000034	364.174053	1.000000
  904	21145	  646	  103	0.00000028	!	0.000000	0.003344	0.000000
  904	21145	  646	  104	0.00007028	!	0.000000	0.003344	0.000071
  904	21145	  635	  108	0.00345105	!	0.000012	0.003344	0.003522
  904	21145	  635	  109	0.99647840	!	0.003332	0.003344	1.000000
  904	17001	  462	  307	0.00285700	!	3.943631	1380.341889	0.002857
  904	17001	  463	  307	0.00000353	!	0.004874	1380.341889	0.002861
  904	17001	  462	  308	0.00000173	!	0.002382	1380.341889	0.002862
  904	17001	  463	  308	0.00000000	!	0.000003	1380.341889	0.002862
  904	17001	  466	  312	0.00319844	!	4.414945	1380.341889	0.006061
  904	17001	  467	  312	0.00000411	!	0.005676	1380.341889	0.006065
  904	17001	  466	  313	0.00000142	!	0.001960	1380.341889	0.006066
  904	17001	  467	  313	0.00000000	!	0.000003	1380.341889	0.006066
  904	17001	  456	  316	0.04422076	!	61.039769	1380.341889	0.050287
  904	17001	  457	  316	0.00005575	!	0.076954	1380.341889	0.050343
  904	17001	  455	  317	0.06805155	!	93.934409	1380.341889	0.118394
  904	17001	  456	  317	0.03531996	!	48.753622	1380.341889	0.153714
  904	17001	  457	  317	0.00004442	!	0.061316	1380.341889	0.153759
  904	17001	  455	  318	0.02943604	!	40.631798	1380.341889	0.183195
  904	17001	  456	  318	0.01436196	!	19.824413	1380.341889	0.197557
  904	17001	  457	  318	0.00001806	!	0.024929	1380.341889	0.197575
  904	17001	  455	  319	0.10182622	!	140.554999	1380.341889	0.299401
  904	17001	  456	  319	0.00851439	!	11.752767	1380.341889	0.307915
  904	17001	  457	  319	0.00001057	!	0.014594	1380.341889	0.307926
  904	17001	  455	  320	0.26474026	!	365.432073	1380.341889	0.572666
  904	17001	  456	  320	0.00033697	!	0.465139	1380.341889	0.573003
  904	17001	  457	  320	0.00584526	!	8.068453	1380.341889	0.578848
  904	17001	  458	  320	0.00208169	!	2.873444	1380.341889	0.580930
  904	17001	  459	  320	0.00116305	!	1.605409	1380.341889	0.582093
  904	17001	  460	  320	0.00000147	!	0.002031	1380.341889	0.582095
  904	17001	  455	  321	0.00777581	!	10.733278	1380.341889	0.589870
  904	17001	  456	  321	0.00856261	!	11.819330	1380.341889	0.598433
  904	17001	  457	  321	0.00588779	!	8.127169	1380.341889	0.604321
  904	17001	  458	  321	0.03700809	!	51.083822	1380.341889	0.641329
  904	17001	  459	  321	0.00289021	!	3.989481	1380.341889	0.644219
  904	17001	  460	  321	0.00854033	!	11.788576	1380.341889	0.652759
  904	17001	  461	  321	0.00001085	!	0.014973	1380.341889	0.652770
  904	17001	  455	  322	0.01177969	!	16.259995	1380.341889	0.664550
  904	17001	  456	  322	0.00646802	!	8.928079	1380.341889	0.671018
  904	17001	  457	  322	0.01488283	!	20.543390	1380.341889	0.685901
  904	17001	  458	  322	0.04051142	!	55.919603	1380.341889	0.726412
  904	17001	  459	  322	0.02251032	!	31.071935	1380.341889	0.748923
  904	17001	  460	  322	0.01742781	!	24.056338	1380.341889	0.766350
  904	17001	  461	  322	0.00002211	!	0.030517	1380.341889	0.766373
  904	17001	  455	  323	0.01723031	!	23.783716	1380.341889	0.783603
  904	17001	  456	  323	0.00896663	!	12.377018	1380.341889	0.792569
  904	17001	  457	  323	0.06881130	!	94.983118	1380.341889	0.861381
  904	17001	  458	  323	0.05965592	!	82.345571	1380.341889	0.921037
  904	17001	  459	  323	0.02967382	!	40.960022	1380.341889	0.950710
  904	17001	  460	  323	0.00004569	!	0.063069	1380.341889	0.950756
  904	17001	  461	  323	0.00000001	!	0.000014	1380.341889	0.950756
  904	17001	  455	  324	0.00000812	!	0.011206	1380.341889	0.950764
  904	17001	  456	  324	0.00000422	!	0.005831	1380.341889	0.950769
  904	17001	  457	  324	0.01280221	!	17.671420	1380.341889	0.963571
  904	17001	  458	  324	0.00004424	!	0.061063	1380.341889	0.963615
  904	17001	  459	  324	0.00880878	!	12.159124	1380.341889	0.972424
  904	17001	  460	  324	0.00001117	!	0.015420	1380.341889	0.972435
  904	17001	  457	  325	0.02022725	!	27.920520	1380.341889	0.992662
  904	17001	  458	  325	0.00002555	!	0.035269	1380.341889	0.992688
  904	17001	  459	  325	0.00000417	!	0.005752	1380.341889	0.992692
  904	17001	  460	  325	0.00000001	!	0.000007	1380.341889	0.992692
  904	17001	  457	  326	0.00000963	!	0.013293	1380.341889	0.992702
  904	17001	  458	  326	0.00000001	!	0.000017	1380.341889	0.992702
  904	17001	  476	  331	0.00350503	!	4.838134	1380.341889	0.996207
  904	17001	  477	  331	0.00000459	!	0.006340	1380.341889	0.996211
  904	17001	  476	  332	0.00000172	!	0.002376	1380.341889	0.996213
  904	17001	  477	  332	0.00000000	!	0.000003	1380.341889	0.996213
  904	17001	  466	  339	0.00378031	!	5.218126	1380.341889	0.999993
  904	17001	  467	  339	0.00000486	!	0.006708	1380.341889	0.999998
  904	17001	  466	  340	0.00000193	!	0.002666	1380.341889	1.000000
  904	17001	  467	  340	0.00000000	!	0.000003	1380.341889	1.000000
  904	17067	  482	  347	0.13025671	!	7.590890	58.276387	0.130257
  904	17067	  483	  347	0.00017262	!	0.010060	58.276387	0.130429
  904	17067	  482	  348	0.00006913	!	0.004029	58.276387	0.130498
  904	17067	  483	  348	0.00000009	!	0.000005	58.276387	0.130499
  904	17067	  477	  352	0.11646964	!	6.787430	58.276387	0.246968
  904	17067	  478	  352	0.00015291	!	0.008911	58.276387	0.247121
  904	17067	  477	  353	0.00006326	!	0.003687	58.276387	0.247184
  904	17067	  478	  353	0.00000008	!	0.000005	58.276387	0.247184
  904	17067	  471	  356	0.01812440	!	1.056225	58.276387	0.265309
  904	17067	  472	  356	0.00002352	!	0.001371	58.276387	0.265332
  904	17067	  471	  357	0.00001002	!	0.000584	58.276387	0.265342
  904	17067	  472	  357	0.00000001	!	0.000001	58.276387	0.265342
  904	17067	  470	  362	0.09081888	!	5.292596	58.276387	0.356161
  904	17067	  471	  362	0.15454570	!	9.006365	58.276387	0.510707
  904	17067	  472	  362	0.00020044	!	0.011681	58.276387	0.510907
  904	17067	  470	  363	0.00005158	!	0.003006	58.276387	0.510959
  904	17067	  471	  363	0.00008777	!	0.005115	58.276387	0.511047
  904	17067	  472	  363	0.00000011	!	0.000007	58.276387	0.511047
  904	17067	  466	  365	0.02806143	!	1.635319	58.276387	0.539108
  904	17067	  467	  365	0.00003607	!	0.002102	58.276387	0.539144
  904	17067	  466	  366	0.00001615	!	0.000941	58.276387	0.539161
  904	17067	  467	  366	0.00000002	!	0.000001	58.276387	0.539161
  904	17067	  475	  367	0.12032688	!	7.012216	58.276387	0.659487
  904	17067	  476	  367	0.00015737	!	0.009171	58.276387	0.659645
  904	17067	  475	  368	0.00006983	!	0.004069	58.276387	0.659715
  904	17067	  476	  368	0.00000009	!	0.000005	58.276387	0.659715
  904	17067	  464	  373	0.09378560	!	5.465486	58.276387	0.753500
  904	17067	  465	  373	0.00012010	!	0.006999	58.276387	0.753620
  904	17067	  464	  374	0.00005582	!	0.003253	58.276387	0.753676
  904	17067	  465	  374	0.00000007	!	0.000004	58.276387	0.753676
  904	17067	  478	  376	0.02461683	!	1.434580	58.276387	0.778293
  904	17067	  479	  376	0.00003238	!	0.001887	58.276387	0.778326
  904	17067	  478	  377	0.00001483	!	0.000864	58.276387	0.778340
  904	17067	  479	  377	0.00000002	!	0.000001	58.276387	0.778340
  904	17067	  460	  378	0.14386429	!	8.383891	58.276387	0.922205
  904	17067	  461	  378	0.00018280	!	0.010653	58.276387	0.922387
  904	17067	  460	  379	0.00008741	!	0.005094	58.276387	0.922475
  904	17067	  461	  379	0.00000011	!	0.000006	58.276387	0.922475
  904	17067	  467	  380	0.07742125	!	4.511831	58.276387	0.999896
  904	17067	  468	  380	0.00010374	!	0.006046	58.276387	1.000000
  904	17059	  680	  153	0.25631510	!	2.160657	8.429692	0.256315
  904	17059	  681	  153	0.00046568	!	0.003926	8.429692	0.256781
  904	17059	  677	  154	0.13708332	!	1.155570	8.429692	0.393864
  904	17059	  678	  154	0.00024804	!	0.002091	8.429692	0.394112
  904	17059	  680	  154	0.00001290	!	0.000109	8.429692	0.394125
  904	17059	  681	  154	0.00000002	!	0.000000	8.429692	0.394125
  904	17059	  677	  155	0.00000724	!	0.000061	8.429692	0.394132
  904	17059	  678	  155	0.00000001	!	0.000000	8.429692	0.394132
  904	17059	  671	  160	0.34741392	!	2.928592	8.429692	0.741546
  904	17059	  672	  160	0.25795037	!	2.174442	8.429692	0.999497
  904	17059	  673	  160	0.00046241	!	0.003898	8.429692	0.999959
  904	17059	  671	  161	0.00002350	!	0.000198	8.429692	0.999983
  904	17059	  672	  161	0.00001745	!	0.000147	8.429692	1.000000
  904	17059	  673	  161	0.00000003	!	0.000000	8.429692	1.000000
  904	17201	  587	  515	0.00018110	!	1.228174	6781.617704	0.000181
  904	17201	  588	  515	0.00000023	!	0.001555	6781.617704	0.000181
  904	17201	  589	  515	0.00001249	!	0.084713	6781.617704	0.000194
  904	17201	  587	  516	0.00126177	!	8.556853	6781.617704	0.001456
  904	17201	  588	  516	0.01188825	!	80.621569	6781.617704	0.013344
  904	17201	  589	  516	0.01324980	!	89.855079	6781.617704	0.026594
  904	17201	  590	  516	0.00002082	!	0.141202	6781.617704	0.026614
  904	17201	  587	  517	0.00000120	!	0.008121	6781.617704	0.026616
  904	17201	  588	  517	0.00001129	!	0.076562	6781.617704	0.026627
  904	17201	  589	  517	0.00001259	!	0.085382	6781.617704	0.026640
  904	17201	  590	  517	0.03046876	!	206.627507	6781.617704	0.057108
  904	17201	  591	  517	0.02717028	!	184.258419	6781.617704	0.084279
  904	17201	  592	  517	0.00098993	!	6.713359	6781.617704	0.085269
  904	17201	  593	  517	0.00000151	!	0.010261	6781.617704	0.085270
  904	17201	  583	  518	0.00130430	!	8.845242	6781.617704	0.086574
  904	17201	  584	  518	0.00000206	!	0.013940	6781.617704	0.086576
  904	17201	  585	  518	0.00273642	!	18.557348	6781.617704	0.089313
  904	17201	  586	  518	0.00213471	!	14.476754	6781.617704	0.091448
  904	17201	  587	  518	0.00326891	!	22.168500	6781.617704	0.094716
  904	17201	  588	  518	0.00000518	!	0.035120	6781.617704	0.094722
  904	17201	  590	  518	0.00002901	!	0.196736	6781.617704	0.094751
  904	17201	  591	  518	0.00002587	!	0.175438	6781.617704	0.094776
  904	17201	  592	  518	0.00000094	!	0.006392	6781.617704	0.094777
  904	17201	  593	  518	0.00000000	!	0.000010	6781.617704	0.094777
  904	17201	  583	  519	0.00000125	!	0.008444	6781.617704	0.094779
  904	17201	  584	  519	0.00848161	!	57.519015	6781.617704	0.103260
  904	17201	  585	  519	0.01847611	!	125.297882	6781.617704	0.121736
  904	17201	  586	  519	0.01933802	!	131.143050	6781.617704	0.141074
  904	17201	  587	  519	0.00289689	!	19.645618	6781.617704	0.143971
  904	17201	  588	  519	0.00000455	!	0.030827	6781.617704	0.143976
  904	17201	  584	  520	0.00263937	!	17.899179	6781.617704	0.146615
  904	17201	  585	  520	0.00002183	!	0.148070	6781.617704	0.146637
  904	17201	  586	  520	0.00722634	!	49.006286	6781.617704	0.153863
  904	17201	  587	  520	0.00001418	!	0.096180	6781.617704	0.153878
  904	17201	  588	  520	0.00000000	!	0.000029	6781.617704	0.153878
  904	17201	  569	  521	0.00034283	!	2.324950	6781.617704	0.154220
  904	17201	  570	  521	0.00000053	!	0.003583	6781.617704	0.154221
  904	17201	  583	  521	0.01059164	!	71.828476	6781.617704	0.164813
  904	17201	  584	  521	0.22865418	!	1550.645240	6781.617704	0.393467
  904	17201	  585	  521	0.07989529	!	541.819294	6781.617704	0.473362
  904	17201	  586	  521	0.02969957	!	201.411135	6781.617704	0.503062
  904	17201	  587	  521	0.00183006	!	12.410763	6781.617704	0.504892
  904	17201	  588	  521	0.00000283	!	0.019178	6781.617704	0.504894
  904	17201	  589	  521	0.00788103	!	53.446101	6781.617704	0.512776
  904	17201	  590	  521	0.00100344	!	6.804936	6781.617704	0.513779
  904	17201	  591	  521	0.00000158	!	0.010707	6781.617704	0.513781
  904	17201	  569	  522	0.00000033	!	0.002237	6781.617704	0.513781
  904	17201	  570	  522	0.00000000	!	0.000003	6781.617704	0.513781
  904	17201	  582	  522	0.00100251	!	6.798623	6781.617704	0.514783
  904	17201	  583	  522	0.02604758	!	176.644714	6781.617704	0.540831
  904	17201	  584	  522	0.00026101	!	1.770037	6781.617704	0.541092
  904	17201	  585	  522	0.00316569	!	21.468521	6781.617704	0.544258
  904	17201	  586	  522	0.00858374	!	58.211635	6781.617704	0.552841
  904	17201	  587	  522	0.00173215	!	11.746774	6781.617704	0.554574
  904	17201	  588	  522	0.00436604	!	29.608838	6781.617704	0.558940
  904	17201	  589	  522	0.00904124	!	61.314202	6781.617704	0.567981
  904	17201	  590	  522	0.01183737	!	80.276526	6781.617704	0.579818
  904	17201	  591	  522	0.00128803	!	8.734903	6781.617704	0.581106
  904	17201	  592	  522	0.00058884	!	3.993286	6781.617704	0.581695
  904	17201	  593	  522	0.00000094	!	0.006360	6781.617704	0.581696
  904	17201	  582	  523	0.00554960	!	37.635264	6781.617704	0.587246
  904	17201	  583	  523	0.00003384	!	0.229520	6781.617704	0.587279
  904	17201	  584	  523	0.00000004	!	0.000268	6781.617704	0.587279
  904	17201	  585	  523	0.00569007	!	38.587895	6781.617704	0.592970
  904	17201	  586	  523	0.00146027	!	9.903010	6781.617704	0.594430
  904	17201	  587	  523	0.00749575	!	50.833336	6781.617704	0.601926
  904	17201	  588	  523	0.00001609	!	0.109131	6781.617704	0.601942
  904	17201	  589	  523	0.00111886	!	7.587664	6781.617704	0.603061
  904	17201	  590	  523	0.00249419	!	16.914674	6781.617704	0.605555
  904	17201	  591	  523	0.00058188	!	3.946107	6781.617704	0.606137
  904	17201	  592	  523	0.00436521	!	29.603156	6781.617704	0.610502
  904	17201	  593	  523	0.00090435	!	6.132946	6781.617704	0.611406
  904	17201	  594	  523	0.00042310	!	2.869291	6781.617704	0.611829
  904	17201	  580	  524	0.01025153	!	69.521985	6781.617704	0.622081
  904	17201	  581	  524	0.00001608	!	0.109045	6781.617704	0.622097
  904	17201	  582	  524	0.00000537	!	0.036387	6781.617704	0.622102
  904	17201	  583	  524	0.00000001	!	0.000057	6781.617704	0.622102
  904	17201	  584	  524	0.00233793	!	15.854920	6781.617704	0.624440
  904	17201	  585	  524	0.00629353	!	42.680309	6781.617704	0.630734
  904	17201	  586	  524	0.00632529	!	42.895698	6781.617704	0.637059
  904	17201	  587	  524	0.00365904	!	24.814179	6781.617704	0.640718
  904	17201	  588	  524	0.00000579	!	0.039245	6781.617704	0.640724
  904	17201	  589	  524	0.00101493	!	6.882844	6781.617704	0.641739
  904	17201	  590	  524	0.00000401	!	0.027220	6781.617704	0.641743
  904	17201	  591	  524	0.00000056	!	0.003808	6781.617704	0.641743
  904	17201	  592	  524	0.00088238	!	5.983934	6781.617704	0.642626
  904	17201	  593	  524	0.00000228	!	0.015449	6781.617704	0.642628
  904	17201	  594	  524	0.00000039	!	0.002626	6781.617704	0.642628
  904	17201	  576	  525	0.00587692	!	39.855020	6781.617704	0.648505
  904	17201	  577	  525	0.00000916	!	0.062117	6781.617704	0.648514
  904	17201	  580	  525	0.00000994	!	0.067401	6781.617704	0.648524
  904	17201	  581	  525	0.00108374	!	7.349504	6781.617704	0.649608
  904	17201	  582	  525	0.00041618	!	2.822351	6781.617704	0.650024
  904	17201	  583	  525	0.01921679	!	130.320940	6781.617704	0.669241
  904	17201	  584	  525	0.00469793	!	31.859580	6781.617704	0.673939
  904	17201	  585	  525	0.00563212	!	38.194873	6781.617704	0.679571
  904	17201	  586	  525	0.00603521	!	40.928466	6781.617704	0.685606
  904	17201	  587	  525	0.00361037	!	24.484151	6781.617704	0.689217
  904	17201	  588	  525	0.00090877	!	6.162924	6781.617704	0.690125
  904	17201	  589	  525	0.00661970	!	44.892277	6781.617704	0.696745
  904	17201	  590	  525	0.00350178	!	23.747719	6781.617704	0.700247
  904	17201	  591	  525	0.00686790	!	46.575453	6781.617704	0.707115
  904	17201	  592	  525	0.00334504	!	22.684784	6781.617704	0.710460
  904	17201	  593	  525	0.00031694	!	2.149355	6781.617704	0.710777
  904	17201	  594	  525	0.00000050	!	0.003383	6781.617704	0.710777
  904	17201	  576	  526	0.00000571	!	0.038738	6781.617704	0.710783
  904	17201	  577	  526	0.00000001	!	0.000060	6781.617704	0.710783
  904	17201	  581	  526	0.00000105	!	0.007143	6781.617704	0.710784
  904	17201	  582	  526	0.00059866	!	4.059852	6781.617704	0.711383
  904	17201	  583	  526	0.00186951	!	12.678320	6781.617704	0.713252
  904	17201	  584	  526	0.00523523	!	35.503359	6781.617704	0.718488
  904	17201	  585	  526	0.00082421	!	5.589491	6781.617704	0.719312
  904	17201	  586	  526	0.00463414	!	31.426970	6781.617704	0.723946
  904	17201	  587	  526	0.00001083	!	0.073459	6781.617704	0.723957
  904	17201	  588	  526	0.00150805	!	10.227029	6781.617704	0.725465
  904	17201	  589	  526	0.00188983	!	12.816076	6781.617704	0.727355
  904	17201	  590	  526	0.00000640	!	0.043375	6781.617704	0.727361
  904	17201	  591	  526	0.00355275	!	24.093401	6781.617704	0.730914
  904	17201	  592	  526	0.00419890	!	28.475310	6781.617704	0.735113
  904	17201	  593	  526	0.00708527	!	48.049566	6781.617704	0.742198
  904	17201	  594	  526	0.00001133	!	0.076844	6781.617704	0.742209
  904	17201	  568	  527	0.00608187	!	41.244913	6781.617704	0.748291
  904	17201	  569	  527	0.00000936	!	0.063464	6781.617704	0.748300
  904	17201	  582	  527	0.00000058	!	0.003953	6781.617704	0.748301
  904	17201	  583	  527	0.00161311	!	10.939478	6781.617704	0.749914
  904	17201	  584	  527	0.00179542	!	12.175861	6781.617704	0.751710
  904	17201	  585	  527	0.00000362	!	0.024547	6781.617704	0.751713
  904	17201	  586	  527	0.00000451	!	0.030585	6781.617704	0.751718
  904	17201	  587	  527	0.00000001	!	0.000048	6781.617704	0.751718
  904	17201	  588	  527	0.00125102	!	8.483939	6781.617704	0.752969
  904	17201	  589	  527	0.00000382	!	0.025906	6781.617704	0.752973
  904	17201	  590	  527	0.00000000	!	0.000020	6781.617704	0.752973
  904	17201	  591	  527	0.00000346	!	0.023434	6781.617704	0.752976
  904	17201	  592	  527	0.00000409	!	0.027726	6781.617704	0.752980
  904	17201	  593	  527	0.00000690	!	0.046820	6781.617704	0.752987
  904	17201	  594	  527	0.00000001	!	0.000075	6781.617704	0.752987
  904	17201	  568	  528	0.00000594	!	0.040293	6781.617704	0.752993
  904	17201	  569	  528	0.00000001	!	0.000062	6781.617704	0.752993
  904	17201	  583	  528	0.00084294	!	5.716493	6781.617704	0.753836
  904	17201	  584	  528	0.00044986	!	3.050777	6781.617704	0.754286
  904	17201	  585	  528	0.00389344	!	26.403801	6781.617704	0.758179
  904	17201	  586	  528	0.00185064	!	12.550348	6781.617704	0.760030
  904	17201	  587	  528	0.00397737	!	26.972972	6781.617704	0.764007
  904	17201	  588	  528	0.00022787	!	1.545309	6781.617704	0.764235
  904	17201	  589	  528	0.00000035	!	0.002387	6781.617704	0.764235
  904	17201	  592	  528	0.00380344	!	25.793495	6781.617704	0.768039
  904	17201	  593	  528	0.00000608	!	0.041225	6781.617704	0.768045
  904	17201	  583	  529	0.00000082	!	0.005588	6781.617704	0.768046
  904	17201	  584	  529	0.00085327	!	5.786538	6781.617704	0.768899
  904	17201	  585	  529	0.00000516	!	0.034989	6781.617704	0.768904
  904	17201	  586	  529	0.00031452	!	2.132985	6781.617704	0.769219
  904	17201	  587	  529	0.00323292	!	21.924461	6781.617704	0.772452
  904	17201	  588	  529	0.00673172	!	45.651957	6781.617704	0.779183
  904	17201	  589	  529	0.00001068	!	0.072456	6781.617704	0.779194
  904	17201	  590	  529	0.00374962	!	25.428498	6781.617704	0.782944
  904	17201	  591	  529	0.00090352	!	6.127327	6781.617704	0.783847
  904	17201	  592	  529	0.00121000	!	8.205773	6781.617704	0.785057
  904	17201	  593	  529	0.00089384	!	6.061670	6781.617704	0.785951
  904	17201	  594	  529	0.00000143	!	0.009682	6781.617704	0.785952
  904	17201	  584	  530	0.00000084	!	0.005679	6781.617704	0.785953
  904	17201	  585	  530	0.00721283	!	48.914636	6781.617704	0.793166
  904	17201	  586	  530	0.00179530	!	12.175064	6781.617704	0.794961
  904	17201	  587	  530	0.00076105	!	5.161122	6781.617704	0.795722
  904	17201	  588	  530	0.00374333	!	25.385806	6781.617704	0.799466
  904	17201	  589	  530	0.00054801	!	3.716395	6781.617704	0.800014
  904	17201	  590	  530	0.00322490	!	21.870022	6781.617704	0.803239
  904	17201	  591	  530	0.00160843	!	10.907745	6781.617704	0.804847
  904	17201	  592	  530	0.00606952	!	41.161170	6781.617704	0.810917
  904	17201	  593	  530	0.00703525	!	47.710403	6781.617704	0.817952
  904	17201	  594	  530	0.00001125	!	0.076268	6781.617704	0.817963
  904	17201	  585	  531	0.00000710	!	0.048150	6781.617704	0.817970
  904	17201	  586	  531	0.00733157	!	49.719927	6781.617704	0.825302
  904	17201	  587	  531	0.00036881	!	2.501102	6781.617704	0.825671
  904	17201	  588	  531	0.00099161	!	6.724700	6781.617704	0.826662
  904	17201	  589	  531	0.00839125	!	56.906283	6781.617704	0.835053
  904	17201	  590	  531	0.00001652	!	0.112010	6781.617704	0.835070
  904	17201	  591	  531	0.00000158	!	0.010731	6781.617704	0.835072
  904	17201	  592	  531	0.00000597	!	0.040510	6781.617704	0.835078
  904	17201	  593	  531	0.00000692	!	0.046959	6781.617704	0.835084
  904	17201	  594	  531	0.00000001	!	0.000075	6781.617704	0.835084
  904	17201	  586	  532	0.00000723	!	0.049054	6781.617704	0.835092
  904	17201	  587	  532	0.00087589	!	5.939982	6781.617704	0.835968
  904	17201	  588	  532	0.00000236	!	0.016028	6781.617704	0.835970
  904	17201	  589	  532	0.00082737	!	5.610907	6781.617704	0.836797
  904	17201	  590	  532	0.00000132	!	0.008926	6781.617704	0.836799
  904	17201	  587	  533	0.00055921	!	3.792345	6781.617704	0.837358
  904	17201	  588	  533	0.01616012	!	109.591743	6781.617704	0.853518
  904	17201	  589	  533	0.01051560	!	71.312770	6781.617704	0.864034
  904	17201	  590	  533	0.00001669	!	0.113170	6781.617704	0.864050
  904	17201	  587	  534	0.00000055	!	0.003755	6781.617704	0.864051
  904	17201	  588	  534	0.01357549	!	92.063784	6781.617704	0.877626
  904	17201	  589	  534	0.00087615	!	5.941744	6781.617704	0.878502
  904	17201	  590	  534	0.00000136	!	0.009220	6781.617704	0.878504
  904	17201	  592	  534	0.00121783	!	8.258867	6781.617704	0.879722
  904	17201	  593	  534	0.00000195	!	0.013200	6781.617704	0.879724
  904	17201	  588	  535	0.00204743	!	13.884906	6781.617704	0.881771
  904	17201	  589	  535	0.00497609	!	33.745937	6781.617704	0.886747
  904	17201	  590	  535	0.00000791	!	0.053649	6781.617704	0.886755
  904	17201	  592	  535	0.00059531	!	4.037150	6781.617704	0.887350
  904	17201	  593	  535	0.00000095	!	0.006453	6781.617704	0.887351
  904	17201	  588	  536	0.00000203	!	0.013749	6781.617704	0.887353
  904	17201	  589	  536	0.00312364	!	21.183314	6781.617704	0.890477
  904	17201	  590	  536	0.00000497	!	0.033699	6781.617704	0.890482
  904	17201	  592	  536	0.00000059	!	0.004016	6781.617704	0.890483
  904	17201	  593	  536	0.00000000	!	0.000006	6781.617704	0.890483
  904	17201	  569	  537	0.00036247	!	2.458142	6781.617704	0.890845
  904	17201	  570	  537	0.00000056	!	0.003788	6781.617704	0.890846
  904	17201	  589	  537	0.00000312	!	0.021134	6781.617704	0.890849
  904	17201	  590	  537	0.00000000	!	0.000034	6781.617704	0.890849
  904	17201	  569	  538	0.00000036	!	0.002462	6781.617704	0.890849
  904	17201	  570	  538	0.00000000	!	0.000004	6781.617704	0.890849
  904	17201	  588	  539	0.00116278	!	7.885522	6781.617704	0.892012
  904	17201	  589	  539	0.00000185	!	0.012525	6781.617704	0.892014
  904	17201	  585	  540	0.00197725	!	13.408971	6781.617704	0.893991
  904	17201	  586	  540	0.00000313	!	0.021198	6781.617704	0.893994
  904	17201	  587	  540	0.00024603	!	1.668482	6781.617704	0.894240
  904	17201	  588	  540	0.00218059	!	14.787938	6781.617704	0.896421
  904	17201	  589	  540	0.00549463	!	37.262450	6781.617704	0.901915
  904	17201	  590	  540	0.00057465	!	3.897065	6781.617704	0.902490
  904	17201	  591	  540	0.00000090	!	0.006115	6781.617704	0.902491
  904	17201	  585	  541	0.00218856	!	14.841981	6781.617704	0.904679
  904	17201	  586	  541	0.00000346	!	0.023464	6781.617704	0.904683
  904	17201	  587	  541	0.00000025	!	0.001684	6781.617704	0.904683
  904	17201	  588	  541	0.00303607	!	20.589468	6781.617704	0.907719
  904	17201	  589	  541	0.04751906	!	322.256079	6781.617704	0.955238
  904	17201	  590	  541	0.02231524	!	151.333405	6781.617704	0.977553
  904	17201	  591	  541	0.00003543	!	0.240306	6781.617704	0.977589
  904	17201	  585	  542	0.00000221	!	0.015001	6781.617704	0.977591
  904	17201	  586	  542	0.00270440	!	18.340210	6781.617704	0.980296
  904	17201	  587	  542	0.00321521	!	21.804347	6781.617704	0.983511
  904	17201	  588	  542	0.00464565	!	31.505014	6781.617704	0.988156
  904	17201	  589	  542	0.00032458	!	2.201170	6781.617704	0.988481
  904	17201	  590	  542	0.00002300	!	0.155996	6781.617704	0.988504
  904	17201	  591	  542	0.00000004	!	0.000243	6781.617704	0.988504
  904	17201	  586	  543	0.00613118	!	41.579306	6781.617704	0.994635
  904	17201	  587	  543	0.00132229	!	8.967249	6781.617704	0.995957
  904	17201	  588	  543	0.00332079	!	22.520343	6781.617704	0.999278
  904	17201	  589	  543	0.00070895	!	4.807832	6781.617704	0.999987
  904	17201	  590	  543	0.00000112	!	0.007592	6781.617704	0.999988
  904	17201	  586	  544	0.00000623	!	0.042251	6781.617704	0.999995
  904	17201	  587	  544	0.00000134	!	0.009094	6781.617704	0.999996
  904	17201	  588	  544	0.00000337	!	0.022862	6781.617704	0.999999
  904	17201	  589	  544	0.00000072	!	0.004886	6781.617704	1.000000
  904	17201	  590	  544	0.00000000	!	0.000008	6781.617704	1.000000
  904	17013	  509	  260	0.99829498	!	1.039748	1.041524	0.998295
  904	17013	  510	  260	0.00138987	!	0.001448	1.041524	0.999685
  904	17013	  509	  261	0.00031471	!	0.000328	1.041524	1.000000
  904	17013	  510	  261	0.00000044	!	0.000000	1.041524	1.000000
  904	17131	  502	  418	0.01356820	!	0.668110	49.240874	0.013568
  904	17131	  503	  418	0.00001823	!	0.000897	49.240874	0.013586
  904	17131	  502	  419	0.00002228	!	0.001097	49.240874	0.013609
  904	17131	  503	  419	0.00000003	!	0.000002	49.240874	0.013609
  904	17131	  490	  428	0.03691119	!	1.817539	49.240874	0.050520
  904	17131	  491	  428	0.00004965	!	0.002445	49.240874	0.050570
  904	17131	  489	  429	0.13834448	!	6.812203	49.240874	0.188914
  904	17131	  490	  429	0.15839772	!	7.799642	49.240874	0.347312
  904	17131	  491	  429	0.46695776	!	22.993408	49.240874	0.814270
  904	17131	  492	  429	0.00062897	!	0.030971	49.240874	0.814899
  904	17131	  489	  430	0.00010154	!	0.005000	49.240874	0.815000
  904	17131	  490	  430	0.00011624	!	0.005724	49.240874	0.815116
  904	17131	  491	  430	0.00034273	!	0.016876	49.240874	0.815459
  904	17131	  492	  430	0.00000046	!	0.000023	49.240874	0.815459
  904	17131	  500	  430	0.04176377	!	2.056484	49.240874	0.857223
  904	17131	  501	  430	0.00005721	!	0.002817	49.240874	0.857280
  904	17131	  509	  430	0.01451546	!	0.714754	49.240874	0.871796
  904	17131	  500	  431	0.00003076	!	0.001514	49.240874	0.871827
  904	17131	  501	  431	0.00000004	!	0.000002	49.240874	0.871827
  904	17131	  509	  431	0.00000999	!	0.000492	49.240874	0.871837
  904	17131	  494	  439	0.10077242	!	4.962122	49.240874	0.972609
  904	17131	  495	  439	0.00014027	!	0.006907	49.240874	0.972749
  904	17131	  494	  440	0.00000421	!	0.000207	49.240874	0.972754
  904	17131	  495	  440	0.00000011	!	0.000005	49.240874	0.972754
  904	17131	  505	  440	0.02720649	!	1.339671	49.240874	0.999960
  904	17131	  506	  440	0.00003979	!	0.001959	49.240874	1.000000
  904	17151	  660	  128	0.00001153	!	0.000015	1.337693	0.000012
  904	17151	  661	  128	0.00000002	!	0.000000	1.337693	0.000012
  904	17151	  660	  129	0.99822443	!	1.335318	1.337693	0.998236
  904	17151	  661	  129	0.00176402	!	0.002360	1.337693	1.000000
  904	17043	  655	  483	0.00170119	!	37.286694	21917.945357	0.001701
  904	17043	  656	  483	0.00990210	!	217.033750	21917.945357	0.011603
  904	17043	  657	  483	0.00087230	!	19.119027	21917.945357	0.012476
  904	17043	  658	  483	0.00011720	!	2.568798	21917.945357	0.012593
  904	17043	  659	  483	0.00005085	!	1.114460	21917.945357	0.012644
  904	17043	  655	  484	0.01510829	!	331.142631	21917.945357	0.027752
  904	17043	  656	  484	0.01399022	!	306.636965	21917.945357	0.041742
  904	17043	  657	  484	0.00002610	!	0.572091	21917.945357	0.041768
  904	17043	  658	  484	0.00000035	!	0.007613	21917.945357	0.041769
  904	17043	  659	  484	0.00033862	!	7.421798	21917.945357	0.042107
  904	17043	  660	  484	0.00166373	!	36.465529	21917.945357	0.043771
  904	17043	  640	  485	0.00018154	!	3.978991	21917.945357	0.043952
  904	17043	  641	  485	0.00000063	!	0.013887	21917.945357	0.043953
  904	17043	  642	  485	0.00614206	!	134.621324	21917.945357	0.050095
  904	17043	  643	  485	0.00092485	!	20.270852	21917.945357	0.051020
  904	17043	  644	  485	0.00011238	!	2.463189	21917.945357	0.051132
  904	17043	  645	  485	0.00000017	!	0.003676	21917.945357	0.051133
  904	17043	  646	  485	0.00010418	!	2.283325	21917.945357	0.051237
  904	17043	  647	  485	0.00005013	!	1.098792	21917.945357	0.051287
  904	17043	  648	  485	0.00000003	!	0.000713	21917.945357	0.051287
  904	17043	  654	  485	0.00000355	!	0.077916	21917.945357	0.051290
  904	17043	  655	  485	0.00697523	!	152.882699	21917.945357	0.058266
  904	17043	  656	  485	0.00002445	!	0.535864	21917.945357	0.058290
  904	17043	  657	  485	0.00000002	!	0.000467	21917.945357	0.058290
  904	17043	  659	  485	0.00000036	!	0.007799	21917.945357	0.058291
  904	17043	  660	  485	0.00028435	!	6.232332	21917.945357	0.058575
  904	17043	  661	  485	0.00000771	!	0.169060	21917.945357	0.058583
  904	17043	  640	  486	0.00000020	!	0.004331	21917.945357	0.058583
  904	17043	  641	  486	0.00023967	!	5.252967	21917.945357	0.058822
  904	17043	  642	  486	0.00285738	!	62.627879	21917.945357	0.061680
  904	17043	  643	  486	0.00243863	!	53.449858	21917.945357	0.064118
  904	17043	  644	  486	0.00012991	!	2.847336	21917.945357	0.064248
  904	17043	  645	  486	0.00000022	!	0.004760	21917.945357	0.064249
  904	17043	  646	  486	0.00000041	!	0.008904	21917.945357	0.064249
  904	17043	  647	  486	0.00000043	!	0.009363	21917.945357	0.064249
  904	17043	  648	  486	0.00073705	!	16.154655	21917.945357	0.064986
  904	17043	  649	  486	0.00000120	!	0.026352	21917.945357	0.064988
  904	17043	  650	  486	0.00015119	!	3.313870	21917.945357	0.065139
  904	17043	  651	  486	0.01481958	!	324.814731	21917.945357	0.079958
  904	17043	  652	  486	0.00002295	!	0.503058	21917.945357	0.079981
  904	17043	  654	  486	0.00101995	!	22.355207	21917.945357	0.081001
  904	17043	  655	  486	0.00119865	!	26.272019	21917.945357	0.082200
  904	17043	  656	  486	0.00000209	!	0.045879	21917.945357	0.082202
  904	17043	  659	  486	0.00025028	!	5.485612	21917.945357	0.082452
  904	17043	  660	  486	0.00199338	!	43.690686	21917.945357	0.084446
  904	17043	  661	  486	0.00000358	!	0.078572	21917.945357	0.084449
  904	17043	  662	  486	0.00004531	!	0.993088	21917.945357	0.084495
  904	17043	  641	  487	0.00000021	!	0.004598	21917.945357	0.084495
  904	17043	  642	  487	0.00000249	!	0.054666	21917.945357	0.084497
  904	17043	  643	  487	0.00098502	!	21.589696	21917.945357	0.085482
  904	17043	  644	  487	0.00151173	!	33.134043	21917.945357	0.086994
  904	17043	  645	  487	0.00000261	!	0.057172	21917.945357	0.086997
  904	17043	  646	  487	0.00021080	!	4.620226	21917.945357	0.087208
  904	17043	  647	  487	0.00040634	!	8.906083	21917.945357	0.087614
  904	17043	  648	  487	0.00022040	!	4.830738	21917.945357	0.087834
  904	17043	  649	  487	0.00077472	!	16.980326	21917.945357	0.088609
  904	17043	  650	  487	0.00064527	!	14.143089	21917.945357	0.089254
  904	17043	  651	  487	0.00052079	!	11.414702	21917.945357	0.089775
  904	17043	  652	  487	0.00091885	!	20.139392	21917.945357	0.090694
  904	17043	  653	  487	0.00157028	!	34.417265	21917.945357	0.092264
  904	17043	  654	  487	0.00118037	!	25.871199	21917.945357	0.093445
  904	17043	  655	  487	0.00036152	!	7.923835	21917.945357	0.093806
  904	17043	  656	  487	0.00046256	!	10.138454	21917.945357	0.094269
  904	17043	  657	  487	0.00000081	!	0.017791	21917.945357	0.094269
  904	17043	  658	  487	0.00052029	!	11.403681	21917.945357	0.094790
  904	17043	  659	  487	0.00043457	!	9.524965	21917.945357	0.095224
  904	17043	  660	  487	0.00076637	!	16.797239	21917.945357	0.095991
  904	17043	  661	  487	0.00000135	!	0.029654	21917.945357	0.095992
  904	17043	  662	  487	0.00000040	!	0.008870	21917.945357	0.095992
  904	17043	  640	  488	0.00084183	!	18.451173	21917.945357	0.096834
  904	17043	  641	  488	0.00087952	!	19.277304	21917.945357	0.097714
  904	17043	  642	  488	0.00952218	!	208.706645	21917.945357	0.107236
  904	17043	  643	  488	0.00221820	!	48.618395	21917.945357	0.109454
  904	17043	  644	  488	0.00213544	!	46.804421	21917.945357	0.111590
  904	17043	  645	  488	0.00000368	!	0.080707	21917.945357	0.111593
  904	17043	  646	  488	0.00010348	!	2.268111	21917.945357	0.111697
  904	17043	  647	  488	0.00070963	!	15.553659	21917.945357	0.112406
  904	17043	  648	  488	0.00000142	!	0.031190	21917.945357	0.112408
  904	17043	  649	  488	0.00009894	!	2.168667	21917.945357	0.112507
  904	17043	  650	  488	0.00000074	!	0.016158	21917.945357	0.112508
  904	17043	  651	  488	0.00000044	!	0.009590	21917.945357	0.112508
  904	17043	  652	  488	0.00000081	!	0.017676	21917.945357	0.112509
  904	17043	  653	  488	0.00000138	!	0.030210	21917.945357	0.112510
  904	17043	  654	  488	0.00093460	!	20.484526	21917.945357	0.113445
  904	17043	  655	  488	0.00104417	!	22.886068	21917.945357	0.114489
  904	17043	  656	  488	0.00156729	!	34.351805	21917.945357	0.116056
  904	17043	  657	  488	0.00000275	!	0.060293	21917.945357	0.116059
  904	17043	  658	  488	0.00058376	!	12.794745	21917.945357	0.116643
  904	17043	  659	  488	0.00048531	!	10.637010	21917.945357	0.117128
  904	17043	  660	  488	0.00766731	!	168.051728	21917.945357	0.124795
  904	17043	  661	  488	0.00001355	!	0.296940	21917.945357	0.124809
  904	17043	  640	  489	0.00101153	!	22.170719	21917.945357	0.125820
  904	17043	  641	  489	0.00038516	!	8.441869	21917.945357	0.126206
  904	17043	  642	  489	0.03122465	!	684.380064	21917.945357	0.157430
  904	17043	  643	  489	0.00823634	!	180.523678	21917.945357	0.165667
  904	17043	  644	  489	0.00976274	!	213.979298	21917.945357	0.175429
  904	17043	  645	  489	0.00085530	!	18.746344	21917.945357	0.176285
  904	17043	  646	  489	0.00045388	!	9.948222	21917.945357	0.176738
  904	17043	  647	  489	0.00223539	!	48.995106	21917.945357	0.178974
  904	17043	  648	  489	0.00000388	!	0.084970	21917.945357	0.178978
  904	17043	  649	  489	0.00020757	!	4.549474	21917.945357	0.179185
  904	17043	  650	  489	0.00039860	!	8.736512	21917.945357	0.179584
  904	17043	  651	  489	0.00054583	!	11.963507	21917.945357	0.180130
  904	17043	  652	  489	0.00016222	!	3.555531	21917.945357	0.180292
  904	17043	  653	  489	0.00097654	!	21.403747	21917.945357	0.181269
  904	17043	  654	  489	0.00095444	!	20.919439	21917.945357	0.182223
  904	17043	  655	  489	0.00022237	!	4.873821	21917.945357	0.182445
  904	17043	  656	  489	0.00000176	!	0.038682	21917.945357	0.182447
  904	17043	  657	  489	0.00000000	!	0.000053	21917.945357	0.182447
  904	17043	  658	  489	0.00006839	!	1.498877	21917.945357	0.182515
  904	17043	  659	  489	0.00114646	!	25.128147	21917.945357	0.183662
  904	17043	  660	  489	0.00475175	!	104.148553	21917.945357	0.188414
  904	17043	  661	  489	0.00755406	!	165.569546	21917.945357	0.195968
  904	17043	  640	  490	0.00000095	!	0.020722	21917.945357	0.195969
  904	17043	  641	  490	0.00000034	!	0.007437	21917.945357	0.195969
  904	17043	  642	  490	0.00443437	!	97.192199	21917.945357	0.200403
  904	17043	  643	  490	0.00113471	!	24.870529	21917.945357	0.201538
  904	17043	  644	  490	0.00041729	!	9.146225	21917.945357	0.201955
  904	17043	  645	  490	0.00265719	!	58.240163	21917.945357	0.204613
  904	17043	  646	  490	0.00100770	!	22.086701	21917.945357	0.205620
  904	17043	  647	  490	0.00261024	!	57.211125	21917.945357	0.208231
  904	17043	  648	  490	0.00171629	!	37.617587	21917.945357	0.209947
  904	17043	  649	  490	0.00132491	!	29.039246	21917.945357	0.211272
  904	17043	  650	  490	0.00000265	!	0.058115	21917.945357	0.211274
  904	17043	  651	  490	0.00060080	!	13.168196	21917.945357	0.211875
  904	17043	  652	  490	0.00000119	!	0.026096	21917.945357	0.211876
  904	17043	  653	  490	0.00055018	!	12.058829	21917.945357	0.212427
  904	17043	  654	  490	0.00045533	!	9.979853	21917.945357	0.212882
  904	17043	  655	  490	0.00042771	!	9.374476	21917.945357	0.213310
  904	17043	  656	  490	0.00029891	!	6.551528	21917.945357	0.213608
  904	17043	  657	  490	0.00103089	!	22.594904	21917.945357	0.214639
  904	17043	  658	  490	0.00007039	!	1.542840	21917.945357	0.214710
  904	17043	  659	  490	0.00034072	!	7.467973	21917.945357	0.215050
  904	17043	  660	  490	0.00094153	!	20.636496	21917.945357	0.215992
  904	17043	  661	  490	0.00057842	!	12.677838	21917.945357	0.216570
  904	17043	  639	  491	0.00048178	!	10.559598	21917.945357	0.217052
  904	17043	  640	  491	0.00471481	!	103.339003	21917.945357	0.221767
  904	17043	  641	  491	0.00478292	!	104.831787	21917.945357	0.226550
  904	17043	  642	  491	0.00289480	!	63.448021	21917.945357	0.229445
  904	17043	  643	  491	0.00124547	!	27.298111	21917.945357	0.230690
  904	17043	  644	  491	0.00078818	!	17.275274	21917.945357	0.231478
  904	17043	  645	  491	0.00000371	!	0.081285	21917.945357	0.231482
  904	17043	  646	  491	0.00039123	!	8.574882	21917.945357	0.231873
  904	17043	  647	  491	0.00000299	!	0.065425	21917.945357	0.231876
  904	17043	  648	  491	0.00070513	!	15.454923	21917.945357	0.232581
  904	17043	  649	  491	0.00000240	!	0.052494	21917.945357	0.232584
  904	17043	  650	  491	0.00202857	!	44.462133	21917.945357	0.234612
  904	17043	  651	  491	0.00197643	!	43.319305	21917.945357	0.236589
  904	17043	  652	  491	0.00118853	!	26.050084	21917.945357	0.237777
  904	17043	  653	  491	0.00601353	!	131.804207	21917.945357	0.243791
  904	17043	  654	  491	0.00038083	!	8.347068	21917.945357	0.244172
  904	17043	  655	  491	0.00032366	!	7.094001	21917.945357	0.244495
  904	17043	  656	  491	0.00028279	!	6.198266	21917.945357	0.244778
  904	17043	  657	  491	0.00123086	!	26.978009	21917.945357	0.246009
  904	17043	  658	  491	0.00085958	!	18.840314	21917.945357	0.246869
  904	17043	  659	  491	0.00043587	!	9.553447	21917.945357	0.247305
  904	17043	  660	  491	0.00026294	!	5.763199	21917.945357	0.247567
  904	17043	  661	  491	0.00727763	!	159.510765	21917.945357	0.254845
  904	17043	  639	  492	0.00013146	!	2.881343	21917.945357	0.254977
  904	17043	  640	  492	0.00000530	!	0.116144	21917.945357	0.254982
  904	17043	  641	  492	0.00386776	!	84.773417	21917.945357	0.258850
  904	17043	  642	  492	0.00618735	!	135.614019	21917.945357	0.265037
  904	17043	  643	  492	0.00569698	!	124.866048	21917.945357	0.270734
  904	17043	  644	  492	0.00722002	!	158.247929	21917.945357	0.277954
  904	17043	  645	  492	0.00360247	!	78.958705	21917.945357	0.281556
  904	17043	  646	  492	0.00163536	!	35.843666	21917.945357	0.283192
  904	17043	  647	  492	0.00000282	!	0.061859	21917.945357	0.283195
  904	17043	  648	  492	0.00426490	!	93.477951	21917.945357	0.287460
  904	17043	  649	  492	0.00184269	!	40.387969	21917.945357	0.289302
  904	17043	  650	  492	0.00090382	!	19.809847	21917.945357	0.290206
  904	17043	  651	  492	0.00099214	!	21.745688	21917.945357	0.291198
  904	17043	  652	  492	0.00062622	!	13.725476	21917.945357	0.291824
  904	17043	  653	  492	0.00000643	!	0.140864	21917.945357	0.291831
  904	17043	  654	  492	0.00000034	!	0.007402	21917.945357	0.291831
  904	17043	  655	  492	0.00188009	!	41.207679	21917.945357	0.293711
  904	17043	  656	  492	0.00149440	!	32.754224	21917.945357	0.295206
  904	17043	  657	  492	0.00067568	!	14.809411	21917.945357	0.295881
  904	17043	  658	  492	0.00074247	!	16.273399	21917.945357	0.296624
  904	17043	  659	  492	0.00068746	!	15.067684	21917.945357	0.297311
  904	17043	  660	  492	0.00078946	!	17.303391	21917.945357	0.298101
  904	17043	  661	  492	0.00126237	!	27.668596	21917.945357	0.299363
  904	17043	  639	  493	0.00000014	!	0.003160	21917.945357	0.299363
  904	17043	  640	  493	0.00000000	!	0.000022	21917.945357	0.299363
  904	17043	  641	  493	0.00000344	!	0.075378	21917.945357	0.299367
  904	17043	  642	  493	0.00241274	!	52.882277	21917.945357	0.301779
  904	17043	  643	  493	0.00122561	!	26.862820	21917.945357	0.303005
  904	17043	  644	  493	0.00026868	!	5.888807	21917.945357	0.303274
  904	17043	  645	  493	0.00024374	!	5.342367	21917.945357	0.303517
  904	17043	  646	  493	0.00022864	!	5.011240	21917.945357	0.303746
  904	17043	  647	  493	0.00000040	!	0.008665	21917.945357	0.303746
  904	17043	  648	  493	0.00023095	!	5.061850	21917.945357	0.303977
  904	17043	  649	  493	0.00093928	!	20.587045	21917.945357	0.304917
  904	17043	  650	  493	0.00000243	!	0.053339	21917.945357	0.304919
  904	17043	  651	  493	0.00000088	!	0.019323	21917.945357	0.304920
  904	17043	  652	  493	0.00052751	!	11.562008	21917.945357	0.305448
  904	17043	  653	  493	0.00145000	!	31.781066	21917.945357	0.306898
  904	17043	  654	  493	0.00033722	!	7.391184	21917.945357	0.307235
  904	17043	  655	  493	0.00070584	!	15.470660	21917.945357	0.307941
  904	17043	  656	  493	0.00129621	!	28.410253	21917.945357	0.309237
  904	17043	  657	  493	0.00234821	!	51.467844	21917.945357	0.311585
  904	17043	  658	  493	0.00036782	!	8.061923	21917.945357	0.311953
  904	17043	  659	  493	0.00047164	!	10.337403	21917.945357	0.312424
  904	17043	  660	  493	0.00118035	!	25.870862	21917.945357	0.313605
  904	17043	  661	  493	0.00005115	!	1.121074	21917.945357	0.313656
  904	17043	  639	  494	0.00042175	!	9.243851	21917.945357	0.314078
  904	17043	  640	  494	0.00000185	!	0.040524	21917.945357	0.314080
  904	17043	  642	  494	0.00000215	!	0.047096	21917.945357	0.314082
  904	17043	  643	  494	0.00063807	!	13.985261	21917.945357	0.314720
  904	17043	  644	  494	0.00000133	!	0.029213	21917.945357	0.314721
  904	17043	  645	  494	0.00000021	!	0.004706	21917.945357	0.314721
  904	17043	  646	  494	0.00000020	!	0.004445	21917.945357	0.314722
  904	17043	  647	  494	0.00000000	!	0.000008	21917.945357	0.314722
  904	17043	  648	  494	0.00000020	!	0.004444	21917.945357	0.314722
  904	17043	  649	  494	0.00107669	!	23.598825	21917.945357	0.315798
  904	17043	  650	  494	0.00022365	!	4.901875	21917.945357	0.316022
  904	17043	  651	  494	0.00057780	!	12.664176	21917.945357	0.316600
  904	17043	  652	  494	0.00066119	!	14.491968	21917.945357	0.317261
  904	17043	  653	  494	0.00020674	!	4.531260	21917.945357	0.317468
  904	17043	  654	  494	0.00179978	!	39.447520	21917.945357	0.319268
  904	17043	  655	  494	0.00077288	!	16.939900	21917.945357	0.320040
  904	17043	  656	  494	0.00024099	!	5.282085	21917.945357	0.320281
  904	17043	  657	  494	0.00262188	!	57.466152	21917.945357	0.322903
  904	17043	  658	  494	0.00322688	!	70.726572	21917.945357	0.326130
  904	17043	  659	  494	0.00231930	!	50.834240	21917.945357	0.328450
  904	17043	  660	  494	0.00128418	!	28.146562	21917.945357	0.329734
  904	17043	  661	  494	0.00000530	!	0.116232	21917.945357	0.329739
  904	17043	  639	  495	0.00013977	!	3.063398	21917.945357	0.329879
  904	17043	  640	  495	0.00000050	!	0.010912	21917.945357	0.329879
  904	17043	  643	  495	0.00000057	!	0.012497	21917.945357	0.329880
  904	17043	  644	  495	0.00000000	!	0.000022	21917.945357	0.329880
  904	17043	  649	  495	0.00018699	!	4.098546	21917.945357	0.330067
  904	17043	  650	  495	0.00000052	!	0.011482	21917.945357	0.330067
  904	17043	  651	  495	0.00000052	!	0.011336	21917.945357	0.330068
  904	17043	  652	  495	0.00000059	!	0.012963	21917.945357	0.330068
  904	17043	  653	  495	0.00068398	!	14.991328	21917.945357	0.330752
  904	17043	  654	  495	0.00885395	!	194.060496	21917.945357	0.339606
  904	17043	  655	  495	0.00314595	!	68.952689	21917.945357	0.342752
  904	17043	  656	  495	0.00000571	!	0.125076	21917.945357	0.342758
  904	17043	  657	  495	0.00000234	!	0.051397	21917.945357	0.342760
  904	17043	  658	  495	0.00061597	!	13.500845	21917.945357	0.343376
  904	17043	  659	  495	0.00000316	!	0.069173	21917.945357	0.343380
  904	17043	  660	  495	0.00030745	!	6.738648	21917.945357	0.343687
  904	17043	  639	  496	0.00616618	!	135.150051	21917.945357	0.349853
  904	17043	  640	  496	0.00001845	!	0.404379	21917.945357	0.349872
  904	17043	  643	  496	0.00035238	!	7.723378	21917.945357	0.350224
  904	17043	  644	  496	0.00029236	!	6.407918	21917.945357	0.350516
  904	17043	  645	  496	0.00039307	!	8.615251	21917.945357	0.350909
  904	17043	  646	  496	0.00057644	!	12.634379	21917.945357	0.351486
  904	17043	  647	  496	0.00000100	!	0.021862	21917.945357	0.351487
  904	17043	  648	  496	0.00025999	!	5.698538	21917.945357	0.351747
  904	17043	  649	  496	0.00000062	!	0.013560	21917.945357	0.351747
  904	17043	  650	  496	0.00000000	!	0.000006	21917.945357	0.351747
  904	17043	  651	  496	0.00025938	!	5.685000	21917.945357	0.352007
  904	17043	  652	  496	0.00000045	!	0.009919	21917.945357	0.352007
  904	17043	  653	  496	0.00029902	!	6.553906	21917.945357	0.352306
  904	17043	  654	  496	0.00125189	!	27.438777	21917.945357	0.353558
  904	17043	  655	  496	0.00128661	!	28.199785	21917.945357	0.354845
  904	17043	  656	  496	0.00108061	!	23.684810	21917.945357	0.355925
  904	17043	  657	  496	0.00132194	!	28.974202	21917.945357	0.357247
  904	17043	  658	  496	0.00000287	!	0.062974	21917.945357	0.357250
  904	17043	  659	  496	0.00000000	!	0.000021	21917.945357	0.357250
  904	17043	  660	  496	0.00000025	!	0.005574	21917.945357	0.357250
  904	17043	  639	  497	0.00070141	!	15.373560	21917.945357	0.357952
  904	17043	  640	  497	0.01287017	!	282.087775	21917.945357	0.370822
  904	17043	  641	  497	0.01003280	!	219.898416	21917.945357	0.380855
  904	17043	  642	  497	0.00413247	!	90.575222	21917.945357	0.384987
  904	17043	  643	  497	0.00102940	!	22.562407	21917.945357	0.386017
  904	17043	  644	  497	0.00000203	!	0.044406	21917.945357	0.386019
  904	17043	  645	  497	0.00021655	!	4.746380	21917.945357	0.386235
  904	17043	  646	  497	0.00106818	!	23.412274	21917.945357	0.387303
  904	17043	  647	  497	0.00000185	!	0.040545	21917.945357	0.387305
  904	17043	  648	  497	0.00131126	!	28.740031	21917.945357	0.388617
  904	17043	  649	  497	0.00324375	!	71.096229	21917.945357	0.391860
  904	17043	  650	  497	0.00129074	!	28.290260	21917.945357	0.393151
  904	17043	  651	  497	0.00099164	!	21.734604	21917.945357	0.394143
  904	17043	  652	  497	0.00046338	!	10.156413	21917.945357	0.394606
  904	17043	  653	  497	0.00110746	!	24.273241	21917.945357	0.395714
  904	17043	  654	  497	0.00203474	!	44.597219	21917.945357	0.397748
  904	17043	  655	  497	0.00173884	!	38.111705	21917.945357	0.399487
  904	17043	  656	  497	0.00541168	!	118.612931	21917.945357	0.404899
  904	17043	  657	  497	0.00349918	!	76.694924	21917.945357	0.408398
  904	17043	  658	  497	0.00545160	!	119.487866	21917.945357	0.413850
  904	17043	  659	  497	0.00208896	!	45.785615	21917.945357	0.415939
  904	17043	  660	  497	0.00170854	!	37.447688	21917.945357	0.417647
  904	17043	  639	  498	0.00216733	!	47.503447	21917.945357	0.419814
  904	17043	  640	  498	0.00748828	!	164.127756	21917.945357	0.427303
  904	17043	  641	  498	0.00139667	!	30.612135	21917.945357	0.428699
  904	17043	  642	  498	0.00316498	!	69.369899	21917.945357	0.431864
  904	17043	  643	  498	0.00212015	!	46.469257	21917.945357	0.433984
  904	17043	  644	  498	0.00000365	!	0.079950	21917.945357	0.433988
  904	17043	  645	  498	0.00039562	!	8.671108	21917.945357	0.434384
  904	17043	  646	  498	0.00000165	!	0.036113	21917.945357	0.434385
  904	17043	  647	  498	0.00000000	!	0.000037	21917.945357	0.434385
  904	17043	  648	  498	0.00087832	!	19.250947	21917.945357	0.435264
  904	17043	  649	  498	0.00000445	!	0.097568	21917.945357	0.435268
  904	17043	  650	  498	0.00000116	!	0.025533	21917.945357	0.435269
  904	17043	  651	  498	0.00222826	!	48.838935	21917.945357	0.437498
  904	17043	  652	  498	0.00014073	!	3.084479	21917.945357	0.437638
  904	17043	  653	  498	0.00000124	!	0.027127	21917.945357	0.437640
  904	17043	  654	  498	0.00030778	!	6.745976	21917.945357	0.437947
  904	17043	  655	  498	0.00028852	!	6.323783	21917.945357	0.438236
  904	17043	  656	  498	0.00059967	!	13.143558	21917.945357	0.438836
  904	17043	  657	  498	0.00151251	!	33.151150	21917.945357	0.440348
  904	17043	  658	  498	0.00728156	!	159.596780	21917.945357	0.447630
  904	17043	  659	  498	0.00123008	!	26.960769	21917.945357	0.448860
  904	17043	  660	  498	0.00030877	!	6.767562	21917.945357	0.449168
  904	17043	  639	  499	0.00249106	!	54.598899	21917.945357	0.451660
  904	17043	  640	  499	0.01698277	!	372.227333	21917.945357	0.468642
  904	17043	  641	  499	0.00558973	!	122.515289	21917.945357	0.474232
  904	17043	  642	  499	0.01039757	!	227.893406	21917.945357	0.484630
  904	17043	  643	  499	0.00018131	!	3.973841	21917.945357	0.484811
  904	17043	  644	  499	0.00000028	!	0.006178	21917.945357	0.484811
  904	17043	  645	  499	0.00000036	!	0.007844	21917.945357	0.484812
  904	17043	  646	  499	0.00024098	!	5.281870	21917.945357	0.485053
  904	17043	  647	  499	0.00000042	!	0.009150	21917.945357	0.485053
  904	17043	  648	  499	0.00187061	!	40.999910	21917.945357	0.486924
  904	17043	  649	  499	0.00014000	!	3.068473	21917.945357	0.487064
  904	17043	  650	  499	0.00000024	!	0.005215	21917.945357	0.487064
  904	17043	  651	  499	0.00000202	!	0.044182	21917.945357	0.487066
  904	17043	  652	  499	0.00000013	!	0.002783	21917.945357	0.487066
  904	17043	  653	  499	0.00050713	!	11.115332	21917.945357	0.487573
  904	17043	  654	  499	0.00077161	!	16.912207	21917.945357	0.488345
  904	17043	  655	  499	0.00018521	!	4.059512	21917.945357	0.488530
  904	17043	  656	  499	0.00000086	!	0.018860	21917.945357	0.488531
  904	17043	  657	  499	0.00000137	!	0.029940	21917.945357	0.488532
  904	17043	  658	  499	0.01408788	!	308.777299	21917.945357	0.502620
  904	17043	  659	  499	0.00053044	!	11.626175	21917.945357	0.503150
  904	17043	  660	  499	0.00076742	!	16.820352	21917.945357	0.503918
  904	17043	  638	  500	0.00000209	!	0.045787	21917.945357	0.503920
  904	17043	  639	  500	0.00063223	!	13.857118	21917.945357	0.504552
  904	17043	  640	  500	0.00233959	!	51.279069	21917.945357	0.506892
  904	17043	  641	  500	0.00387144	!	84.854002	21917.945357	0.510763
  904	17043	  642	  500	0.00100818	!	22.097331	21917.945357	0.511771
  904	17043	  643	  500	0.00105445	!	23.111327	21917.945357	0.512826
  904	17043	  644	  500	0.00000182	!	0.039800	21917.945357	0.512828
  904	17043	  645	  500	0.00113840	!	24.951360	21917.945357	0.513966
  904	17043	  646	  500	0.00054263	!	11.893291	21917.945357	0.514509
  904	17043	  647	  500	0.00889932	!	195.054753	21917.945357	0.523408
  904	17043	  648	  500	0.00822816	!	180.344316	21917.945357	0.531636
  904	17043	  649	  500	0.00058021	!	12.717060	21917.945357	0.532216
  904	17043	  650	  500	0.00072124	!	15.808092	21917.945357	0.532938
  904	17043	  651	  500	0.00046315	!	10.151217	21917.945357	0.533401
  904	17043	  652	  500	0.00057374	!	12.575281	21917.945357	0.533974
  904	17043	  653	  500	0.00123771	!	27.128161	21917.945357	0.535212
  904	17043	  654	  500	0.00380216	!	83.335543	21917.945357	0.539014
  904	17043	  655	  500	0.00075845	!	16.623687	21917.945357	0.539773
  904	17043	  656	  500	0.00291571	!	63.906364	21917.945357	0.542689
  904	17043	  657	  500	0.00032647	!	7.155493	21917.945357	0.543015
  904	17043	  658	  500	0.00296380	!	64.960409	21917.945357	0.545979
  904	17043	  659	  500	0.00000568	!	0.124486	21917.945357	0.545984
  904	17043	  660	  500	0.00015847	!	3.473382	21917.945357	0.546143
  904	17043	  638	  501	0.00002582	!	0.565861	21917.945357	0.546169
  904	17043	  639	  501	0.00040735	!	8.928285	21917.945357	0.546576
  904	17043	  640	  501	0.00288843	!	63.308406	21917.945357	0.549465
  904	17043	  641	  501	0.00000847	!	0.185739	21917.945357	0.549473
  904	17043	  642	  501	0.00041016	!	8.989787	21917.945357	0.549883
  904	17043	  643	  501	0.00000166	!	0.036478	21917.945357	0.549885
  904	17043	  644	  501	0.00000000	!	0.000036	21917.945357	0.549885
  904	17043	  645	  501	0.00000104	!	0.022705	21917.945357	0.549886
  904	17043	  646	  501	0.00000049	!	0.010818	21917.945357	0.549886
  904	17043	  647	  501	0.00230951	!	50.619814	21917.945357	0.552196
  904	17043	  648	  501	0.05995078	!	1313.997991	21917.945357	0.612147
  904	17043	  649	  501	0.00621083	!	136.128584	21917.945357	0.618357
  904	17043	  650	  501	0.00050352	!	11.036230	21917.945357	0.618861
  904	17043	  651	  501	0.00139587	!	30.594514	21917.945357	0.620257
  904	17043	  652	  501	0.00094328	!	20.674779	21917.945357	0.621200
  904	17043	  653	  501	0.01520679	!	333.301652	21917.945357	0.636407
  904	17043	  654	  501	0.00186394	!	40.853766	21917.945357	0.638271
  904	17043	  655	  501	0.00392185	!	85.958951	21917.945357	0.642193
  904	17043	  656	  501	0.00250675	!	54.942896	21917.945357	0.644700
  904	17043	  657	  501	0.00086875	!	19.041228	21917.945357	0.645568
  904	17043	  658	  501	0.00165462	!	36.265855	21917.945357	0.647223
  904	17043	  659	  501	0.00082941	!	18.178920	21917.945357	0.648052
  904	17043	  660	  501	0.00162747	!	35.670761	21917.945357	0.649680
  904	17043	  638	  502	0.00000004	!	0.000982	21917.945357	0.649680
  904	17043	  639	  502	0.00000037	!	0.008134	21917.945357	0.649680
  904	17043	  640	  502	0.00000263	!	0.057724	21917.945357	0.649683
  904	17043	  641	  502	0.00000000	!	0.000099	21917.945357	0.649683
  904	17043	  642	  502	0.00000037	!	0.008185	21917.945357	0.649683
  904	17043	  643	  502	0.00000000	!	0.000014	21917.945357	0.649683
  904	17043	  646	  502	0.00030003	!	6.576144	21917.945357	0.649983
  904	17043	  647	  502	0.00276883	!	60.687077	21917.945357	0.652752
  904	17043	  648	  502	0.00381355	!	83.585161	21917.945357	0.656566
  904	17043	  649	  502	0.00027683	!	6.067643	21917.945357	0.656842
  904	17043	  650	  502	0.00125517	!	27.510657	21917.945357	0.658098
  904	17043	  651	  502	0.00412102	!	90.324326	21917.945357	0.662219
  904	17043	  652	  502	0.00050914	!	11.159375	21917.945357	0.662728
  904	17043	  653	  502	0.02053947	!	450.183080	21917.945357	0.683267
  904	17043	  654	  502	0.00896141	!	196.415725	21917.945357	0.692229
  904	17043	  655	  502	0.00397864	!	87.203533	21917.945357	0.696207
  904	17043	  656	  502	0.00053839	!	11.800438	21917.945357	0.696746
  904	17043	  657	  502	0.00000172	!	0.037749	21917.945357	0.696747
  904	17043	  658	  502	0.01988849	!	435.914794	21917.945357	0.716636
  904	17043	  659	  502	0.00181111	!	39.695894	21917.945357	0.718447
  904	17043	  660	  502	0.00150756	!	33.042588	21917.945357	0.719955
  904	17043	  641	  503	0.00006097	!	1.336444	21917.945357	0.720016
  904	17043	  642	  503	0.00000010	!	0.002299	21917.945357	0.720016
  904	17043	  644	  503	0.00067510	!	14.796778	21917.945357	0.720691
  904	17043	  645	  503	0.00055912	!	12.254692	21917.945357	0.721250
  904	17043	  646	  503	0.00239426	!	52.477306	21917.945357	0.723644
  904	17043	  647	  503	0.00161275	!	35.348079	21917.945357	0.725257
  904	17043	  648	  503	0.01950782	!	427.571376	21917.945357	0.744765
  904	17043	  649	  503	0.00408904	!	89.623449	21917.945357	0.748854
  904	17043	  650	  503	0.00204677	!	44.860933	21917.945357	0.750900
  904	17043	  651	  503	0.00403149	!	88.361972	21917.945357	0.754932
  904	17043	  652	  503	0.00184661	!	40.473894	21917.945357	0.756779
  904	17043	  653	  503	0.00637256	!	139.673461	21917.945357	0.763151
  904	17043	  654	  503	0.00013880	!	3.042121	21917.945357	0.763290
  904	17043	  655	  503	0.00087221	!	19.117120	21917.945357	0.764162
  904	17043	  656	  503	0.00056190	!	12.315724	21917.945357	0.764724
  904	17043	  657	  503	0.00076108	!	16.681306	21917.945357	0.765485
  904	17043	  658	  503	0.01242903	!	272.418732	21917.945357	0.777914
  904	17043	  659	  503	0.00405254	!	88.823451	21917.945357	0.781967
  904	17043	  660	  503	0.00004759	!	1.043062	21917.945357	0.782014
  904	17043	  641	  504	0.00000006	!	0.001226	21917.945357	0.782014
  904	17043	  642	  504	0.00021470	!	4.705883	21917.945357	0.782229
  904	17043	  643	  504	0.00000037	!	0.008106	21917.945357	0.782229
  904	17043	  644	  504	0.00000062	!	0.013575	21917.945357	0.782230
  904	17043	  645	  504	0.00261002	!	57.206277	21917.945357	0.784840
  904	17043	  646	  504	0.00182341	!	39.965360	21917.945357	0.786663
  904	17043	  647	  504	0.00150497	!	32.985856	21917.945357	0.788168
  904	17043	  648	  504	0.00036051	!	7.901542	21917.945357	0.788529
  904	17043	  649	  504	0.00011550	!	2.531536	21917.945357	0.788644
  904	17043	  650	  504	0.00024980	!	5.475028	21917.945357	0.788894
  904	17043	  651	  504	0.00272655	!	59.760321	21917.945357	0.791621
  904	17043	  652	  504	0.00183172	!	40.147459	21917.945357	0.793453
  904	17043	  653	  504	0.00053493	!	11.724628	21917.945357	0.793987
  904	17043	  654	  504	0.00027400	!	6.005437	21917.945357	0.794261
  904	17043	  655	  504	0.00198245	!	43.451173	21917.945357	0.796244
  904	17043	  656	  504	0.00000399	!	0.087485	21917.945357	0.796248
  904	17043	  657	  504	0.00105456	!	23.113694	21917.945357	0.797302
  904	17043	  658	  504	0.00502625	!	110.165006	21917.945357	0.802329
  904	17043	  659	  504	0.00282783	!	61.980184	21917.945357	0.805157
  904	17043	  638	  505	0.00004448	!	0.974984	21917.945357	0.805201
  904	17043	  639	  505	0.00000017	!	0.003661	21917.945357	0.805201
  904	17043	  642	  505	0.00000020	!	0.004329	21917.945357	0.805201
  904	17043	  643	  505	0.00004794	!	1.050812	21917.945357	0.805249
  904	17043	  644	  505	0.00000008	!	0.001813	21917.945357	0.805249
  904	17043	  645	  505	0.00000240	!	0.052613	21917.945357	0.805252
  904	17043	  646	  505	0.00000168	!	0.036720	21917.945357	0.805253
  904	17043	  647	  505	0.00019639	!	4.304449	21917.945357	0.805450
  904	17043	  648	  505	0.00021330	!	4.675125	21917.945357	0.805663
  904	17043	  649	  505	0.00067252	!	14.740180	21917.945357	0.806336
  904	17043	  650	  505	0.00090784	!	19.898086	21917.945357	0.807244
  904	17043	  651	  505	0.00056596	!	12.404632	21917.945357	0.807809
  904	17043	  652	  505	0.00035321	!	7.741742	21917.945357	0.808163
  904	17043	  653	  505	0.00043294	!	9.489149	21917.945357	0.808596
  904	17043	  654	  505	0.00015415	!	3.378582	21917.945357	0.808750
  904	17043	  655	  505	0.00000209	!	0.045836	21917.945357	0.808752
  904	17043	  656	  505	0.00000000	!	0.000070	21917.945357	0.808752
  904	17043	  657	  505	0.00016478	!	3.611724	21917.945357	0.808917
  904	17043	  658	  505	0.00073606	!	16.132901	21917.945357	0.809653
  904	17043	  659	  505	0.00893816	!	195.906049	21917.945357	0.818591
  904	17043	  638	  506	0.00000005	!	0.001001	21917.945357	0.818591
  904	17043	  639	  506	0.00026357	!	5.776968	21917.945357	0.818854
  904	17043	  640	  506	0.00806175	!	176.696970	21917.945357	0.826916
  904	17043	  641	  506	0.00118673	!	26.010623	21917.945357	0.828103
  904	17043	  642	  506	0.00000202	!	0.044198	21917.945357	0.828105
  904	17043	  643	  506	0.00010813	!	2.369961	21917.945357	0.828213
  904	17043	  644	  506	0.00004221	!	0.925119	21917.945357	0.828255
  904	17043	  645	  506	0.00017832	!	3.908490	21917.945357	0.828434
  904	17043	  646	  506	0.00164149	!	35.978010	21917.945357	0.830075
  904	17043	  647	  506	0.00277269	!	60.771758	21917.945357	0.832848
  904	17043	  648	  506	0.00037355	!	8.187460	21917.945357	0.833221
  904	17043	  649	  506	0.00000126	!	0.027628	21917.945357	0.833223
  904	17043	  650	  506	0.00000084	!	0.018349	21917.945357	0.833223
  904	17043	  651	  506	0.00000052	!	0.011391	21917.945357	0.833224
  904	17043	  652	  506	0.00000032	!	0.007107	21917.945357	0.833224
  904	17043	  653	  506	0.00015181	!	3.327336	21917.945357	0.833376
  904	17043	  654	  506	0.00000041	!	0.008918	21917.945357	0.833377
  904	17043	  655	  506	0.00139803	!	30.641930	21917.945357	0.834775
  904	17043	  656	  506	0.00022068	!	4.836902	21917.945357	0.834995
  904	17043	  657	  506	0.00951585	!	208.567869	21917.945357	0.844511
  904	17043	  658	  506	0.00934107	!	204.737151	21917.945357	0.853852
  904	17043	  659	  506	0.00645173	!	141.408694	21917.945357	0.860304
  904	17043	  640	  507	0.00001045	!	0.228993	21917.945357	0.860314
  904	17043	  641	  507	0.00001231	!	0.269722	21917.945357	0.860327
  904	17043	  642	  507	0.00005503	!	1.206095	21917.945357	0.860382
  904	17043	  643	  507	0.00057617	!	12.628552	21917.945357	0.860958
  904	17043	  644	  507	0.00539767	!	118.305776	21917.945357	0.866356
  904	17043	  645	  507	0.00151144	!	33.127574	21917.945357	0.867867
  904	17043	  646	  507	0.00551686	!	120.918281	21917.945357	0.873384
  904	17043	  647	  507	0.00116706	!	25.579572	21917.945357	0.874551
  904	17043	  648	  507	0.00194469	!	42.623669	21917.945357	0.876496
  904	17043	  649	  507	0.00192328	!	42.154452	21917.945357	0.878419
  904	17043	  650	  507	0.00284686	!	62.397255	21917.945357	0.881266
  904	17043	  651	  507	0.00059579	!	13.058548	21917.945357	0.881862
  904	17043	  652	  507	0.01417337	!	310.651078	21917.945357	0.896035
  904	17043	  653	  507	0.01203987	!	263.889209	21917.945357	0.908075
  904	17043	  654	  507	0.00207600	!	45.501671	21917.945357	0.910151
  904	17043	  655	  507	0.00301647	!	66.114862	21917.945357	0.913167
  904	17043	  656	  507	0.00143483	!	31.448556	21917.945357	0.914602
  904	17043	  657	  507	0.00575231	!	126.078891	21917.945357	0.920354
  904	17043	  658	  507	0.00041656	!	9.130135	21917.945357	0.920771
  904	17043	  659	  507	0.00000622	!	0.136251	21917.945357	0.920777
  904	17043	  648	  508	0.00027193	!	5.960174	21917.945357	0.921049
  904	17043	  649	  508	0.00022401	!	4.909946	21917.945357	0.921273
  904	17043	  650	  508	0.00008880	!	1.946302	21917.945357	0.921362
  904	17043	  651	  508	0.00311710	!	68.320402	21917.945357	0.924479
  904	17043	  652	  508	0.00151138	!	33.126325	21917.945357	0.925990
  904	17043	  653	  508	0.00117991	!	25.861223	21917.945357	0.927170
  904	17043	  654	  508	0.00164860	!	36.134019	21917.945357	0.928819
  904	17043	  655	  508	0.00723671	!	158.613769	21917.945357	0.936056
  904	17043	  656	  508	0.02400400	!	526.118371	21917.945357	0.960060
  904	17043	  657	  508	0.02695319	!	590.758497	21917.945357	0.987013
  904	17043	  658	  508	0.00128561	!	28.177879	21917.945357	0.988298
  904	17043	  659	  508	0.00057536	!	12.610802	21917.945357	0.988874
  904	17043	  656	  509	0.00115048	!	25.216123	21917.945357	0.990024
  904	17043	  657	  509	0.00817771	!	179.238695	21917.945357	0.998202
  904	17043	  658	  509	0.00163403	!	35.814498	21917.945357	0.999836
  904	17043	  659	  509	0.00016404	!	3.595398	21917.945357	1.000000
  904	17099	  597	  423	0.00239937	!	14.731329	6139.676975	0.002399
  904	17099	  598	  423	0.00000441	!	0.027081	6139.676975	0.002404
  904	17099	  596	  424	0.00000094	!	0.005788	6139.676975	0.002405
  904	17099	  597	  424	0.00000212	!	0.012999	6139.676975	0.002407
  904	17099	  598	  424	0.00000000	!	0.000019	6139.676975	0.002407
  904	17099	  596	  425	0.00000001	!	0.000072	6139.676975	0.002407
  904	17099	  597	  425	0.00000000	!	0.000011	6139.676975	0.002407
  904	17099	  604	  426	0.00330394	!	20.285151	6139.676975	0.005711
  904	17099	  604	  427	0.00000179	!	0.010977	6139.676975	0.005713
  904	17099	  594	  430	0.00119663	!	7.346950	6139.676975	0.006909
  904	17099	  595	  430	0.00000192	!	0.011779	6139.676975	0.006911
  904	17099	  610	  430	0.00094566	!	5.806023	6139.676975	0.007857
  904	17099	  611	  430	0.00000122	!	0.007487	6139.676975	0.007858
  904	17099	  594	  431	0.00000088	!	0.005411	6139.676975	0.007859
  904	17099	  595	  431	0.00000000	!	0.000009	6139.676975	0.007859
  904	17099	  610	  431	0.00000295	!	0.018103	6139.676975	0.007862
  904	17099	  611	  431	0.00000000	!	0.000030	6139.676975	0.007862
  904	17099	  609	  432	0.00080658	!	4.952123	6139.676975	0.008668
  904	17099	  610	  432	0.02207430	!	135.529100	6139.676975	0.030743
  904	17099	  611	  432	0.00003627	!	0.222659	6139.676975	0.030779
  904	17099	  609	  433	0.00063811	!	3.917764	6139.676975	0.031417
  904	17099	  610	  433	0.00395824	!	24.302314	6139.676975	0.035375
  904	17099	  611	  433	0.00000650	!	0.039918	6139.676975	0.035382
  904	17099	  609	  434	0.00309099	!	18.977695	6139.676975	0.038473
  904	17099	  610	  434	0.00000800	!	0.049131	6139.676975	0.038481
  904	17099	  611	  434	0.00000000	!	0.000030	6139.676975	0.038481
  904	17099	  609	  435	0.00000231	!	0.014162	6139.676975	0.038483
  904	17099	  610	  435	0.00000000	!	0.000023	6139.676975	0.038483
  904	17099	  620	  435	0.00114187	!	7.010704	6139.676975	0.039625
  904	17099	  621	  435	0.00000190	!	0.011693	6139.676975	0.039627
  904	17099	  595	  436	0.00215130	!	13.208265	6139.676975	0.041778
  904	17099	  596	  436	0.00000345	!	0.021209	6139.676975	0.041782
  904	17099	  620	  436	0.00000086	!	0.005250	6139.676975	0.041783
  904	17099	  621	  436	0.00000000	!	0.000009	6139.676975	0.041783
  904	17099	  595	  437	0.00000162	!	0.009924	6139.676975	0.041784
  904	17099	  596	  437	0.00000000	!	0.000016	6139.676975	0.041784
  904	17099	  594	  439	0.00657971	!	40.397282	6139.676975	0.048364
  904	17099	  595	  439	0.00001055	!	0.064767	6139.676975	0.048374
  904	17099	  594	  440	0.00000499	!	0.030651	6139.676975	0.048379
  904	17099	  595	  440	0.00000001	!	0.000049	6139.676975	0.048379
  904	17099	  619	  442	0.00087428	!	5.367793	6139.676975	0.049254
  904	17099	  620	  442	0.00000146	!	0.008939	6139.676975	0.049255
  904	17099	  619	  443	0.00000067	!	0.004113	6139.676975	0.049256
  904	17099	  620	  443	0.00000000	!	0.000007	6139.676975	0.049256
  904	17099	  592	  444	0.04416094	!	271.133888	6139.676975	0.093417
  904	17099	  593	  444	0.00104730	!	6.430062	6139.676975	0.094464
  904	17099	  594	  444	0.00184549	!	11.330737	6139.676975	0.096310
  904	17099	  595	  444	0.00000296	!	0.018151	6139.676975	0.096313
  904	17099	  592	  445	0.00335302	!	20.586472	6139.676975	0.099666
  904	17099	  593	  445	0.03980632	!	244.397951	6139.676975	0.139472
  904	17099	  594	  445	0.00006513	!	0.399903	6139.676975	0.139537
  904	17099	  595	  445	0.00000000	!	0.000014	6139.676975	0.139537
  904	17099	  589	  446	0.00496258	!	30.468665	6139.676975	0.144500
  904	17099	  590	  446	0.00000789	!	0.048471	6139.676975	0.144507
  904	17099	  592	  446	0.00000257	!	0.015764	6139.676975	0.144510
  904	17099	  593	  446	0.00003079	!	0.189068	6139.676975	0.144541
  904	17099	  594	  446	0.00000005	!	0.000303	6139.676975	0.144541
  904	17099	  588	  447	0.00560283	!	34.399553	6139.676975	0.150144
  904	17099	  589	  447	0.00001275	!	0.078286	6139.676975	0.150156
  904	17099	  590	  447	0.00721973	!	44.326780	6139.676975	0.157376
  904	17099	  591	  447	0.01528182	!	93.825466	6139.676975	0.172658
  904	17099	  592	  447	0.00361167	!	22.174479	6139.676975	0.176270
  904	17099	  593	  447	0.00000573	!	0.035202	6139.676975	0.176275
  904	17099	  588	  448	0.00000436	!	0.026783	6139.676975	0.176280
  904	17099	  589	  448	0.00000001	!	0.000043	6139.676975	0.176280
  904	17099	  590	  448	0.00025618	!	1.572874	6139.676975	0.176536
  904	17099	  591	  448	0.00001230	!	0.075502	6139.676975	0.176548
  904	17099	  592	  448	0.00231181	!	14.193793	6139.676975	0.178860
  904	17099	  593	  448	0.00000369	!	0.022686	6139.676975	0.178864
  904	17099	  597	  448	0.00047652	!	2.925675	6139.676975	0.179340
  904	17099	  598	  448	0.00000077	!	0.004712	6139.676975	0.179341
  904	17099	  605	  448	0.00064791	!	3.977935	6139.676975	0.179989
  904	17099	  606	  448	0.00000106	!	0.006486	6139.676975	0.179990
  904	17099	  607	  448	0.00315855	!	19.392500	6139.676975	0.183149
  904	17099	  608	  448	0.00105998	!	6.507959	6139.676975	0.184209
  904	17099	  609	  448	0.00000173	!	0.010608	6139.676975	0.184210
  904	17099	  623	  448	0.00286898	!	17.614598	6139.676975	0.187079
  904	17099	  589	  449	0.00368204	!	22.606554	6139.676975	0.190761
  904	17099	  590	  449	0.00140773	!	8.643003	6139.676975	0.192169
  904	17099	  591	  449	0.00109005	!	6.692546	6139.676975	0.193259
  904	17099	  592	  449	0.00000354	!	0.021731	6139.676975	0.193263
  904	17099	  593	  449	0.00000000	!	0.000018	6139.676975	0.193263
  904	17099	  597	  449	0.00000037	!	0.002285	6139.676975	0.193263
  904	17099	  598	  449	0.00000000	!	0.000004	6139.676975	0.193263
  904	17099	  605	  449	0.00284466	!	17.465320	6139.676975	0.196108
  904	17099	  606	  449	0.00000464	!	0.028478	6139.676975	0.196112
  904	17099	  607	  449	0.00094168	!	5.781604	6139.676975	0.197054
  904	17099	  608	  449	0.00000236	!	0.014514	6139.676975	0.197056
  904	17099	  609	  449	0.00000000	!	0.000008	6139.676975	0.197056
  904	17099	  611	  449	0.00298611	!	18.333772	6139.676975	0.200042
  904	17099	  612	  449	0.00000491	!	0.030168	6139.676975	0.200047
  904	17099	  613	  449	0.00246525	!	15.135827	6139.676975	0.202513
  904	17099	  614	  449	0.00000407	!	0.024981	6139.676975	0.202517
  904	17099	  615	  449	0.00176381	!	10.829238	6139.676975	0.204280
  904	17099	  616	  449	0.00000292	!	0.017927	6139.676975	0.204283
  904	17099	  617	  449	0.02289053	!	140.540484	6139.676975	0.227174
  904	17099	  618	  449	0.00003801	!	0.233348	6139.676975	0.227212
  904	17099	  619	  449	0.00429963	!	26.398355	6139.676975	0.231512
  904	17099	  620	  449	0.00000716	!	0.043962	6139.676975	0.231519
  904	17099	  622	  449	0.00046809	!	2.873899	6139.676975	0.231987
  904	17099	  623	  449	0.00020616	!	1.265765	6139.676975	0.232193
  904	17099	  587	  450	0.00312903	!	19.211238	6139.676975	0.235322
  904	17099	  588	  450	0.17745881	!	1089.539747	6139.676975	0.412781
  904	17099	  589	  450	0.04955525	!	304.253208	6139.676975	0.462336
  904	17099	  590	  450	0.02163298	!	132.819514	6139.676975	0.483969
  904	17099	  591	  450	0.16392052	!	1006.419014	6139.676975	0.647890
  904	17099	  592	  450	0.00026153	!	1.605712	6139.676975	0.648151
  904	17099	  596	  450	0.00096865	!	5.947206	6139.676975	0.649120
  904	17099	  597	  450	0.00140780	!	8.643460	6139.676975	0.650528
  904	17099	  598	  450	0.00000227	!	0.013907	6139.676975	0.650530
  904	17099	  601	  450	0.00360107	!	22.109436	6139.676975	0.654131
  904	17099	  602	  450	0.00000584	!	0.035831	6139.676975	0.654137
  904	17099	  605	  450	0.00374605	!	22.999548	6139.676975	0.657883
  904	17099	  606	  450	0.00000611	!	0.037502	6139.676975	0.657889
  904	17099	  607	  450	0.00289319	!	17.763279	6139.676975	0.660782
  904	17099	  608	  450	0.00000473	!	0.029052	6139.676975	0.660787
  904	17099	  611	  450	0.00075552	!	4.638629	6139.676975	0.661542
  904	17099	  612	  450	0.00000124	!	0.007633	6139.676975	0.661544
  904	17099	  613	  450	0.00000193	!	0.011860	6139.676975	0.661546
  904	17099	  614	  450	0.00000000	!	0.000020	6139.676975	0.661546
  904	17099	  615	  450	0.00000138	!	0.008485	6139.676975	0.661547
  904	17099	  616	  450	0.00000000	!	0.000014	6139.676975	0.661547
  904	17099	  617	  450	0.00001794	!	0.110119	6139.676975	0.661565
  904	17099	  618	  450	0.00000003	!	0.000183	6139.676975	0.661565
  904	17099	  619	  450	0.00000337	!	0.020684	6139.676975	0.661568
  904	17099	  620	  450	0.00000001	!	0.000034	6139.676975	0.661568
  904	17099	  622	  450	0.00000037	!	0.002252	6139.676975	0.661569
  904	17099	  623	  450	0.00000013	!	0.000822	6139.676975	0.661569
  904	17099	  587	  451	0.00000267	!	0.016364	6139.676975	0.661571
  904	17099	  588	  451	0.00013949	!	0.856397	6139.676975	0.661711
  904	17099	  589	  451	0.01267187	!	77.801219	6139.676975	0.674383
  904	17099	  590	  451	0.00003710	!	0.227782	6139.676975	0.674420
  904	17099	  591	  451	0.00012884	!	0.791059	6139.676975	0.674549
  904	17099	  592	  451	0.00000021	!	0.001262	6139.676975	0.674549
  904	17099	  596	  451	0.03895486	!	239.170271	6139.676975	0.713504
  904	17099	  597	  451	0.02532098	!	155.462625	6139.676975	0.738825
  904	17099	  598	  451	0.00004068	!	0.249785	6139.676975	0.738865
  904	17099	  601	  451	0.00000283	!	0.017378	6139.676975	0.738868
  904	17099	  602	  451	0.00000000	!	0.000028	6139.676975	0.738868
  904	17099	  605	  451	0.00000294	!	0.018067	6139.676975	0.738871
  904	17099	  606	  451	0.00137682	!	8.453232	6139.676975	0.740248
  904	17099	  607	  451	0.00632528	!	38.835190	6139.676975	0.746573
  904	17099	  608	  451	0.00001034	!	0.063494	6139.676975	0.746584
  904	17099	  609	  451	0.00152596	!	9.368892	6139.676975	0.748110
  904	17099	  610	  451	0.00098812	!	6.066747	6139.676975	0.749098
  904	17099	  611	  451	0.00000221	!	0.013577	6139.676975	0.749100
  904	17099	  612	  451	0.00000000	!	0.000006	6139.676975	0.749100
  904	17099	  589	  452	0.00000996	!	0.061157	6139.676975	0.749110
  904	17099	  590	  452	0.00000002	!	0.000097	6139.676975	0.749110
  904	17099	  596	  452	0.00003072	!	0.188581	6139.676975	0.749141
  904	17099	  597	  452	0.00001996	!	0.122576	6139.676975	0.749161
  904	17099	  598	  452	0.00000003	!	0.000197	6139.676975	0.749161
  904	17099	  606	  452	0.00000109	!	0.006665	6139.676975	0.749162
  904	17099	  607	  452	0.00729164	!	44.768324	6139.676975	0.756453
  904	17099	  608	  452	0.00483166	!	29.664849	6139.676975	0.761285
  904	17099	  609	  452	0.00000910	!	0.055859	6139.676975	0.761294
  904	17099	  610	  452	0.00000078	!	0.004784	6139.676975	0.761295
  904	17099	  611	  452	0.00000000	!	0.000008	6139.676975	0.761295
  904	17099	  615	  452	0.01160209	!	71.233083	6139.676975	0.772897
  904	17099	  616	  452	0.00001921	!	0.117919	6139.676975	0.772916
  904	17099	  607	  453	0.01676398	!	102.925419	6139.676975	0.789680
  904	17099	  608	  453	0.08096316	!	497.087657	6139.676975	0.870643
  904	17099	  609	  453	0.00013257	!	0.813962	6139.676975	0.870776
  904	17099	  610	  453	0.00532133	!	32.671233	6139.676975	0.876097
  904	17099	  611	  453	0.04381580	!	269.014883	6139.676975	0.919913
  904	17099	  612	  453	0.00007208	!	0.442566	6139.676975	0.919985
  904	17099	  615	  453	0.00099916	!	6.134517	6139.676975	0.920984
  904	17099	  616	  453	0.00000165	!	0.010155	6139.676975	0.920986
  904	17099	  607	  454	0.00001330	!	0.081639	6139.676975	0.920999
  904	17099	  608	  454	0.00884097	!	54.280708	6139.676975	0.929840
  904	17099	  609	  454	0.00001448	!	0.088912	6139.676975	0.929855
  904	17099	  610	  454	0.00000422	!	0.025923	6139.676975	0.929859
  904	17099	  611	  454	0.00003477	!	0.213451	6139.676975	0.929894
  904	17099	  612	  454	0.00000006	!	0.000351	6139.676975	0.929894
  904	17099	  615	  454	0.00000079	!	0.004823	6139.676975	0.929895
  904	17099	  616	  454	0.00000000	!	0.000008	6139.676975	0.929895
  904	17099	  608	  455	0.00000699	!	0.042890	6139.676975	0.929902
  904	17099	  609	  455	0.00000001	!	0.000070	6139.676975	0.929902
  904	17099	  588	  457	0.00817037	!	50.163404	6139.676975	0.938072
  904	17099	  589	  457	0.00001298	!	0.079677	6139.676975	0.938085
  904	17099	  609	  457	0.00506054	!	31.070056	6139.676975	0.943145
  904	17099	  610	  457	0.00261129	!	16.032457	6139.676975	0.945757
  904	17099	  611	  457	0.00000428	!	0.026257	6139.676975	0.945761
  904	17099	  588	  458	0.00000656	!	0.040300	6139.676975	0.945768
  904	17099	  589	  458	0.00000001	!	0.000064	6139.676975	0.945768
  904	17099	  592	  458	0.00602148	!	36.969923	6139.676975	0.951789
  904	17099	  593	  458	0.00000962	!	0.059089	6139.676975	0.951799
  904	17099	  609	  458	0.00000407	!	0.024961	6139.676975	0.951803
  904	17099	  610	  458	0.00000210	!	0.012880	6139.676975	0.951805
  904	17099	  611	  458	0.00131306	!	8.061752	6139.676975	0.953118
  904	17099	  612	  458	0.00000216	!	0.013265	6139.676975	0.953120
  904	17099	  592	  459	0.00000485	!	0.029792	6139.676975	0.953125
  904	17099	  593	  459	0.00000001	!	0.000048	6139.676975	0.953125
  904	17099	  611	  459	0.00000106	!	0.006497	6139.676975	0.953126
  904	17099	  612	  459	0.00000000	!	0.000011	6139.676975	0.953126
  904	17099	  588	  465	0.00177297	!	10.885434	6139.676975	0.954899
  904	17099	  589	  465	0.00291726	!	17.911014	6139.676975	0.957816
  904	17099	  590	  465	0.00228307	!	14.017283	6139.676975	0.960099
  904	17099	  591	  465	0.00000363	!	0.022289	6139.676975	0.960103
  904	17099	  588	  466	0.00048409	!	2.972160	6139.676975	0.960587
  904	17099	  589	  466	0.00274182	!	16.833879	6139.676975	0.963329
  904	17099	  590	  466	0.00185539	!	11.391522	6139.676975	0.965184
  904	17099	  591	  466	0.01826991	!	112.171364	6139.676975	0.983454
  904	17099	  592	  466	0.01494267	!	91.743164	6139.676975	0.998397
  904	17099	  593	  466	0.00002384	!	0.146346	6139.676975	0.998421
  904	17099	  588	  467	0.00000040	!	0.002447	6139.676975	0.998421
  904	17099	  589	  467	0.00000226	!	0.013887	6139.676975	0.998423
  904	17099	  590	  467	0.00000153	!	0.009396	6139.676975	0.998425
  904	17099	  591	  467	0.00001509	!	0.092618	6139.676975	0.998440
  904	17099	  592	  467	0.00001234	!	0.075751	6139.676975	0.998452
  904	17099	  593	  467	0.00000002	!	0.000121	6139.676975	0.998452
  904	17099	  621	  467	0.00014206	!	0.872190	6139.676975	0.998594
  904	17099	  621	  468	0.00000009	!	0.000544	6139.676975	0.998594
  904	17099	  600	  470	0.00140219	!	8.608996	6139.676975	0.999997
  904	17099	  601	  470	0.00000227	!	0.013931	6139.676975	0.999999
  904	17099	  600	  471	0.00000117	!	0.007194	6139.676975	1.000000
  904	17099	  601	  471	0.00000000	!	0.000012	6139.676975	1.000000
  904	17053	  642	  379	0.01025004	!	1.458710	142.312535	0.010250
  904	17053	  643	  379	0.30378758	!	43.232781	142.312535	0.314038
  904	17053	  644	  379	0.00963132	!	1.370657	142.312535	0.323669
  904	17053	  645	  379	0.00001573	!	0.002239	142.312535	0.323685
  904	17053	  641	  380	0.02599778	!	3.699810	142.312535	0.349682
  904	17053	  642	  380	0.04739556	!	6.744982	142.312535	0.397078
  904	17053	  643	  380	0.40465526	!	57.587516	142.312535	0.801733
  904	17053	  644	  380	0.00070342	!	0.100105	142.312535	0.802437
  904	17053	  645	  380	0.00000001	!	0.000001	142.312535	0.802437
  904	17053	  641	  381	0.00001592	!	0.002266	142.312535	0.802453
  904	17053	  642	  381	0.00002903	!	0.004131	142.312535	0.802482
  904	17053	  643	  381	0.00024775	!	0.035258	142.312535	0.802729
  904	17053	  644	  381	0.00000043	!	0.000061	142.312535	0.802730
  904	17053	  659	  381	0.05799023	!	8.252737	142.312535	0.860720
  904	17053	  660	  381	0.10401033	!	14.801973	142.312535	0.964730
  904	17053	  661	  381	0.00018362	!	0.026132	142.312535	0.964914
  904	17053	  662	  381	0.01345657	!	1.915038	142.312535	0.978371
  904	17053	  663	  381	0.00002385	!	0.003394	142.312535	0.978394
  904	17053	  659	  382	0.00003566	!	0.005075	142.312535	0.978430
  904	17053	  660	  382	0.00006397	!	0.009103	142.312535	0.978494
  904	17053	  661	  382	0.00000011	!	0.000016	142.312535	0.978494
  904	17053	  662	  382	0.00000828	!	0.001178	142.312535	0.978502
  904	17053	  663	  382	0.00000001	!	0.000002	142.312535	0.978502
  904	17053	  651	  389	0.02144649	!	3.052104	142.312535	0.999949
  904	17053	  652	  389	0.00003742	!	0.005325	142.312535	0.999986
  904	17053	  651	  390	0.00001361	!	0.001938	142.312535	1.000000
  904	17053	  652	  390	0.00000002	!	0.000003	142.312535	1.000000
  904	17011	  548	  441	0.00613846	!	6.721173	1094.928564	0.006138
  904	17011	  549	  441	0.00000914	!	0.010008	1094.928564	0.006148
  904	17011	  577	  441	0.00246127	!	2.694918	1094.928564	0.008609
  904	17011	  548	  442	0.00000469	!	0.005133	1094.928564	0.008614
  904	17011	  549	  442	0.00000001	!	0.000008	1094.928564	0.008614
  904	17011	  577	  442	0.00000485	!	0.005306	1094.928564	0.008618
  904	17011	  555	  444	0.00467331	!	5.116945	1094.928564	0.013292
  904	17011	  556	  444	0.00000704	!	0.007708	1094.928564	0.013299
  904	17011	  579	  444	0.00156655	!	1.715263	1094.928564	0.014865
  904	17011	  555	  445	0.00000360	!	0.003946	1094.928564	0.014869
  904	17011	  556	  445	0.00000001	!	0.000006	1094.928564	0.014869
  904	17011	  579	  445	0.00000690	!	0.007554	1094.928564	0.014876
  904	17011	  585	  445	0.00096627	!	1.057999	1094.928564	0.015842
  904	17011	  586	  445	0.00000178	!	0.001946	1094.928564	0.015844
  904	17011	  552	  446	0.00142596	!	1.561326	1094.928564	0.017270
  904	17011	  553	  446	0.00000214	!	0.002340	1094.928564	0.017272
  904	17011	  584	  446	0.00390341	!	4.273958	1094.928564	0.021175
  904	17011	  585	  446	0.00412526	!	4.516870	1094.928564	0.025301
  904	17011	  586	  446	0.00000651	!	0.007130	1094.928564	0.025307
  904	17011	  552	  447	0.00000111	!	0.001212	1094.928564	0.025308
  904	17011	  553	  447	0.00000000	!	0.000002	1094.928564	0.025308
  904	17011	  584	  447	0.00000303	!	0.003317	1094.928564	0.025311
  904	17011	  585	  447	0.00000320	!	0.003504	1094.928564	0.025315
  904	17011	  586	  447	0.00000001	!	0.000006	1094.928564	0.025315
  904	17011	  568	  448	0.00650512	!	7.122638	1094.928564	0.031820
  904	17011	  569	  448	0.00651482	!	7.133261	1094.928564	0.038334
  904	17011	  570	  448	0.00001003	!	0.010977	1094.928564	0.038344
  904	17011	  583	  448	0.07229135	!	79.153869	1094.928564	0.110636
  904	17011	  584	  448	0.00011393	!	0.124742	1094.928564	0.110750
  904	17011	  568	  449	0.00243762	!	2.669019	1094.928564	0.113187
  904	17011	  569	  449	0.00000883	!	0.009670	1094.928564	0.113196
  904	17011	  570	  449	0.00000001	!	0.000009	1094.928564	0.113196
  904	17011	  583	  449	0.02853080	!	31.239183	1094.928564	0.141727
  904	17011	  584	  449	0.02574837	!	28.192629	1094.928564	0.167475
  904	17011	  585	  449	0.00004057	!	0.044422	1094.928564	0.167516
  904	17011	  562	  450	0.26321401	!	288.200538	1094.928564	0.430730
  904	17011	  563	  450	0.00040109	!	0.439162	1094.928564	0.431131
  904	17011	  568	  450	0.01571993	!	17.212197	1094.928564	0.446851
  904	17011	  569	  450	0.04679466	!	51.236812	1094.928564	0.493646
  904	17011	  570	  450	0.00007208	!	0.078925	1094.928564	0.493718
  904	17011	  583	  450	0.00002231	!	0.024429	1094.928564	0.493740
  904	17011	  584	  450	0.00435492	!	4.768328	1094.928564	0.498095
  904	17011	  585	  450	0.00000687	!	0.007526	1094.928564	0.498102
  904	17011	  587	  450	0.01241118	!	13.589361	1094.928564	0.510513
  904	17011	  562	  451	0.00020689	!	0.226531	1094.928564	0.510720
  904	17011	  563	  451	0.00000032	!	0.000345	1094.928564	0.510720
  904	17011	  567	  451	0.04481347	!	49.067543	1094.928564	0.555534
  904	17011	  568	  451	0.38347212	!	419.874574	1094.928564	0.939006
  904	17011	  569	  451	0.01938933	!	21.229931	1094.928564	0.958395
  904	17011	  570	  451	0.00002897	!	0.031724	1094.928564	0.958424
  904	17011	  584	  451	0.00000341	!	0.003731	1094.928564	0.958428
  904	17011	  585	  451	0.00000001	!	0.000006	1094.928564	0.958428
  904	17011	  586	  451	0.00883209	!	9.670504	1094.928564	0.967260
  904	17011	  587	  451	0.00002259	!	0.024730	1094.928564	0.967282
  904	17011	  567	  452	0.00003534	!	0.038690	1094.928564	0.967318
  904	17011	  568	  452	0.02580499	!	28.254622	1094.928564	0.993123
  904	17011	  569	  452	0.00005450	!	0.059674	1094.928564	0.993177
  904	17011	  570	  452	0.00000002	!	0.000025	1094.928564	0.993177
  904	17011	  586	  452	0.00000696	!	0.007625	1094.928564	0.993184
  904	17011	  587	  452	0.00000001	!	0.000012	1094.928564	0.993184
  904	17011	  568	  453	0.00002017	!	0.022087	1094.928564	0.993204
  904	17011	  569	  453	0.00000003	!	0.000034	1094.928564	0.993204
  904	17011	  554	  455	0.00292613	!	3.203898	1094.928564	0.996130
  904	17011	  555	  455	0.00000440	!	0.004818	1094.928564	0.996135
  904	17011	  554	  456	0.00000234	!	0.002558	1094.928564	0.996137
  904	17011	  555	  456	0.00000000	!	0.000004	1094.928564	0.996137
  904	17011	  558	  464	0.00293773	!	3.216608	1094.928564	0.999075
  904	17011	  559	  464	0.00092063	!	1.008029	1094.928564	0.999995
  904	17011	  560	  464	0.00000139	!	0.001521	1094.928564	0.999997
  904	17011	  558	  465	0.00000241	!	0.002640	1094.928564	0.999999
  904	17011	  559	  465	0.00000076	!	0.000827	1094.928564	1.000000
  904	17011	  560	  465	0.00000000	!	0.000001	1094.928564	1.000000
  904	17165	  655	  146	0.00092341	!	1.090369	1180.811206	0.000923
  904	17165	  656	  146	0.00000162	!	0.001913	1180.811206	0.000925
  904	17165	  655	  147	0.00000003	!	0.000036	1180.811206	0.000925
  904	17165	  656	  147	0.00000000	!	0.000000	1180.811206	0.000925
  904	17165	  648	  149	0.00219337	!	2.589956	1180.811206	0.003118
  904	17165	  649	  149	0.00203670	!	2.404961	1180.811206	0.005155
  904	17165	  650	  149	0.00000354	!	0.004176	1180.811206	0.005159
  904	17165	  648	  150	0.00000009	!	0.000105	1180.811206	0.005159
  904	17165	  649	  150	0.00000008	!	0.000097	1180.811206	0.005159
  904	17165	  650	  150	0.00000000	!	0.000000	1180.811206	0.005159
  904	17165	  644	  152	0.00151402	!	1.787767	1180.811206	0.006673
  904	17165	  645	  152	0.00528454	!	6.240041	1180.811206	0.011957
  904	17165	  646	  152	0.00000914	!	0.010789	1180.811206	0.011967
  904	17165	  643	  153	0.01256375	!	14.835420	1180.811206	0.024530
  904	17165	  644	  153	0.00002789	!	0.032936	1180.811206	0.024558
  904	17165	  645	  153	0.00000025	!	0.000299	1180.811206	0.024558
  904	17165	  646	  153	0.00000000	!	0.000001	1180.811206	0.024558
  904	17165	  653	  153	0.00154173	!	1.820487	1180.811206	0.026100
  904	17165	  654	  153	0.02735142	!	32.296862	1180.811206	0.053452
  904	17165	  655	  153	0.00170230	!	2.010095	1180.811206	0.055154
  904	17165	  656	  153	0.00000290	!	0.003428	1180.811206	0.055157
  904	17165	  643	  154	0.00000068	!	0.000802	1180.811206	0.055157
  904	17165	  644	  154	0.00000000	!	0.000002	1180.811206	0.055157
  904	17165	  653	  154	0.81318397	!	960.216738	1180.811206	0.868341
  904	17165	  654	  154	0.02103772	!	24.841574	1180.811206	0.889379
  904	17165	  655	  154	0.01106928	!	13.070730	1180.811206	0.900448
  904	17165	  656	  154	0.00001936	!	0.022864	1180.811206	0.900468
  904	17165	  653	  155	0.00004294	!	0.050702	1180.811206	0.900511
  904	17165	  654	  155	0.00000111	!	0.001312	1180.811206	0.900512
  904	17165	  655	  155	0.00000058	!	0.000690	1180.811206	0.900512
  904	17165	  656	  155	0.00000000	!	0.000001	1180.811206	0.900512
  904	17165	  659	  160	0.02485957	!	29.354463	1180.811206	0.925372
  904	17165	  660	  160	0.05038340	!	59.493282	1180.811206	0.975755
  904	17165	  661	  160	0.00008896	!	0.105042	1180.811206	0.975844
  904	17165	  659	  161	0.00333044	!	3.932627	1180.811206	0.979175
  904	17165	  660	  161	0.00427656	!	5.049812	1180.811206	0.983451
  904	17165	  661	  161	0.00000755	!	0.008912	1180.811206	0.983459
  904	17165	  648	  162	0.00516918	!	6.103828	1180.811206	0.988628
  904	17165	  649	  162	0.00000898	!	0.010604	1180.811206	0.988637
  904	17165	  659	  162	0.00000023	!	0.000276	1180.811206	0.988637
  904	17165	  660	  162	0.00000030	!	0.000354	1180.811206	0.988638
  904	17165	  661	  162	0.00000000	!	0.000001	1180.811206	0.988638
  904	17165	  648	  163	0.00000038	!	0.000443	1180.811206	0.988638
  904	17165	  649	  163	0.00000000	!	0.000001	1180.811206	0.988638
  904	17165	  642	  164	0.00579343	!	6.840948	1180.811206	0.994431
  904	17165	  643	  164	0.00555812	!	6.563095	1180.811206	0.999990
  904	17165	  644	  164	0.00000957	!	0.011295	1180.811206	0.999999
  904	17165	  642	  165	0.00000048	!	0.000561	1180.811206	1.000000
  904	17165	  643	  165	0.00000043	!	0.000509	1180.811206	1.000000
  904	17165	  644	  165	0.00000000	!	0.000001	1180.811206	1.000000
  904	17141	  586	  494	0.00134990	!	4.821064	3571.428992	0.001350
  904	17141	  587	  494	0.00000214	!	0.007634	3571.428992	0.001352
  904	17141	  589	  494	0.13192408	!	471.157477	3571.428992	0.133276
  904	17141	  590	  494	0.00019630	!	0.701079	3571.428992	0.133472
  904	17141	  591	  494	0.07198118	!	257.075665	3571.428992	0.205454
  904	17141	  592	  494	0.00010451	!	0.373257	3571.428992	0.205558
  904	17141	  586	  495	0.00000121	!	0.004315	3571.428992	0.205559
  904	17141	  587	  495	0.00000000	!	0.000007	3571.428992	0.205559
  904	17141	  588	  495	0.00512368	!	18.298877	3571.428992	0.210683
  904	17141	  589	  495	0.00208659	!	7.452101	3571.428992	0.212770
  904	17141	  590	  495	0.07892222	!	281.865087	3571.428992	0.291692
  904	17141	  591	  495	0.14195999	!	507.000026	3571.428992	0.433652
  904	17141	  592	  495	0.00860062	!	30.716507	3571.428992	0.442252
  904	17141	  593	  495	0.00001338	!	0.047802	3571.428992	0.442266
  904	17141	  596	  495	0.00108320	!	3.868590	3571.428992	0.443349
  904	17141	  597	  495	0.00000174	!	0.006222	3571.428992	0.443351
  904	17141	  587	  496	0.00116532	!	4.161862	3571.428992	0.444516
  904	17141	  588	  496	0.02002209	!	71.507481	3571.428992	0.464538
  904	17141	  589	  496	0.02285340	!	81.619313	3571.428992	0.487392
  904	17141	  590	  496	0.00256589	!	9.163897	3571.428992	0.489957
  904	17141	  591	  496	0.00013124	!	0.468710	3571.428992	0.490089
  904	17141	  592	  496	0.00000772	!	0.027570	3571.428992	0.490096
  904	17141	  593	  496	0.00000001	!	0.000043	3571.428992	0.490096
  904	17141	  596	  496	0.00000097	!	0.003472	3571.428992	0.490097
  904	17141	  597	  496	0.00000000	!	0.000006	3571.428992	0.490097
  904	17141	  587	  497	0.00000105	!	0.003746	3571.428992	0.490098
  904	17141	  588	  497	0.00001802	!	0.064346	3571.428992	0.490116
  904	17141	  589	  497	0.01016231	!	36.293980	3571.428992	0.500279
  904	17141	  590	  497	0.00142097	!	5.074888	3571.428992	0.501700
  904	17141	  591	  497	0.00571873	!	20.424024	3571.428992	0.507418
  904	17141	  592	  497	0.00000912	!	0.032580	3571.428992	0.507428
  904	17141	  593	  497	0.00097446	!	3.480207	3571.428992	0.508402
  904	17141	  594	  497	0.00736380	!	26.299279	3571.428992	0.515766
  904	17141	  595	  497	0.00001180	!	0.042155	3571.428992	0.515778
  904	17141	  589	  498	0.00166261	!	5.937901	3571.428992	0.517440
  904	17141	  590	  498	0.00359677	!	12.845623	3571.428992	0.521037
  904	17141	  591	  498	0.22055488	!	787.696089	3571.428992	0.741592
  904	17141	  592	  498	0.11199175	!	399.970576	3571.428992	0.853584
  904	17141	  593	  498	0.00017931	!	0.640400	3571.428992	0.853763
  904	17141	  594	  498	0.00000665	!	0.023736	3571.428992	0.853770
  904	17141	  595	  498	0.00121483	!	4.338688	3571.428992	0.854984
  904	17141	  596	  498	0.00000195	!	0.006967	3571.428992	0.854986
  904	17141	  557	  499	0.00126415	!	4.514825	3571.428992	0.856251
  904	17141	  558	  499	0.00000191	!	0.006824	3571.428992	0.856252
  904	17141	  589	  499	0.00337696	!	12.060562	3571.428992	0.859629
  904	17141	  590	  499	0.00000862	!	0.030799	3571.428992	0.859638
  904	17141	  591	  499	0.00019960	!	0.712863	3571.428992	0.859838
  904	17141	  592	  499	0.00010135	!	0.361981	3571.428992	0.859939
  904	17141	  593	  499	0.00000016	!	0.000577	3571.428992	0.859939
  904	17141	  595	  499	0.00000110	!	0.003927	3571.428992	0.859940
  904	17141	  596	  499	0.00000000	!	0.000006	3571.428992	0.859940
  904	17141	  557	  500	0.00573283	!	20.474410	3571.428992	0.865673
  904	17141	  558	  500	0.00000866	!	0.030945	3571.428992	0.865682
  904	17141	  571	  500	0.00379508	!	13.553870	3571.428992	0.869477
  904	17141	  572	  500	0.00411003	!	14.678698	3571.428992	0.873587
  904	17141	  573	  500	0.00000636	!	0.022699	3571.428992	0.873593
  904	17141	  589	  500	0.00000306	!	0.010940	3571.428992	0.873596
  904	17141	  590	  500	0.00000000	!	0.000017	3571.428992	0.873596
  904	17141	  557	  501	0.00000522	!	0.018628	3571.428992	0.873602
  904	17141	  558	  501	0.00000001	!	0.000028	3571.428992	0.873602
  904	17141	  570	  501	0.01179593	!	42.128328	3571.428992	0.885397
  904	17141	  571	  501	0.00002166	!	0.077366	3571.428992	0.885419
  904	17141	  572	  501	0.00000374	!	0.013357	3571.428992	0.885423
  904	17141	  573	  501	0.00739559	!	26.412838	3571.428992	0.892818
  904	17141	  574	  501	0.00001147	!	0.040969	3571.428992	0.892830
  904	17141	  570	  502	0.00001076	!	0.038440	3571.428992	0.892841
  904	17141	  571	  502	0.00000002	!	0.000059	3571.428992	0.892841
  904	17141	  572	  502	0.00976282	!	34.867203	3571.428992	0.902604
  904	17141	  573	  502	0.00002187	!	0.078097	3571.428992	0.902625
  904	17141	  574	  502	0.00000001	!	0.000037	3571.428992	0.902625
  904	17141	  572	  503	0.00203386	!	7.263771	3571.428992	0.904659
  904	17141	  573	  503	0.00000315	!	0.011249	3571.428992	0.904662
  904	17141	  572	  504	0.00000186	!	0.006635	3571.428992	0.904664
  904	17141	  573	  504	0.00000000	!	0.000010	3571.428992	0.904664
  904	17141	  590	  504	0.00295132	!	10.540422	3571.428992	0.907616
  904	17141	  591	  504	0.00079663	!	2.845100	3571.428992	0.908412
  904	17141	  592	  504	0.00000126	!	0.004513	3571.428992	0.908413
  904	17141	  565	  505	0.00311750	!	11.133942	3571.428992	0.911531
  904	17141	  566	  505	0.00078391	!	2.799679	3571.428992	0.912315
  904	17141	  567	  505	0.00000119	!	0.004268	3571.428992	0.912316
  904	17141	  590	  505	0.00000271	!	0.009696	3571.428992	0.912319
  904	17141	  591	  505	0.00000073	!	0.002617	3571.428992	0.912320
  904	17141	  592	  505	0.00000000	!	0.000004	3571.428992	0.912320
  904	17141	  565	  506	0.00000288	!	0.010270	3571.428992	0.912322
  904	17141	  566	  506	0.00000072	!	0.002582	3571.428992	0.912323
  904	17141	  567	  506	0.00000000	!	0.000004	3571.428992	0.912323
  904	17141	  596	  506	0.00042585	!	1.520884	3571.428992	0.912749
  904	17141	  575	  507	0.00256226	!	9.150918	3571.428992	0.915311
  904	17141	  576	  507	0.00000399	!	0.014240	3571.428992	0.915315
  904	17141	  590	  507	0.00071730	!	2.561789	3571.428992	0.916033
  904	17141	  591	  507	0.00000114	!	0.004082	3571.428992	0.916034
  904	17141	  596	  507	0.00000034	!	0.001227	3571.428992	0.916034
  904	17141	  575	  508	0.00507914	!	18.139778	3571.428992	0.921113
  904	17141	  576	  508	0.00000790	!	0.028227	3571.428992	0.921121
  904	17141	  590	  508	0.00000067	!	0.002376	3571.428992	0.921122
  904	17141	  591	  508	0.00000000	!	0.000004	3571.428992	0.921122
  904	17141	  575	  509	0.00000472	!	0.016859	3571.428992	0.921126
  904	17141	  576	  509	0.00000001	!	0.000026	3571.428992	0.921126
  904	17141	  556	  511	0.00130428	!	4.658160	3571.428992	0.922431
  904	17141	  557	  511	0.00000197	!	0.007029	3571.428992	0.922433
  904	17141	  579	  511	0.00189642	!	6.772947	3571.428992	0.924329
  904	17141	  580	  511	0.00000297	!	0.010607	3571.428992	0.924332
  904	17141	  581	  511	0.00036786	!	1.313774	3571.428992	0.924700
  904	17141	  582	  511	0.00000058	!	0.002064	3571.428992	0.924701
  904	17141	  587	  511	0.00029125	!	1.040164	3571.428992	0.924992
  904	17141	  588	  511	0.00000046	!	0.001650	3571.428992	0.924992
  904	17141	  590	  511	0.02621835	!	93.636972	3571.428992	0.951211
  904	17141	  591	  511	0.03587584	!	128.128017	3571.428992	0.987086
  904	17141	  592	  511	0.00005718	!	0.204229	3571.428992	0.987144
  904	17141	  556	  512	0.00000122	!	0.004366	3571.428992	0.987145
  904	17141	  557	  512	0.00000000	!	0.000007	3571.428992	0.987145
  904	17141	  576	  512	0.00334302	!	11.939355	3571.428992	0.990488
  904	17141	  577	  512	0.00000521	!	0.018608	3571.428992	0.990493
  904	17141	  579	  512	0.00000178	!	0.006348	3571.428992	0.990495
  904	17141	  580	  512	0.00000000	!	0.000010	3571.428992	0.990495
  904	17141	  581	  512	0.00181799	!	6.492815	3571.428992	0.992313
  904	17141	  582	  512	0.00000286	!	0.010200	3571.428992	0.992316
  904	17141	  587	  512	0.00000027	!	0.000975	3571.428992	0.992316
  904	17141	  588	  512	0.00000000	!	0.000002	3571.428992	0.992316
  904	17141	  590	  512	0.00002457	!	0.087761	3571.428992	0.992341
  904	17141	  591	  512	0.00173693	!	6.203306	3571.428992	0.994077
  904	17141	  592	  512	0.00000277	!	0.009899	3571.428992	0.994080
  904	17141	  576	  513	0.00000314	!	0.011220	3571.428992	0.994083
  904	17141	  577	  513	0.00000000	!	0.000017	3571.428992	0.994083
  904	17141	  581	  513	0.00000171	!	0.006100	3571.428992	0.994085
  904	17141	  582	  513	0.00000000	!	0.000010	3571.428992	0.994085
  904	17141	  591	  513	0.00000160	!	0.005717	3571.428992	0.994087
  904	17141	  592	  513	0.00000000	!	0.000009	3571.428992	0.994087
  904	17141	  586	  514	0.00035831	!	1.279669	3571.428992	0.994445
  904	17141	  587	  514	0.00000057	!	0.002026	3571.428992	0.994446
  904	17141	  586	  515	0.00000034	!	0.001209	3571.428992	0.994446
  904	17141	  587	  515	0.00108549	!	3.876736	3571.428992	0.995531
  904	17141	  588	  515	0.00000183	!	0.006541	3571.428992	0.995533
  904	17141	  589	  515	0.00056496	!	2.017725	3571.428992	0.996098
  904	17141	  590	  515	0.00000094	!	0.003345	3571.428992	0.996099
  904	17141	  589	  516	0.00001552	!	0.055446	3571.428992	0.996115
  904	17141	  590	  516	0.00000046	!	0.001627	3571.428992	0.996115
  904	17141	  559	  517	0.00387862	!	13.852211	3571.428992	0.999994
  904	17141	  560	  517	0.00000627	!	0.022409	3571.428992	1.000000
  904	17203	  582	  387	0.00240534	!	1.932749	803.524932	0.002405
  904	17203	  583	  387	0.00000818	!	0.006570	803.524932	0.002414
  904	17203	  587	  387	0.21095899	!	169.510810	803.524932	0.213373
  904	17203	  588	  387	0.17185069	!	138.086314	803.524932	0.385223
  904	17203	  589	  387	0.00027243	!	0.218903	803.524932	0.385496
  904	17203	  582	  388	0.00315742	!	2.537065	803.524932	0.388653
  904	17203	  583	  388	0.00000933	!	0.007493	803.524932	0.388662
  904	17203	  585	  388	0.03910063	!	31.418334	803.524932	0.427763
  904	17203	  586	  388	0.03311299	!	26.607111	803.524932	0.460876
  904	17203	  587	  388	0.00018521	!	0.148821	803.524932	0.461061
  904	17203	  588	  388	0.00010824	!	0.086977	803.524932	0.461169
  904	17203	  589	  388	0.00000017	!	0.000138	803.524932	0.461170
  904	17203	  582	  389	0.00000221	!	0.001774	803.524932	0.461172
  904	17203	  583	  389	0.00000001	!	0.000005	803.524932	0.461172
  904	17203	  585	  389	0.00002473	!	0.019867	803.524932	0.461197
  904	17203	  586	  389	0.00002094	!	0.016825	803.524932	0.461217
  904	17203	  587	  389	0.00000003	!	0.000027	803.524932	0.461218
  904	17203	  585	  395	0.00226130	!	1.817013	803.524932	0.463479
  904	17203	  586	  395	0.00000357	!	0.002873	803.524932	0.463482
  904	17203	  583	  396	0.03108062	!	24.974056	803.524932	0.494563
  904	17203	  584	  396	0.00327202	!	2.629148	803.524932	0.497835
  904	17203	  585	  396	0.00403799	!	3.244626	803.524932	0.501873
  904	17203	  586	  396	0.00000638	!	0.005123	803.524932	0.501879
  904	17203	  583	  397	0.00002027	!	0.016287	803.524932	0.501900
  904	17203	  584	  397	0.00000213	!	0.001715	803.524932	0.501902
  904	17203	  585	  397	0.00000263	!	0.002115	803.524932	0.501904
  904	17203	  586	  397	0.00000000	!	0.000003	803.524932	0.501904
  904	17203	  572	  398	0.00524075	!	4.211074	803.524932	0.507145
  904	17203	  573	  398	0.00000812	!	0.006521	803.524932	0.507153
  904	17203	  600	  398	0.07597153	!	61.045020	803.524932	0.583125
  904	17203	  601	  398	0.00012293	!	0.098780	803.524932	0.583248
  904	17203	  566	  399	0.00107726	!	0.865609	803.524932	0.584325
  904	17203	  567	  399	0.00000956	!	0.007681	803.524932	0.584335
  904	17203	  572	  399	0.00000344	!	0.002767	803.524932	0.584338
  904	17203	  573	  399	0.00000001	!	0.000004	803.524932	0.584338
  904	17203	  600	  399	0.01840513	!	14.788981	803.524932	0.602743
  904	17203	  601	  399	0.00002978	!	0.023931	803.524932	0.602773
  904	17203	  603	  399	0.00022893	!	0.183953	803.524932	0.603002
  904	17203	  566	  400	0.00000170	!	0.001369	803.524932	0.603004
  904	17203	  567	  400	0.00000001	!	0.000006	803.524932	0.603004
  904	17203	  600	  400	0.00001211	!	0.009728	803.524932	0.603016
  904	17203	  601	  400	0.00000002	!	0.000016	803.524932	0.603016
  904	17203	  603	  400	0.00000001	!	0.000008	803.524932	0.603016
  904	17203	  568	  401	0.02069956	!	16.632609	803.524932	0.623715
  904	17203	  569	  401	0.00003185	!	0.025593	803.524932	0.623747
  904	17203	  577	  401	0.00875391	!	7.033983	803.524932	0.632501
  904	17203	  578	  401	0.01591404	!	12.787324	803.524932	0.648415
  904	17203	  579	  401	0.00661986	!	5.319223	803.524932	0.655035
  904	17203	  580	  401	0.00001033	!	0.008299	803.524932	0.655045
  904	17203	  566	  402	0.00006167	!	0.049553	803.524932	0.655107
  904	17203	  567	  402	0.00000258	!	0.002071	803.524932	0.655110
  904	17203	  568	  402	0.00001376	!	0.011053	803.524932	0.655123
  904	17203	  569	  402	0.00000002	!	0.000017	803.524932	0.655123
  904	17203	  577	  402	0.00000582	!	0.004675	803.524932	0.655129
  904	17203	  578	  402	0.01332047	!	10.703328	803.524932	0.668450
  904	17203	  579	  402	0.00872200	!	7.008342	803.524932	0.677172
  904	17203	  580	  402	0.00001363	!	0.010949	803.524932	0.677185
  904	17203	  584	  402	0.00413086	!	3.319245	803.524932	0.681316
  904	17203	  585	  402	0.00497825	!	4.000144	803.524932	0.686294
  904	17203	  586	  402	0.00000786	!	0.006316	803.524932	0.686302
  904	17203	  588	  402	0.00559632	!	4.496779	803.524932	0.691898
  904	17203	  589	  402	0.01032648	!	8.297586	803.524932	0.702225
  904	17203	  590	  402	0.00001641	!	0.013189	803.524932	0.702241
  904	17203	  578	  403	0.00000888	!	0.007134	803.524932	0.702250
  904	17203	  579	  403	0.00000582	!	0.004673	803.524932	0.702256
  904	17203	  580	  403	0.00000001	!	0.000007	803.524932	0.702256
  904	17203	  584	  403	0.00000276	!	0.002214	803.524932	0.702259
  904	17203	  585	  403	0.00000332	!	0.002668	803.524932	0.702262
  904	17203	  586	  403	0.00000001	!	0.000004	803.524932	0.702262
  904	17203	  588	  403	0.00000373	!	0.003000	803.524932	0.702266
  904	17203	  589	  403	0.00000689	!	0.005535	803.524932	0.702273
  904	17203	  590	  403	0.00000001	!	0.000009	803.524932	0.702273
  904	17203	  599	  408	0.00999780	!	8.033484	803.524932	0.712271
  904	17203	  600	  408	0.00001615	!	0.012979	803.524932	0.712287
  904	17203	  599	  409	0.00000682	!	0.005478	803.524932	0.712294
  904	17203	  600	  409	0.00000001	!	0.000009	803.524932	0.712294
  904	17203	  570	  410	0.00135789	!	1.091098	803.524932	0.713651
  904	17203	  571	  410	0.00001008	!	0.008102	803.524932	0.713662
  904	17203	  571	  412	0.00000234	!	0.001883	803.524932	0.713664
  904	17203	  572	  412	0.00000009	!	0.000076	803.524932	0.713664
  904	17203	  583	  412	0.01030397	!	8.279501	803.524932	0.723968
  904	17203	  584	  412	0.00001624	!	0.013048	803.524932	0.723984
  904	17203	  598	  412	0.00419226	!	3.368589	803.524932	0.728176
  904	17203	  599	  412	0.00000676	!	0.005434	803.524932	0.728183
  904	17203	  583	  413	0.00000713	!	0.005728	803.524932	0.728190
  904	17203	  584	  413	0.00000001	!	0.000009	803.524932	0.728190
  904	17203	  597	  413	0.27118133	!	217.900962	803.524932	0.999372
  904	17203	  598	  413	0.00043969	!	0.353304	803.524932	0.999811
  904	17203	  599	  413	0.00000000	!	0.000004	803.524932	0.999811
  904	17203	  597	  414	0.00018828	!	0.151290	803.524932	1.000000
  904	17203	  598	  414	0.00000030	!	0.000244	803.524932	1.000000
  904	17041	  654	  315	0.07662530	!	83.233944	1086.246190	0.076625
  904	17041	  655	  315	0.00013427	!	0.145847	1086.246190	0.076760
  904	17041	  653	  316	0.02677974	!	29.089393	1086.246190	0.103539
  904	17041	  654	  316	0.06271644	!	68.125496	1086.246190	0.166256
  904	17041	  655	  316	0.03386659	!	36.787457	1086.246190	0.200122
  904	17041	  656	  316	0.00005923	!	0.064343	1086.246190	0.200182
  904	17041	  643	  317	0.00936584	!	10.173606	1086.246190	0.209547
  904	17041	  644	  317	0.06615242	!	71.857810	1086.246190	0.275700
  904	17041	  645	  317	0.00011424	!	0.124089	1086.246190	0.275814
  904	17041	  653	  317	0.00001216	!	0.013205	1086.246190	0.275826
  904	17041	  654	  317	0.01140267	!	12.386108	1086.246190	0.287229
  904	17041	  655	  317	0.00003530	!	0.038349	1086.246190	0.287264
  904	17041	  656	  317	0.00000003	!	0.000029	1086.246190	0.287264
  904	17041	  643	  318	0.00272404	!	2.958980	1086.246190	0.289988
  904	17041	  644	  318	0.00003564	!	0.038712	1086.246190	0.290024
  904	17041	  645	  318	0.00000005	!	0.000057	1086.246190	0.290024
  904	17041	  654	  318	0.00000519	!	0.005639	1086.246190	0.290029
  904	17041	  655	  318	0.00000001	!	0.000010	1086.246190	0.290029
  904	17041	  643	  319	0.00000132	!	0.001433	1086.246190	0.290030
  904	17041	  644	  319	0.00000000	!	0.000003	1086.246190	0.290030
  904	17041	  643	  324	0.00310557	!	3.373414	1086.246190	0.293136
  904	17041	  644	  324	0.00000637	!	0.006916	1086.246190	0.293142
  904	17041	  643	  325	0.00000143	!	0.001556	1086.246190	0.293144
  904	17041	  644	  325	0.00000000	!	0.000003	1086.246190	0.293144
  904	17041	  650	  325	0.00848082	!	9.212261	1086.246190	0.301625
  904	17041	  651	  325	0.00001478	!	0.016051	1086.246190	0.301639
  904	17041	  654	  325	0.00422922	!	4.593973	1086.246190	0.305869
  904	17041	  655	  325	0.63378556	!	688.447152	1086.246190	0.939654
  904	17041	  656	  325	0.00111211	!	1.208029	1086.246190	0.940766
  904	17041	  650	  326	0.00000404	!	0.004387	1086.246190	0.940770
  904	17041	  651	  326	0.00000001	!	0.000008	1086.246190	0.940770
  904	17041	  654	  326	0.00742808	!	8.068720	1086.246190	0.948198
  904	17041	  655	  326	0.00031485	!	0.342009	1086.246190	0.948513
  904	17041	  656	  326	0.00000053	!	0.000575	1086.246190	0.948514
  904	17041	  654	  327	0.00000356	!	0.003862	1086.246190	0.948517
  904	17041	  655	  327	0.00000001	!	0.000007	1086.246190	0.948517
  904	17041	  658	  328	0.00494924	!	5.376094	1086.246190	0.953467
  904	17041	  659	  328	0.00000872	!	0.009474	1086.246190	0.953475
  904	17041	  658	  329	0.00000239	!	0.002600	1086.246190	0.953478
  904	17041	  659	  329	0.00000000	!	0.000005	1086.246190	0.953478
  904	17041	  661	  331	0.04117172	!	44.722628	1086.246190	0.994650
  904	17041	  662	  331	0.00007286	!	0.079143	1086.246190	0.994722
  904	17041	  661	  332	0.00002022	!	0.021964	1086.246190	0.994743
  904	17041	  662	  332	0.00524553	!	5.697937	1086.246190	0.999988
  904	17041	  663	  332	0.00000930	!	0.010097	1086.246190	0.999997
  904	17041	  662	  333	0.00000259	!	0.002812	1086.246190	1.000000
  904	17041	  663	  333	0.00000000	!	0.000005	1086.246190	1.000000
  904	17169	  516	  332	0.06082296	!	2.517335	41.387908	0.060823
  904	17169	  516	  333	0.00007192	!	0.002976	41.387908	0.060895
  904	17169	  507	  340	0.71734981	!	29.689608	41.387908	0.778245
  904	17169	  508	  340	0.22096770	!	9.145391	41.387908	0.999212
  904	17169	  509	  340	0.00030571	!	0.012653	41.387908	0.999518
  904	17169	  507	  341	0.00036830	!	0.015243	41.387908	0.999886
  904	17169	  508	  341	0.00011345	!	0.004695	41.387908	1.000000
  904	17169	  509	  341	0.00000016	!	0.000006	41.387908	1.000000
  904	17145	  607	  170	0.16199002	!	21.474185	132.564858	0.161990
  904	17145	  608	  170	0.00026494	!	0.035122	132.564858	0.162255
  904	17145	  606	  171	0.02146247	!	2.845169	132.564858	0.183717
  904	17145	  607	  171	0.03123558	!	4.140740	132.564858	0.214953
  904	17145	  608	  171	0.00005103	!	0.006765	132.564858	0.215004
  904	17145	  602	  172	0.01406368	!	1.864350	132.564858	0.229068
  904	17145	  603	  172	0.00002283	!	0.003026	132.564858	0.229091
  904	17145	  606	  172	0.16591566	!	21.994585	132.564858	0.395006
  904	17145	  607	  172	0.00027391	!	0.036311	132.564858	0.395280
  904	17145	  608	  172	0.00000000	!	0.000001	132.564858	0.395280
  904	17145	  602	  173	0.03002060	!	3.979676	132.564858	0.425301
  904	17145	  603	  173	0.00004873	!	0.006459	132.564858	0.425349
  904	17145	  606	  173	0.06814614	!	9.033783	132.564858	0.493496
  904	17145	  607	  173	0.00011129	!	0.014753	132.564858	0.493607
  904	17145	  602	  174	0.04552690	!	6.035267	132.564858	0.539134
  904	17145	  603	  174	0.00007390	!	0.009796	132.564858	0.539208
  904	17145	  605	  174	0.05191831	!	6.882543	132.564858	0.591126
  904	17145	  606	  174	0.04508111	!	5.976171	132.564858	0.636207
  904	17145	  607	  174	0.00007348	!	0.009741	132.564858	0.636281
  904	17145	  602	  175	0.00000466	!	0.000617	132.564858	0.636285
  904	17145	  603	  175	0.00000001	!	0.000001	132.564858	0.636285
  904	17145	  605	  175	0.00000531	!	0.000704	132.564858	0.636291
  904	17145	  606	  175	0.00000461	!	0.000611	132.564858	0.636295
  904	17145	  607	  175	0.00000001	!	0.000001	132.564858	0.636295
  904	17145	  596	  176	0.07638111	!	10.125451	132.564858	0.712676
  904	17145	  597	  176	0.00012284	!	0.016284	132.564858	0.712799
  904	17145	  595	  177	0.01484045	!	1.967322	132.564858	0.727640
  904	17145	  596	  177	0.14598439	!	19.352400	132.564858	0.873624
  904	17145	  597	  177	0.03289952	!	4.361320	132.564858	0.906523
  904	17145	  598	  177	0.03660011	!	4.851888	132.564858	0.943124
  904	17145	  599	  177	0.00005896	!	0.007816	132.564858	0.943183
  904	17145	  595	  178	0.00000163	!	0.000216	132.564858	0.943184
  904	17145	  596	  178	0.00001602	!	0.002124	132.564858	0.943200
  904	17145	  597	  178	0.00000361	!	0.000479	132.564858	0.943204
  904	17145	  598	  178	0.00000402	!	0.000532	132.564858	0.943208
  904	17145	  599	  178	0.00000001	!	0.000001	132.564858	0.943208
  904	17145	  600	  178	0.04771159	!	6.324881	132.564858	0.990919
  904	17145	  601	  178	0.00007720	!	0.010235	132.564858	0.990997
  904	17145	  600	  179	0.00000535	!	0.000710	132.564858	0.991002
  904	17145	  601	  179	0.00000001	!	0.000001	132.564858	0.991002
  904	17145	  606	  182	0.00898225	!	1.190731	132.564858	0.999984
  904	17145	  607	  182	0.00001467	!	0.001945	132.564858	0.999999
  904	17145	  606	  183	0.00000110	!	0.000145	132.564858	1.000000
  904	17145	  607	  183	0.00000000	!	0.000000	132.564858	1.000000
  904	17147	  626	  323	0.00878383	!	1.402375	159.654216	0.008784
  904	17147	  627	  323	0.00001478	!	0.002360	159.654216	0.008799
  904	17147	  626	  324	0.00000414	!	0.000661	159.654216	0.008803
  904	17147	  627	  324	0.00000001	!	0.000001	159.654216	0.008803
  904	17147	  638	  324	0.00820960	!	1.310698	159.654216	0.017012
  904	17147	  639	  324	0.00001406	!	0.002245	159.654216	0.017026
  904	17147	  643	  324	0.00398226	!	0.635785	159.654216	0.021009
  904	17147	  638	  325	0.00000389	!	0.000621	159.654216	0.021013
  904	17147	  639	  325	0.00000001	!	0.000001	159.654216	0.021013
  904	17147	  643	  325	0.00000215	!	0.000344	159.654216	0.021015
  904	17147	  625	  330	0.02980964	!	4.759235	159.654216	0.050824
  904	17147	  626	  330	0.00005009	!	0.007997	159.654216	0.050874
  904	17147	  625	  331	0.00001457	!	0.002326	159.654216	0.050889
  904	17147	  626	  331	0.00000002	!	0.000004	159.654216	0.050889
  904	17147	  634	  333	0.03463254	!	5.529231	159.654216	0.085522
  904	17147	  635	  333	0.00005896	!	0.009414	159.654216	0.085581
  904	17147	  634	  334	0.00001718	!	0.002743	159.654216	0.085598
  904	17147	  635	  334	0.09262197	!	14.787488	159.654216	0.178220
  904	17147	  636	  334	0.00015793	!	0.025214	159.654216	0.178378
  904	17147	  635	  335	0.00004618	!	0.007372	159.654216	0.178424
  904	17147	  636	  335	0.00000008	!	0.000013	159.654216	0.178424
  904	17147	  634	  341	0.21445542	!	34.238711	159.654216	0.392879
  904	17147	  635	  341	0.00036513	!	0.058294	159.654216	0.393244
  904	17147	  634	  342	0.18136374	!	28.955486	159.654216	0.574608
  904	17147	  635	  342	0.00030879	!	0.049299	159.654216	0.574917
  904	17147	  634	  343	0.16864295	!	26.924557	159.654216	0.743560
  904	17147	  635	  343	0.00028713	!	0.045841	159.654216	0.743847
  904	17147	  634	  344	0.00008779	!	0.014016	159.654216	0.743935
  904	17147	  635	  344	0.00000015	!	0.000024	159.654216	0.743935
  904	17147	  634	  345	0.09950690	!	15.886696	159.654216	0.843442
  904	17147	  635	  345	0.00016942	!	0.027048	159.654216	0.843611
  904	17147	  634	  346	0.00005232	!	0.008353	159.654216	0.843664
  904	17147	  635	  346	0.00000009	!	0.000014	159.654216	0.843664
  904	17147	  632	  359	0.12063848	!	19.260442	159.654216	0.964302
  904	17147	  633	  359	0.00020480	!	0.032697	159.654216	0.964507
  904	17147	  632	  360	0.00006762	!	0.010795	159.654216	0.964575
  904	17147	  633	  360	0.00000011	!	0.000018	159.654216	0.964575
  904	17147	  637	  361	0.03534483	!	5.642951	159.654216	0.999920
  904	17147	  638	  361	0.00006044	!	0.009650	159.654216	0.999980
  904	17147	  637	  362	0.00001999	!	0.003191	159.654216	1.000000
  904	17147	  638	  362	0.00000003	!	0.000005	159.654216	1.000000
  904	17025	  641	  227	0.08892686	!	28.378202	319.118441	0.088927
  904	17025	  642	  227	0.00015295	!	0.048810	319.118441	0.089080
  904	17025	  641	  228	0.01428177	!	4.557576	319.118441	0.103362
  904	17025	  642	  228	0.00002456	!	0.007839	319.118441	0.103386
  904	17025	  641	  229	0.00000337	!	0.001074	319.118441	0.103390
  904	17025	  642	  229	0.00000001	!	0.000002	319.118441	0.103390
  904	17025	  649	  231	0.01955103	!	6.239093	319.118441	0.122941
  904	17025	  650	  231	0.06614051	!	21.106657	319.118441	0.189081
  904	17025	  651	  231	0.29319316	!	93.563343	319.118441	0.482274
  904	17025	  652	  231	0.17903078	!	57.132023	319.118441	0.661305
  904	17025	  653	  231	0.00031192	!	0.099541	319.118441	0.661617
  904	17025	  649	  232	0.05399772	!	17.231669	319.118441	0.715615
  904	17025	  650	  232	0.05296297	!	16.901460	319.118441	0.768578
  904	17025	  651	  232	0.02742236	!	8.750981	319.118441	0.796000
  904	17025	  652	  232	0.00009114	!	0.029086	319.118441	0.796091
  904	17025	  653	  232	0.00000008	!	0.000024	319.118441	0.796091
  904	17025	  659	  232	0.00511407	!	1.631993	319.118441	0.801205
  904	17025	  660	  232	0.00000902	!	0.002880	319.118441	0.801214
  904	17025	  649	  233	0.00001328	!	0.004237	319.118441	0.801228
  904	17025	  650	  233	0.00001302	!	0.004155	319.118441	0.801241
  904	17025	  651	  233	0.00000673	!	0.002146	319.118441	0.801247
  904	17025	  652	  233	0.00000001	!	0.000004	319.118441	0.801247
  904	17025	  659	  233	0.00000126	!	0.000401	319.118441	0.801249
  904	17025	  660	  233	0.00000000	!	0.000001	319.118441	0.801249
  904	17025	  659	  234	0.05574812	!	17.790253	319.118441	0.856997
  904	17025	  660	  234	0.08812950	!	28.123749	319.118441	0.945126
  904	17025	  661	  234	0.00015556	!	0.049644	319.118441	0.945282
  904	17025	  659	  235	0.00001399	!	0.004463	319.118441	0.945296
  904	17025	  660	  235	0.00002211	!	0.007055	319.118441	0.945318
  904	17025	  661	  235	0.00000004	!	0.000012	319.118441	0.945318
  904	17025	  644	  237	0.01882716	!	6.008093	319.118441	0.964145
  904	17025	  645	  237	0.00003252	!	0.010378	319.118441	0.964178
  904	17025	  644	  238	0.00000486	!	0.001552	319.118441	0.964182
  904	17025	  645	  238	0.00000001	!	0.000003	319.118441	0.964182
  904	17025	  648	  238	0.01965013	!	6.270718	319.118441	0.983833
  904	17025	  649	  238	0.00003414	!	0.010894	319.118441	0.983867
  904	17025	  648	  239	0.01610107	!	5.138148	319.118441	0.999968
  904	17025	  649	  239	0.00002797	!	0.008927	319.118441	0.999996
  904	17025	  648	  240	0.00000424	!	0.001352	319.118441	1.000000
  904	17025	  649	  240	0.00000001	!	0.000002	319.118441	1.000000
  904	17159	  665	  234	0.02023464	!	21.593559	1067.157858	0.020235
  904	17159	  666	  234	0.00003601	!	0.038427	1067.157858	0.020271
  904	17159	  665	  235	0.00000508	!	0.005417	1067.157858	0.020276
  904	17159	  666	  235	0.00000001	!	0.000010	1067.157858	0.020276
  904	17159	  673	  236	0.00821271	!	8.764260	1067.157858	0.028488
  904	17159	  674	  236	0.00001478	!	0.015771	1067.157858	0.028503
  904	17159	  676	  236	0.00721377	!	7.698227	1067.157858	0.035717
  904	17159	  677	  236	0.00001303	!	0.013910	1067.157858	0.035730
  904	17159	  673	  237	0.19313735	!	206.108037	1067.157858	0.228867
  904	17159	  674	  237	0.00034754	!	0.370880	1067.157858	0.229215
  904	17159	  675	  237	0.36094277	!	385.182914	1067.157858	0.590158
  904	17159	  676	  237	0.00065314	!	0.696998	1067.157858	0.590811
  904	17159	  677	  237	0.00000000	!	0.000004	1067.157858	0.590811
  904	17159	  673	  238	0.00004989	!	0.053235	1067.157858	0.590861
  904	17159	  674	  238	0.00000009	!	0.000096	1067.157858	0.590861
  904	17159	  675	  238	0.32745750	!	349.448845	1067.157858	0.918318
  904	17159	  676	  238	0.04286110	!	45.739558	1067.157858	0.961179
  904	17159	  677	  238	0.00007638	!	0.081507	1067.157858	0.961256
  904	17159	  674	  239	0.00470345	!	5.019325	1067.157858	0.965959
  904	17159	  675	  239	0.00009384	!	0.100144	1067.157858	0.966053
  904	17159	  676	  239	0.01772706	!	18.917576	1067.157858	0.983780
  904	17159	  677	  239	0.00003203	!	0.034182	1067.157858	0.983812
  904	17159	  674	  240	0.01614976	!	17.234349	1067.157858	0.999962
  904	17159	  675	  240	0.00002910	!	0.031055	1067.157858	0.999991
  904	17159	  676	  240	0.00000466	!	0.004977	1067.157858	0.999996
  904	17159	  677	  240	0.00000001	!	0.000009	1067.157858	0.999996
  904	17159	  674	  241	0.00000429	!	0.004579	1067.157858	1.000000
  904	17159	  675	  241	0.00000001	!	0.000008	1067.157858	1.000000
  904	17173	  636	  279	0.09015977	!	9.010383	99.937955	0.090160
  904	17173	  637	  279	0.07931427	!	7.926506	99.937955	0.169474
  904	17173	  638	  279	0.00013537	!	0.013528	99.937955	0.169609
  904	17173	  636	  280	0.00003267	!	0.003265	99.937955	0.169642
  904	17173	  637	  280	0.00002874	!	0.002872	99.937955	0.169671
  904	17173	  638	  280	0.00000005	!	0.000005	99.937955	0.169671
  904	17173	  614	  288	0.01519138	!	1.518196	99.937955	0.184862
  904	17173	  615	  288	0.00002511	!	0.002509	99.937955	0.184887
  904	17173	  614	  289	0.00000584	!	0.000584	99.937955	0.184893
  904	17173	  615	  289	0.00000001	!	0.000001	99.937955	0.184893
  904	17173	  622	  289	0.03036858	!	3.034974	99.937955	0.215262
  904	17173	  623	  289	0.51573243	!	51.541245	99.937955	0.730994
  904	17173	  624	  289	0.03354920	!	3.352838	99.937955	0.764543
  904	17173	  625	  289	0.00005484	!	0.005480	99.937955	0.764598
  904	17173	  622	  290	0.00001175	!	0.001175	99.937955	0.764610
  904	17173	  623	  290	0.03956295	!	3.953840	99.937955	0.804173
  904	17173	  624	  290	0.02229090	!	2.227707	99.937955	0.826464
  904	17173	  625	  290	0.01798784	!	1.797668	99.937955	0.844452
  904	17173	  626	  290	0.00003016	!	0.003014	99.937955	0.844482
  904	17173	  623	  291	0.00001533	!	0.001532	99.937955	0.844497
  904	17173	  624	  291	0.00000868	!	0.000867	99.937955	0.844506
  904	17173	  625	  291	0.00000701	!	0.000700	99.937955	0.844513
  904	17173	  626	  291	0.00000001	!	0.000001	99.937955	0.844513
  904	17173	  637	  294	0.07624366	!	7.619636	99.937955	0.920757
  904	17173	  638	  294	0.00013038	!	0.013030	99.937955	0.920887
  904	17173	  637	  295	0.00003046	!	0.003044	99.937955	0.920917
  904	17173	  638	  295	0.00000005	!	0.000005	99.937955	0.920917
  904	17173	  626	  300	0.06001908	!	5.998184	99.937955	0.980937
  904	17173	  627	  300	0.00010099	!	0.010093	99.937955	0.981037
  904	17173	  626	  301	0.00002487	!	0.002485	99.937955	0.981062
  904	17173	  627	  301	0.00000004	!	0.000004	99.937955	0.981062
  904	17173	  608	  307	0.01881684	!	1.880517	99.937955	0.999879
  904	17173	  609	  307	0.00011105	!	0.011098	99.937955	0.999990
  904	17173	  608	  308	0.00000965	!	0.000965	99.937955	1.000000
  904	17173	  609	  308	0.00000005	!	0.000005	99.937955	1.000000
  904	17157	  569	  161	0.05082105	!	22.276810	438.338202	0.050821
  904	17157	  570	  161	0.00007832	!	0.034333	438.338202	0.050899
  904	17157	  568	  162	0.00886817	!	3.887257	438.338202	0.059768
  904	17157	  569	  162	0.00001721	!	0.007544	438.338202	0.059785
  904	17157	  570	  162	0.00388767	!	1.704116	438.338202	0.063672
  904	17157	  571	  162	0.00000600	!	0.002631	438.338202	0.063678
  904	17157	  568	  163	0.00000064	!	0.000282	438.338202	0.063679
  904	17157	  569	  163	0.00000000	!	0.000000	438.338202	0.063679
  904	17157	  570	  163	0.00000028	!	0.000124	438.338202	0.063679
  904	17157	  571	  163	0.00000000	!	0.000000	438.338202	0.063679
  904	17157	  579	  170	0.23168447	!	101.556155	438.338202	0.295364
  904	17157	  580	  170	0.00036282	!	0.159038	438.338202	0.295727
  904	17157	  579	  171	0.00002141	!	0.009385	438.338202	0.295748
  904	17157	  580	  171	0.00000003	!	0.000015	438.338202	0.295748
  904	17157	  574	  178	0.00829109	!	3.634300	438.338202	0.304039
  904	17157	  575	  178	0.00001288	!	0.005646	438.338202	0.304052
  904	17157	  576	  178	0.02410417	!	10.565780	438.338202	0.328156
  904	17157	  577	  178	0.00003757	!	0.016467	438.338202	0.328194
  904	17157	  574	  179	0.00000093	!	0.000408	438.338202	0.328195
  904	17157	  575	  179	0.01094087	!	4.795800	438.338202	0.339136
  904	17157	  576	  179	0.00001973	!	0.008648	438.338202	0.339155
  904	17157	  577	  179	0.00000000	!	0.000002	438.338202	0.339155
  904	17157	  575	  180	0.04836089	!	21.198424	438.338202	0.387516
  904	17157	  576	  180	0.00007525	!	0.032986	438.338202	0.387591
  904	17157	  575	  181	0.02228616	!	9.768876	438.338202	0.409878
  904	17157	  576	  181	0.00003468	!	0.015201	438.338202	0.409912
  904	17157	  575	  182	0.00000267	!	0.001168	438.338202	0.409915
  904	17157	  576	  182	0.00000000	!	0.000002	438.338202	0.409915
  904	17157	  562	  183	0.18927491	!	82.966423	438.338202	0.599190
  904	17157	  563	  183	0.00028842	!	0.126425	438.338202	0.599478
  904	17157	  554	  184	0.02304506	!	10.101531	438.338202	0.622523
  904	17157	  555	  184	0.03292348	!	14.431620	438.338202	0.655447
  904	17157	  556	  184	0.02119840	!	9.292069	438.338202	0.676645
  904	17157	  557	  184	0.00003191	!	0.013988	438.338202	0.676677
  904	17157	  562	  184	0.03115774	!	13.657630	438.338202	0.707835
  904	17157	  563	  184	0.00004748	!	0.020812	438.338202	0.707882
  904	17157	  581	  184	0.01774332	!	7.777576	438.338202	0.725626
  904	17157	  582	  184	0.00002787	!	0.012218	438.338202	0.725654
  904	17157	  554	  185	0.00000293	!	0.001284	438.338202	0.725657
  904	17157	  555	  185	0.01459002	!	6.395365	438.338202	0.740247
  904	17157	  556	  185	0.00002467	!	0.010812	438.338202	0.740271
  904	17157	  557	  185	0.07006666	!	30.712892	438.338202	0.810338
  904	17157	  558	  185	0.00010590	!	0.046419	438.338202	0.810444
  904	17157	  562	  185	0.00000396	!	0.001734	438.338202	0.810448
  904	17157	  563	  185	0.00000001	!	0.000003	438.338202	0.810448
  904	17157	  565	  185	0.07509343	!	32.916317	438.338202	0.885541
  904	17157	  566	  185	0.00011499	!	0.050403	438.338202	0.885656
  904	17157	  580	  185	0.04796271	!	21.023887	438.338202	0.933619
  904	17157	  581	  185	0.06624167	!	29.036256	438.338202	0.999861
  904	17157	  582	  185	0.00010395	!	0.045563	438.338202	0.999964
  904	17157	  555	  186	0.00000189	!	0.000828	438.338202	0.999966
  904	17157	  556	  186	0.00000000	!	0.000001	438.338202	0.999966
  904	17157	  557	  186	0.00000908	!	0.003979	438.338202	0.999975
  904	17157	  558	  186	0.00000001	!	0.000006	438.338202	0.999975
  904	17157	  565	  186	0.00000973	!	0.004264	438.338202	0.999985
  904	17157	  566	  186	0.00000001	!	0.000007	438.338202	0.999985
  904	17157	  580	  186	0.00000621	!	0.002723	438.338202	0.999991
  904	17157	  581	  186	0.00000858	!	0.003761	438.338202	1.000000
  904	17157	  582	  186	0.00000001	!	0.000006	438.338202	1.000000
  904	17061	  522	  272	0.14590312	!	10.888809	74.630405	0.145903
  904	17061	  523	  272	0.00020784	!	0.015511	74.630405	0.146111
  904	17061	  522	  273	0.39183231	!	29.242604	74.630405	0.537943
  904	17061	  523	  273	0.00055817	!	0.041656	74.630405	0.538501
  904	17061	  522	  274	0.00013612	!	0.010159	74.630405	0.538638
  904	17061	  523	  274	0.00000019	!	0.000014	74.630405	0.538638
  904	17061	  534	  277	0.11993352	!	8.950687	74.630405	0.658571
  904	17061	  535	  277	0.09209658	!	6.873205	74.630405	0.750668
  904	17061	  536	  277	0.00013391	!	0.009994	74.630405	0.750802
  904	17061	  534	  278	0.00004286	!	0.003199	74.630405	0.750845
  904	17061	  535	  278	0.00003291	!	0.002456	74.630405	0.750878
  904	17061	  536	  278	0.00000005	!	0.000004	74.630405	0.750878
  904	17061	  522	  284	0.13069313	!	9.753681	74.630405	0.881571
  904	17061	  523	  284	0.00018617	!	0.013894	74.630405	0.881757
  904	17061	  522	  285	0.04177088	!	3.117378	74.630405	0.923528
  904	17061	  523	  285	0.00005950	!	0.004441	74.630405	0.923587
  904	17061	  522	  286	0.00001574	!	0.001174	74.630405	0.923603
  904	17061	  523	  286	0.00000002	!	0.000002	74.630405	0.923603
  904	17061	  523	  288	0.07625879	!	5.691224	74.630405	0.999862
  904	17061	  524	  288	0.00010882	!	0.008121	74.630405	0.999971
  904	17061	  523	  289	0.00002933	!	0.002189	74.630405	1.000000
  904	17061	  524	  289	0.00000004	!	0.000003	74.630405	1.000000
  904	17087	  641	  119	0.00083041	!	0.039581	47.664961	0.000830
  904	17087	  642	  119	0.00000130	!	0.000062	47.664961	0.000832
  904	17087	  645	  119	0.00042619	!	0.020314	47.664961	0.001258
  904	17087	  633	  124	0.00000191	!	0.000091	47.664961	0.001260
  904	17087	  634	  124	0.00001145	!	0.000546	47.664961	0.001271
  904	17087	  635	  124	0.00000002	!	0.000001	47.664961	0.001271
  904	17087	  633	  125	0.08923098	!	4.253191	47.664961	0.090502
  904	17087	  634	  125	0.53364229	!	25.436039	47.664961	0.624145
  904	17087	  635	  125	0.00090831	!	0.043295	47.664961	0.625053
  904	17087	  633	  127	0.00000130	!	0.000062	47.664961	0.625054
  904	17087	  634	  127	0.00000000	!	0.000000	47.664961	0.625054
  904	17087	  633	  128	0.09294692	!	4.430311	47.664961	0.718001
  904	17087	  634	  128	0.00015802	!	0.007532	47.664961	0.718159
  904	17087	  630	  134	0.14286560	!	6.809683	47.664961	0.861025
  904	17087	  631	  134	0.00024182	!	0.011526	47.664961	0.861267
  904	17087	  627	  135	0.06096894	!	2.906082	47.664961	0.922235
  904	17087	  628	  135	0.00010274	!	0.004897	47.664961	0.922338
  904	17087	  630	  135	0.07752977	!	3.695453	47.664961	0.999868
  904	17087	  631	  135	0.00013123	!	0.006255	47.664961	0.999999
  904	17087	  627	  136	0.00000035	!	0.000017	47.664961	1.000000
  904	17087	  628	  136	0.00000000	!	0.000000	47.664961	1.000000
  904	17087	  630	  136	0.00000045	!	0.000021	47.664961	1.000000
  904	17087	  631	  136	0.00000000	!	0.000000	47.664961	1.000000
  904	17037	  615	  475	0.01736612	!	46.206315	2660.716645	0.017366
  904	17037	  616	  475	0.00002875	!	0.076490	2660.716645	0.017395
  904	17037	  615	  476	0.00001473	!	0.039183	2660.716645	0.017410
  904	17037	  616	  476	0.00000002	!	0.000065	2660.716645	0.017410
  904	17037	  618	  476	0.00185457	!	4.934483	2660.716645	0.019264
  904	17037	  619	  476	0.00681911	!	18.143719	2660.716645	0.026083
  904	17037	  620	  476	0.00268124	!	7.134027	2660.716645	0.028765
  904	17037	  618	  477	0.00035725	!	0.950537	2660.716645	0.029122
  904	17037	  619	  477	0.00000639	!	0.017004	2660.716645	0.029128
  904	17037	  620	  477	0.00029234	!	0.777841	2660.716645	0.029421
  904	17037	  618	  478	0.00000030	!	0.000807	2660.716645	0.029421
  904	17037	  619	  478	0.00000000	!	0.000001	2660.716645	0.029421
  904	17037	  620	  478	0.00000008	!	0.000224	2660.716645	0.029421
  904	17037	  602	  485	0.00125715	!	3.344922	2660.716645	0.030678
  904	17037	  603	  485	0.00000204	!	0.005429	2660.716645	0.030680
  904	17037	  608	  485	0.00712492	!	18.957382	2660.716645	0.037805
  904	17037	  609	  485	0.00286651	!	7.626965	2660.716645	0.040672
  904	17037	  610	  485	0.00302827	!	8.057370	2660.716645	0.043700
  904	17037	  611	  485	0.00000497	!	0.013218	2660.716645	0.043705
  904	17037	  602	  486	0.00000110	!	0.002919	2660.716645	0.043706
  904	17037	  603	  486	0.00000000	!	0.000005	2660.716645	0.043706
  904	17037	  608	  486	0.00000622	!	0.016546	2660.716645	0.043712
  904	17037	  609	  486	0.00000250	!	0.006657	2660.716645	0.043715
  904	17037	  610	  486	0.00000264	!	0.007032	2660.716645	0.043717
  904	17037	  611	  486	0.00000000	!	0.000012	2660.716645	0.043717
  904	17037	  617	  486	0.00093620	!	2.490962	2660.716645	0.044653
  904	17037	  618	  486	0.00000155	!	0.004136	2660.716645	0.044655
  904	17037	  617	  487	0.00000082	!	0.002180	2660.716645	0.044656
  904	17037	  618	  487	0.00000000	!	0.000004	2660.716645	0.044656
  904	17037	  601	  495	0.00135122	!	3.595206	2660.716645	0.046007
  904	17037	  602	  495	0.00000219	!	0.005827	2660.716645	0.046009
  904	17037	  609	  495	0.00183083	!	4.871322	2660.716645	0.047840
  904	17037	  610	  495	0.00637382	!	16.958916	2660.716645	0.054214
  904	17037	  611	  495	0.00001047	!	0.027850	2660.716645	0.054224
  904	17037	  601	  496	0.00333500	!	8.873500	2660.716645	0.057559
  904	17037	  602	  496	0.00000540	!	0.014381	2660.716645	0.057565
  904	17037	  607	  496	0.02522216	!	67.109029	2660.716645	0.082787
  904	17037	  608	  496	0.13306616	!	354.051338	2660.716645	0.215853
  904	17037	  609	  496	0.22784743	!	606.237444	2660.716645	0.443700
  904	17037	  610	  496	0.03359574	!	89.388746	2660.716645	0.477296
  904	17037	  611	  496	0.00171717	!	4.568914	2660.716645	0.479013
  904	17037	  612	  496	0.00000274	!	0.007279	2660.716645	0.479016
  904	17037	  614	  496	0.00083242	!	2.214824	2660.716645	0.479849
  904	17037	  615	  496	0.00000138	!	0.003661	2660.716645	0.479850
  904	17037	  601	  497	0.00000300	!	0.007984	2660.716645	0.479853
  904	17037	  602	  497	0.00000000	!	0.000013	2660.716645	0.479853
  904	17037	  607	  497	0.00002270	!	0.060402	2660.716645	0.479876
  904	17037	  608	  497	0.00152765	!	4.064653	2660.716645	0.481403
  904	17037	  609	  497	0.13235916	!	352.170233	2660.716645	0.613762
  904	17037	  610	  497	0.08548103	!	227.440811	2660.716645	0.699243
  904	17037	  611	  497	0.00014158	!	0.376714	2660.716645	0.699385
  904	17037	  612	  497	0.00000000	!	0.000007	2660.716645	0.699385
  904	17037	  614	  497	0.00909858	!	24.208746	2660.716645	0.708484
  904	17037	  615	  497	0.00001504	!	0.040015	2660.716645	0.708499
  904	17037	  618	  497	0.00069001	!	1.835928	2660.716645	0.709189
  904	17037	  607	  498	0.00375645	!	9.994847	2660.716645	0.712945
  904	17037	  608	  498	0.00000741	!	0.019728	2660.716645	0.712953
  904	17037	  609	  498	0.00185305	!	4.930440	2660.716645	0.714806
  904	17037	  610	  498	0.00410885	!	10.932485	2660.716645	0.718914
  904	17037	  611	  498	0.00000675	!	0.017949	2660.716645	0.718921
  904	17037	  612	  498	0.00760707	!	20.240255	2660.716645	0.726528
  904	17037	  613	  498	0.00001254	!	0.033355	2660.716645	0.726541
  904	17037	  614	  498	0.00000821	!	0.021848	2660.716645	0.726549
  904	17037	  615	  498	0.00000001	!	0.000036	2660.716645	0.726549
  904	17037	  618	  498	0.00023975	!	0.637899	2660.716645	0.726789
  904	17037	  606	  499	0.00177715	!	4.728486	2660.716645	0.728566
  904	17037	  607	  499	0.00337507	!	8.980105	2660.716645	0.731941
  904	17037	  608	  499	0.02396433	!	63.762301	2660.716645	0.755905
  904	17037	  609	  499	0.01158554	!	30.825836	2660.716645	0.767491
  904	17037	  610	  499	0.02517416	!	66.981306	2660.716645	0.792665
  904	17037	  611	  499	0.01492061	!	39.699506	2660.716645	0.807586
  904	17037	  612	  499	0.00003137	!	0.083461	2660.716645	0.807617
  904	17037	  613	  499	0.00453655	!	12.070484	2660.716645	0.812154
  904	17037	  614	  499	0.00000749	!	0.019921	2660.716645	0.812161
  904	17037	  618	  499	0.00000017	!	0.000444	2660.716645	0.812161
  904	17037	  606	  500	0.00238844	!	6.354965	2660.716645	0.814550
  904	17037	  607	  500	0.00032633	!	0.868261	2660.716645	0.814876
  904	17037	  608	  500	0.01091883	!	29.051907	2660.716645	0.825795
  904	17037	  609	  500	0.00265699	!	7.069504	2660.716645	0.828452
  904	17037	  610	  500	0.01392743	!	37.056951	2660.716645	0.842379
  904	17037	  611	  500	0.00003638	!	0.096792	2660.716645	0.842416
  904	17037	  612	  500	0.00000002	!	0.000059	2660.716645	0.842416
  904	17037	  613	  500	0.00000412	!	0.010954	2660.716645	0.842420
  904	17037	  614	  500	0.00000001	!	0.000018	2660.716645	0.842420
  904	17037	  606	  501	0.00000217	!	0.005779	2660.716645	0.842422
  904	17037	  607	  501	0.00000029	!	0.000783	2660.716645	0.842422
  904	17037	  608	  501	0.00000992	!	0.026384	2660.716645	0.842432
  904	17037	  609	  501	0.00000241	!	0.006408	2660.716645	0.842435
  904	17037	  610	  501	0.00940291	!	25.018470	2660.716645	0.851837
  904	17037	  611	  501	0.00679890	!	18.089956	2660.716645	0.858636
  904	17037	  612	  501	0.00001116	!	0.029699	2660.716645	0.858648
  904	17037	  610	  502	0.00498249	!	13.256989	2660.716645	0.863630
  904	17037	  611	  502	0.02054120	!	54.654326	2660.716645	0.884171
  904	17037	  612	  502	0.00003379	!	0.089896	2660.716645	0.884205
  904	17037	  610	  503	0.01007388	!	26.803735	2660.716645	0.894279
  904	17037	  611	  503	0.01822682	!	48.496411	2660.716645	0.912506
  904	17037	  612	  503	0.00571571	!	15.207894	2660.716645	0.918221
  904	17037	  613	  503	0.00000937	!	0.024930	2660.716645	0.918231
  904	17037	  610	  504	0.00000924	!	0.024579	2660.716645	0.918240
  904	17037	  611	  504	0.01209264	!	32.175085	2660.716645	0.930333
  904	17037	  612	  504	0.00853684	!	22.714102	2660.716645	0.938869
  904	17037	  613	  504	0.00001404	!	0.037344	2660.716645	0.938884
  904	17037	  611	  505	0.00001111	!	0.029557	2660.716645	0.938895
  904	17037	  612	  505	0.00000785	!	0.020882	2660.716645	0.938902
  904	17037	  613	  505	0.00000001	!	0.000034	2660.716645	0.938903
  904	17037	  596	  506	0.00101589	!	2.702992	2660.716645	0.939918
  904	17037	  597	  506	0.00000255	!	0.006793	2660.716645	0.939921
  904	17037	  612	  506	0.01317115	!	35.044688	2660.716645	0.953092
  904	17037	  613	  506	0.00002171	!	0.057752	2660.716645	0.953114
  904	17037	  596	  507	0.00000101	!	0.002679	2660.716645	0.953115
  904	17037	  597	  507	0.00000000	!	0.000006	2660.716645	0.953115
  904	17037	  612	  507	0.00001218	!	0.032411	2660.716645	0.953127
  904	17037	  613	  507	0.00000002	!	0.000053	2660.716645	0.953127
  904	17037	  601	  512	0.03582322	!	95.315439	2660.716645	0.988950
  904	17037	  602	  512	0.00005806	!	0.154472	2660.716645	0.989008
  904	17037	  601	  513	0.00003366	!	0.089571	2660.716645	0.989042
  904	17037	  602	  513	0.00000005	!	0.000145	2660.716645	0.989042
  904	17037	  607	  513	0.00257643	!	6.855140	2660.716645	0.991618
  904	17037	  608	  513	0.00000421	!	0.011212	2660.716645	0.991623
  904	17037	  610	  513	0.00334424	!	8.898085	2660.716645	0.994967
  904	17037	  611	  513	0.00501455	!	13.342309	2660.716645	0.999981
  904	17037	  612	  513	0.00000824	!	0.021930	2660.716645	0.999990
  904	17037	  607	  514	0.00000243	!	0.006459	2660.716645	0.999992
  904	17037	  608	  514	0.00000000	!	0.000011	2660.716645	0.999992
  904	17037	  610	  514	0.00000315	!	0.008384	2660.716645	0.999995
  904	17037	  611	  514	0.00000472	!	0.012571	2660.716645	1.000000
  904	17037	  612	  514	0.00000001	!	0.000021	2660.716645	1.000000
  904	17113	  594	  363	0.11874029	!	518.840395	4369.539494	0.118740
  904	17113	  595	  363	0.00326179	!	14.252511	4369.539494	0.122002
  904	17113	  596	  363	0.00000493	!	0.021550	4369.539494	0.122007
  904	17113	  608	  363	0.00611195	!	26.706386	4369.539494	0.128119
  904	17113	  609	  363	0.00001001	!	0.043745	4369.539494	0.128129
  904	17113	  625	  363	0.00390142	!	17.047408	4369.539494	0.132030
  904	17113	  626	  363	0.00000602	!	0.026299	4369.539494	0.132036
  904	17113	  594	  364	0.00006773	!	0.295947	4369.539494	0.132104
  904	17113	  595	  364	0.00000186	!	0.008130	4369.539494	0.132106
  904	17113	  596	  364	0.00000000	!	0.000012	4369.539494	0.132106
  904	17113	  606	  364	0.01564213	!	68.348894	4369.539494	0.147748
  904	17113	  607	  364	0.00002554	!	0.111617	4369.539494	0.147774
  904	17113	  608	  364	0.00000349	!	0.015233	4369.539494	0.147777
  904	17113	  609	  364	0.00000001	!	0.000025	4369.539494	0.147777
  904	17113	  625	  364	0.00000416	!	0.018166	4369.539494	0.147781
  904	17113	  626	  364	0.00000001	!	0.000031	4369.539494	0.147781
  904	17113	  606	  365	0.00000896	!	0.039156	4369.539494	0.147790
  904	17113	  607	  365	0.00000001	!	0.000064	4369.539494	0.147790
  904	17113	  598	  367	0.06776430	!	296.098764	4369.539494	0.215555
  904	17113	  599	  367	0.00010932	!	0.477662	4369.539494	0.215664
  904	17113	  619	  367	0.01793785	!	78.380151	4369.539494	0.233602
  904	17113	  620	  367	0.07345046	!	320.944693	4369.539494	0.307052
  904	17113	  621	  367	0.00012245	!	0.535059	4369.539494	0.307175
  904	17113	  598	  368	0.00003932	!	0.171830	4369.539494	0.307214
  904	17113	  599	  368	0.00000006	!	0.000277	4369.539494	0.307214
  904	17113	  619	  368	0.00155664	!	6.801805	4369.539494	0.308771
  904	17113	  620	  368	0.00004520	!	0.197499	4369.539494	0.308816
  904	17113	  621	  368	0.00000007	!	0.000311	4369.539494	0.308816
  904	17113	  619	  369	0.00000090	!	0.003938	4369.539494	0.308817
  904	17113	  620	  369	0.00000000	!	0.000007	4369.539494	0.308817
  904	17113	  601	  371	0.00118145	!	5.162384	4369.539494	0.309998
  904	17113	  602	  371	0.00000191	!	0.008366	4369.539494	0.310000
  904	17113	  612	  371	0.00435923	!	19.047815	4369.539494	0.314359
  904	17113	  613	  371	0.00000718	!	0.031390	4369.539494	0.314367
  904	17113	  601	  372	0.00000070	!	0.003047	4369.539494	0.314367
  904	17113	  602	  372	0.00000000	!	0.000005	4369.539494	0.314367
  904	17113	  612	  372	0.00000257	!	0.011242	4369.539494	0.314370
  904	17113	  613	  372	0.00000000	!	0.000019	4369.539494	0.314370
  904	17113	  602	  374	0.01388604	!	60.675615	4369.539494	0.328256
  904	17113	  603	  374	0.00002254	!	0.098484	4369.539494	0.328279
  904	17113	  605	  374	0.00161256	!	7.046161	4369.539494	0.329891
  904	17113	  606	  374	0.00000263	!	0.011489	4369.539494	0.329894
  904	17113	  602	  375	0.00143808	!	6.283759	4369.539494	0.331332
  904	17113	  603	  375	0.00000233	!	0.010199	4369.539494	0.331334
  904	17113	  605	  375	0.00700328	!	30.601112	4369.539494	0.338337
  904	17113	  606	  375	0.00193136	!	8.439159	4369.539494	0.340269
  904	17113	  607	  375	0.00000314	!	0.013700	4369.539494	0.340272
  904	17113	  602	  376	0.00000086	!	0.003749	4369.539494	0.340273
  904	17113	  603	  376	0.00000000	!	0.000006	4369.539494	0.340273
  904	17113	  604	  376	0.00103438	!	4.519784	4369.539494	0.341307
  904	17113	  605	  376	0.02315490	!	101.176232	4369.539494	0.364462
  904	17113	  606	  376	0.00421804	!	18.430882	4369.539494	0.368680
  904	17113	  607	  376	0.00522780	!	22.843067	4369.539494	0.373908
  904	17113	  608	  376	0.00000854	!	0.037312	4369.539494	0.373916
  904	17113	  610	  376	0.00179710	!	7.852489	4369.539494	0.375714
  904	17113	  611	  376	0.00000295	!	0.012902	4369.539494	0.375716
  904	17113	  601	  377	0.00076121	!	3.326126	4369.539494	0.376478
  904	17113	  602	  377	0.12134641	!	530.227940	4369.539494	0.497824
  904	17113	  603	  377	0.00160456	!	7.011167	4369.539494	0.499429
  904	17113	  604	  377	0.01471172	!	64.283460	4369.539494	0.514140
  904	17113	  605	  377	0.00369463	!	16.143848	4369.539494	0.517835
  904	17113	  606	  377	0.00190899	!	8.341412	4369.539494	0.519744
  904	17113	  607	  377	0.00462208	!	20.196383	4369.539494	0.524366
  904	17113	  608	  377	0.00000755	!	0.033010	4369.539494	0.524374
  904	17113	  609	  377	0.00255159	!	11.149265	4369.539494	0.526925
  904	17113	  610	  377	0.00000527	!	0.023022	4369.539494	0.526930
  904	17113	  611	  377	0.00000000	!	0.000008	4369.539494	0.526930
  904	17113	  599	  378	0.00105847	!	4.625010	4369.539494	0.527989
  904	17113	  600	  378	0.00000171	!	0.007472	4369.539494	0.527991
  904	17113	  601	  378	0.01285037	!	56.150186	4369.539494	0.540841
  904	17113	  602	  378	0.10351412	!	452.309054	4369.539494	0.644355
  904	17113	  603	  378	0.04760716	!	208.021366	4369.539494	0.691962
  904	17113	  604	  378	0.01230395	!	53.762587	4369.539494	0.704266
  904	17113	  605	  378	0.00002212	!	0.096650	4369.539494	0.704288
  904	17113	  606	  378	0.00858558	!	37.515028	4369.539494	0.712874
  904	17113	  607	  378	0.00701575	!	30.655576	4369.539494	0.719890
  904	17113	  608	  378	0.00001145	!	0.050038	4369.539494	0.719901
  904	17113	  609	  378	0.00000154	!	0.006746	4369.539494	0.719903
  904	17113	  610	  378	0.00000000	!	0.000011	4369.539494	0.719903
  904	17113	  599	  379	0.00000064	!	0.002810	4369.539494	0.719903
  904	17113	  600	  379	0.00820484	!	35.851353	4369.539494	0.728108
  904	17113	  601	  379	0.00513934	!	22.456560	4369.539494	0.733248
  904	17113	  602	  379	0.00832377	!	36.371051	4369.539494	0.741571
  904	17113	  603	  379	0.00130758	!	5.713512	4369.539494	0.742879
  904	17113	  604	  379	0.00642369	!	28.068556	4369.539494	0.749303
  904	17113	  605	  379	0.00001045	!	0.045683	4369.539494	0.749313
  904	17113	  606	  379	0.00322695	!	14.100289	4369.539494	0.752540
  904	17113	  607	  379	0.00419909	!	18.348083	4369.539494	0.756739
  904	17113	  608	  379	0.00291419	!	12.733659	4369.539494	0.759653
  904	17113	  609	  379	0.00000476	!	0.020809	4369.539494	0.759658
  904	17113	  600	  380	0.01382158	!	60.393938	4369.539494	0.773480
  904	17113	  601	  380	0.01314490	!	57.437146	4369.539494	0.786624
  904	17113	  602	  380	0.00002630	!	0.114925	4369.539494	0.786651
  904	17113	  603	  380	0.00221577	!	9.681897	4369.539494	0.788867
  904	17113	  604	  380	0.00371860	!	16.248576	4369.539494	0.792585
  904	17113	  605	  380	0.00000605	!	0.026428	4369.539494	0.792591
  904	17113	  606	  380	0.00381020	!	16.648821	4369.539494	0.796401
  904	17113	  607	  380	0.00000878	!	0.038356	4369.539494	0.796410
  904	17113	  608	  380	0.00000178	!	0.007768	4369.539494	0.796412
  904	17113	  609	  380	0.00000000	!	0.000013	4369.539494	0.796412
  904	17113	  600	  381	0.00074156	!	3.240259	4369.539494	0.797154
  904	17113	  601	  381	0.00000924	!	0.040357	4369.539494	0.797163
  904	17113	  602	  381	0.00000001	!	0.000057	4369.539494	0.797163
  904	17113	  603	  381	0.00000136	!	0.005928	4369.539494	0.797164
  904	17113	  604	  381	0.00000228	!	0.009942	4369.539494	0.797166
  904	17113	  605	  381	0.00000000	!	0.000016	4369.539494	0.797166
  904	17113	  606	  381	0.00713116	!	31.159890	4369.539494	0.804298
  904	17113	  607	  381	0.00385819	!	16.858520	4369.539494	0.808156
  904	17113	  608	  381	0.00000629	!	0.027489	4369.539494	0.808162
  904	17113	  600	  382	0.00000045	!	0.001970	4369.539494	0.808162
  904	17113	  601	  382	0.00000000	!	0.000003	4369.539494	0.808163
  904	17113	  603	  382	0.04251369	!	185.765256	4369.539494	0.850676
  904	17113	  604	  382	0.00187328	!	8.185372	4369.539494	0.852549
  904	17113	  605	  382	0.00000294	!	0.012835	4369.539494	0.852552
  904	17113	  606	  382	0.00193243	!	8.443816	4369.539494	0.854485
  904	17113	  607	  382	0.00143747	!	6.281080	4369.539494	0.855922
  904	17113	  608	  382	0.00000235	!	0.010250	4369.539494	0.855925
  904	17113	  603	  383	0.03548367	!	155.047307	4369.539494	0.891408
  904	17113	  604	  383	0.00625173	!	27.317171	4369.539494	0.897660
  904	17113	  605	  383	0.00001008	!	0.044064	4369.539494	0.897670
  904	17113	  606	  383	0.00000119	!	0.005202	4369.539494	0.897671
  904	17113	  607	  383	0.00000089	!	0.003872	4369.539494	0.897672
  904	17113	  608	  383	0.00000000	!	0.000006	4369.539494	0.897672
  904	17113	  603	  384	0.00759496	!	33.186484	4369.539494	0.905267
  904	17113	  604	  384	0.00001619	!	0.070724	4369.539494	0.905283
  904	17113	  605	  384	0.00000001	!	0.000027	4369.539494	0.905283
  904	17113	  603	  385	0.04165843	!	182.028164	4369.539494	0.946942
  904	17113	  604	  385	0.00006772	!	0.295905	4369.539494	0.947010
  904	17113	  609	  385	0.00049837	!	2.177646	4369.539494	0.947508
  904	17113	  610	  385	0.00000082	!	0.003572	4369.539494	0.947509
  904	17113	  603	  386	0.00002603	!	0.113739	4369.539494	0.947535
  904	17113	  604	  386	0.00000004	!	0.000185	4369.539494	0.947535
  904	17113	  609	  386	0.00249978	!	10.922900	4369.539494	0.950035
  904	17113	  610	  386	0.00000410	!	0.017919	4369.539494	0.950039
  904	17113	  609	  387	0.00000157	!	0.006852	4369.539494	0.950040
  904	17113	  610	  387	0.00000000	!	0.000011	4369.539494	0.950040
  904	17113	  603	  388	0.00194534	!	8.500241	4369.539494	0.951986
  904	17113	  604	  388	0.00000316	!	0.013818	4369.539494	0.951989
  904	17113	  603	  389	0.00000123	!	0.005375	4369.539494	0.951990
  904	17113	  604	  389	0.00000000	!	0.000009	4369.539494	0.951990
  904	17113	  602	  392	0.00133499	!	5.833290	4369.539494	0.953325
  904	17113	  603	  392	0.00000217	!	0.009468	4369.539494	0.953327
  904	17113	  614	  392	0.00203952	!	8.911750	4369.539494	0.955367
  904	17113	  615	  392	0.00959098	!	41.908186	4369.539494	0.964958
  904	17113	  616	  392	0.00206465	!	9.021587	4369.539494	0.967022
  904	17113	  617	  392	0.00000340	!	0.014842	4369.539494	0.967026
  904	17113	  602	  393	0.00000086	!	0.003747	4369.539494	0.967027
  904	17113	  603	  393	0.00000000	!	0.000006	4369.539494	0.967027
  904	17113	  614	  393	0.00000131	!	0.005724	4369.539494	0.967028
  904	17113	  615	  393	0.00000616	!	0.026916	4369.539494	0.967034
  904	17113	  616	  393	0.00000133	!	0.005794	4369.539494	0.967035
  904	17113	  617	  393	0.00000000	!	0.000010	4369.539494	0.967035
  904	17113	  617	  394	0.00102261	!	4.468347	4369.539494	0.968058
  904	17113	  618	  394	0.00000170	!	0.007419	4369.539494	0.968060
  904	17113	  617	  395	0.00000066	!	0.002892	4369.539494	0.968060
  904	17113	  618	  395	0.00000000	!	0.000005	4369.539494	0.968060
  904	17113	  603	  399	0.00072284	!	3.158476	4369.539494	0.968783
  904	17113	  604	  399	0.00000124	!	0.005433	4369.539494	0.968784
  904	17113	  606	  399	0.01327413	!	58.001856	4369.539494	0.982059
  904	17113	  607	  399	0.00002168	!	0.094720	4369.539494	0.982080
  904	17113	  609	  399	0.00077854	!	3.401877	4369.539494	0.982859
  904	17113	  610	  399	0.00000128	!	0.005581	4369.539494	0.982860
  904	17113	  603	  400	0.00000050	!	0.002197	4369.539494	0.982861
  904	17113	  604	  400	0.00000000	!	0.000004	4369.539494	0.982861
  904	17113	  606	  400	0.00000876	!	0.038259	4369.539494	0.982869
  904	17113	  607	  400	0.00000001	!	0.000062	4369.539494	0.982869
  904	17113	  609	  400	0.00000051	!	0.002244	4369.539494	0.982870
  904	17113	  610	  400	0.00000000	!	0.000004	4369.539494	0.982870
  904	17113	  618	  400	0.00126746	!	5.538198	4369.539494	0.984137
  904	17113	  619	  400	0.00000211	!	0.009209	4369.539494	0.984139
  904	17113	  616	  401	0.00186687	!	8.157348	4369.539494	0.986006
  904	17113	  617	  401	0.00000310	!	0.013524	4369.539494	0.986009
  904	17113	  618	  401	0.00000084	!	0.003667	4369.539494	0.986010
  904	17113	  619	  401	0.01395605	!	60.981510	4369.539494	0.999966
  904	17113	  620	  401	0.00002324	!	0.101554	4369.539494	0.999989
  904	17113	  616	  402	0.00000124	!	0.005421	4369.539494	0.999991
  904	17113	  617	  402	0.00000000	!	0.000009	4369.539494	0.999991
  904	17113	  619	  402	0.00000927	!	0.040526	4369.539494	1.000000
  904	17113	  620	  402	0.00000002	!	0.000067	4369.539494	1.000000
  904	17039	  609	  348	0.01695636	!	10.826831	638.511391	0.016956
  904	17039	  610	  348	0.00002782	!	0.017761	638.511391	0.016984
  904	17039	  609	  349	0.00000904	!	0.005773	638.511391	0.016993
  904	17039	  610	  349	0.02811313	!	17.950553	638.511391	0.045106
  904	17039	  611	  349	0.00004619	!	0.029492	638.511391	0.045153
  904	17039	  608	  350	0.02897067	!	18.498101	638.511391	0.074123
  904	17039	  609	  350	0.03599795	!	22.985103	638.511391	0.110121
  904	17039	  610	  350	0.02977762	!	19.013352	638.511391	0.139899
  904	17039	  611	  350	0.00004883	!	0.031177	638.511391	0.139948
  904	17039	  599	  351	0.05980074	!	38.183455	638.511391	0.199748
  904	17039	  600	  351	0.00009662	!	0.061692	638.511391	0.199845
  904	17039	  608	  351	0.00503250	!	3.213307	638.511391	0.204877
  904	17039	  609	  351	0.02827556	!	18.054267	638.511391	0.233153
  904	17039	  610	  351	0.00952560	!	6.082206	638.511391	0.242679
  904	17039	  611	  351	0.00001557	!	0.009944	638.511391	0.242694
  904	17039	  599	  352	0.00003233	!	0.020645	638.511391	0.242727
  904	17039	  600	  352	0.00000005	!	0.000033	638.511391	0.242727
  904	17039	  608	  352	0.00000271	!	0.001732	638.511391	0.242729
  904	17039	  609	  352	0.00001528	!	0.009755	638.511391	0.242745
  904	17039	  610	  352	0.00000514	!	0.003283	638.511391	0.242750
  904	17039	  611	  352	0.00000001	!	0.000005	638.511391	0.242750
  904	17039	  608	  353	0.03152239	!	20.127406	638.511391	0.274272
  904	17039	  609	  353	0.00005163	!	0.032969	638.511391	0.274324
  904	17039	  608	  354	0.00001720	!	0.010982	638.511391	0.274341
  904	17039	  609	  354	0.00000003	!	0.000018	638.511391	0.274341
  904	17039	  608	  356	0.01355263	!	8.653507	638.511391	0.287894
  904	17039	  609	  356	0.00002220	!	0.014175	638.511391	0.287916
  904	17039	  608	  357	0.00000750	!	0.004786	638.511391	0.287923
  904	17039	  609	  357	0.00000001	!	0.000008	638.511391	0.287923
  904	17039	  628	  360	0.02507571	!	16.011127	638.511391	0.312999
  904	17039	  629	  360	0.04788717	!	30.576504	638.511391	0.360886
  904	17039	  630	  360	0.00008087	!	0.051634	638.511391	0.360967
  904	17039	  628	  361	0.00001412	!	0.009014	638.511391	0.360981
  904	17039	  629	  361	0.00002696	!	0.017214	638.511391	0.361008
  904	17039	  630	  361	0.00000005	!	0.000029	638.511391	0.361008
  904	17039	  626	  362	0.60078818	!	383.610093	638.511391	0.961796
  904	17039	  627	  362	0.01460953	!	9.328348	638.511391	0.976406
  904	17039	  628	  362	0.00002292	!	0.014632	638.511391	0.976429
  904	17039	  625	  363	0.02317907	!	14.800100	638.511391	0.999608
  904	17039	  626	  363	0.00038382	!	0.245073	638.511391	0.999992
  904	17039	  627	  363	0.00000830	!	0.005298	638.511391	1.000000
  904	17039	  628	  363	0.00000001	!	0.000008	638.511391	1.000000
  904	17187	  512	  385	0.00062465	!	0.439320	703.304831	0.000625
  904	17187	  512	  386	0.00000032	!	0.000222	703.304831	0.000625
  904	17187	  497	  390	0.00495731	!	3.486503	703.304831	0.005582
  904	17187	  498	  390	0.00000675	!	0.004750	703.304831	0.005589
  904	17187	  497	  391	0.00000316	!	0.002222	703.304831	0.005592
  904	17187	  498	  391	0.00000000	!	0.000003	703.304831	0.005592
  904	17187	  500	  400	0.00549589	!	3.865286	703.304831	0.011088
  904	17187	  501	  400	0.00000753	!	0.005295	703.304831	0.011096
  904	17187	  500	  401	0.00000364	!	0.002559	703.304831	0.011099
  904	17187	  501	  401	0.00000000	!	0.000004	703.304831	0.011099
  904	17187	  496	  404	0.24127782	!	169.691854	703.304831	0.252377
  904	17187	  497	  404	0.08796559	!	61.866621	703.304831	0.340343
  904	17187	  498	  404	0.01028807	!	7.235647	703.304831	0.350631
  904	17187	  499	  404	0.00001388	!	0.009762	703.304831	0.350645
  904	17187	  506	  404	0.00347771	!	2.445893	703.304831	0.354122
  904	17187	  507	  404	0.00000482	!	0.003387	703.304831	0.354127
  904	17187	  496	  405	0.00231288	!	1.626661	703.304831	0.356440
  904	17187	  497	  405	0.00351751	!	2.473882	703.304831	0.359958
  904	17187	  498	  405	0.00001162	!	0.008173	703.304831	0.359969
  904	17187	  499	  405	0.00000001	!	0.000007	703.304831	0.359969
  904	17187	  506	  405	0.00000234	!	0.001644	703.304831	0.359971
  904	17187	  507	  405	0.00000000	!	0.000002	703.304831	0.359972
  904	17187	  496	  406	0.00000145	!	0.001020	703.304831	0.359973
  904	17187	  497	  406	0.02031520	!	14.287780	703.304831	0.380288
  904	17187	  498	  406	0.43458308	!	305.644376	703.304831	0.814871
  904	17187	  499	  406	0.00059315	!	0.417162	703.304831	0.815464
  904	17187	  497	  407	0.17330751	!	121.888011	703.304831	0.988772
  904	17187	  498	  407	0.00983170	!	6.914680	703.304831	0.998604
  904	17187	  499	  407	0.00001310	!	0.009212	703.304831	0.998617
  904	17187	  497	  408	0.00011774	!	0.082809	703.304831	0.998734
  904	17187	  498	  408	0.00000648	!	0.004558	703.304831	0.998741
  904	17187	  499	  408	0.00000001	!	0.000006	703.304831	0.998741
  904	17187	  502	  418	0.00125733	!	0.884286	703.304831	0.999998
  904	17187	  503	  418	0.00000176	!	0.001237	703.304831	1.000000
  904	17049	  636	  251	0.00191978	!	11.307129	5889.816366	0.001920
  904	17049	  637	  251	0.00288521	!	16.993382	5889.816366	0.004805
  904	17049	  638	  251	0.00000493	!	0.029026	5889.816366	0.004810
  904	17049	  631	  252	0.00127229	!	7.493536	5889.816366	0.006082
  904	17049	  632	  252	0.00000216	!	0.012703	5889.816366	0.006084
  904	17049	  636	  252	0.00000056	!	0.003313	5889.816366	0.006085
  904	17049	  637	  252	0.00874939	!	51.532310	5889.816366	0.014834
  904	17049	  638	  252	0.00001496	!	0.088122	5889.816366	0.014849
  904	17049	  631	  253	0.00000038	!	0.002214	5889.816366	0.014850
  904	17049	  632	  253	0.00000000	!	0.000004	5889.816366	0.014850
  904	17049	  637	  253	0.00000258	!	0.015223	5889.816366	0.014852
  904	17049	  638	  253	0.00000000	!	0.000026	5889.816366	0.014852
  904	17049	  630	  261	0.00997056	!	58.724765	5889.816366	0.024823
  904	17049	  631	  261	0.00078235	!	4.607891	5889.816366	0.025605
  904	17049	  632	  261	0.00000130	!	0.007642	5889.816366	0.025606
  904	17049	  630	  262	0.00082367	!	4.851291	5889.816366	0.026430
  904	17049	  631	  262	0.00000164	!	0.009644	5889.816366	0.026432
  904	17049	  632	  262	0.00000000	!	0.000002	5889.816366	0.026432
  904	17049	  635	  262	0.00296817	!	17.482002	5889.816366	0.029400
  904	17049	  636	  262	0.00000506	!	0.029808	5889.816366	0.029405
  904	17049	  630	  263	0.00000026	!	0.001547	5889.816366	0.029405
  904	17049	  631	  263	0.00000000	!	0.000003	5889.816366	0.029405
  904	17049	  635	  263	0.02469895	!	145.472301	5889.816366	0.054104
  904	17049	  636	  263	0.00004211	!	0.248040	5889.816366	0.054146
  904	17049	  635	  264	0.00000797	!	0.046939	5889.816366	0.054154
  904	17049	  636	  264	0.00000001	!	0.000080	5889.816366	0.054154
  904	17049	  642	  264	0.00083052	!	4.891628	5889.816366	0.054985
  904	17049	  643	  264	0.00077704	!	4.576626	5889.816366	0.055762
  904	17049	  644	  264	0.00000134	!	0.007880	5889.816366	0.055763
  904	17049	  653	  264	0.00369192	!	21.744732	5889.816366	0.059455
  904	17049	  654	  264	0.00077505	!	4.564882	5889.816366	0.060230
  904	17049	  655	  264	0.00000135	!	0.007932	5889.816366	0.060232
  904	17049	  642	  265	0.00868203	!	51.135575	5889.816366	0.068914
  904	17049	  643	  265	0.00310979	!	18.316100	5889.816366	0.072023
  904	17049	  644	  265	0.00000534	!	0.031442	5889.816366	0.072029
  904	17049	  653	  265	0.00000120	!	0.007070	5889.816366	0.072030
  904	17049	  654	  265	0.00000025	!	0.001484	5889.816366	0.072030
  904	17049	  655	  265	0.00000000	!	0.000003	5889.816366	0.072030
  904	17049	  642	  266	0.00463049	!	27.272750	5889.816366	0.076661
  904	17049	  643	  266	0.00087364	!	5.145563	5889.816366	0.077534
  904	17049	  644	  266	0.00000149	!	0.008795	5889.816366	0.077536
  904	17049	  641	  267	0.02850599	!	167.895044	5889.816366	0.106042
  904	17049	  642	  267	0.02468373	!	145.382623	5889.816366	0.130725
  904	17049	  643	  267	0.02734807	!	161.075096	5889.816366	0.158074
  904	17049	  644	  267	0.04276905	!	251.901834	5889.816366	0.200843
  904	17049	  645	  267	0.00128739	!	7.582499	5889.816366	0.202130
  904	17049	  646	  267	0.00000210	!	0.012365	5889.816366	0.202132
  904	17049	  641	  268	0.16870178	!	993.622514	5889.816366	0.370834
  904	17049	  642	  268	0.02670375	!	157.280172	5889.816366	0.397538
  904	17049	  643	  268	0.00582017	!	34.279751	5889.816366	0.403358
  904	17049	  644	  268	0.00088552	!	5.215543	5889.816366	0.404243
  904	17049	  645	  268	0.00088403	!	5.206777	5889.816366	0.405127
  904	17049	  646	  268	0.00000153	!	0.008992	5889.816366	0.405129
  904	17049	  641	  269	0.36052394	!	2123.419813	5889.816366	0.765653
  904	17049	  642	  269	0.00579848	!	34.152002	5889.816366	0.771451
  904	17049	  643	  269	0.02372380	!	139.728839	5889.816366	0.795175
  904	17049	  644	  269	0.00004120	!	0.242632	5889.816366	0.795216
  904	17049	  645	  269	0.00000030	!	0.001744	5889.816366	0.795217
  904	17049	  646	  269	0.01132351	!	66.693410	5889.816366	0.806540
  904	17049	  647	  269	0.00685030	!	40.347015	5889.816366	0.813390
  904	17049	  648	  269	0.00001185	!	0.069796	5889.816366	0.813402
  904	17049	  641	  270	0.00012167	!	0.716624	5889.816366	0.813524
  904	17049	  642	  270	0.00000195	!	0.011510	5889.816366	0.813526
  904	17049	  643	  270	0.00098081	!	5.776796	5889.816366	0.814507
  904	17049	  644	  270	0.12195059	!	718.266583	5889.816366	0.936457
  904	17049	  645	  270	0.00021066	!	1.240728	5889.816366	0.936668
  904	17049	  646	  270	0.00000382	!	0.022512	5889.816366	0.936672
  904	17049	  647	  270	0.00079062	!	4.656600	5889.816366	0.937462
  904	17049	  648	  270	0.00000137	!	0.008079	5889.816366	0.937464
  904	17049	  638	  271	0.00099716	!	5.873071	5889.816366	0.938461
  904	17049	  639	  271	0.00000171	!	0.010058	5889.816366	0.938463
  904	17049	  643	  271	0.00152347	!	8.972982	5889.816366	0.939986
  904	17049	  644	  271	0.00004409	!	0.259696	5889.816366	0.940030
  904	17049	  645	  271	0.00145731	!	8.583315	5889.816366	0.941487
  904	17049	  646	  271	0.00115101	!	6.779209	5889.816366	0.942638
  904	17049	  647	  271	0.00000226	!	0.013297	5889.816366	0.942641
  904	17049	  648	  271	0.00000000	!	0.000003	5889.816366	0.942641
  904	17049	  638	  272	0.00000034	!	0.002011	5889.816366	0.942641
  904	17049	  639	  272	0.00000000	!	0.000003	5889.816366	0.942641
  904	17049	  643	  272	0.00000052	!	0.003073	5889.816366	0.942642
  904	17049	  644	  272	0.00129002	!	7.598003	5889.816366	0.943932
  904	17049	  645	  272	0.00000273	!	0.016064	5889.816366	0.943934
  904	17049	  646	  272	0.00000039	!	0.002322	5889.816366	0.943935
  904	17049	  647	  272	0.00000000	!	0.000004	5889.816366	0.943935
  904	17049	  653	  272	0.00198265	!	11.677469	5889.816366	0.945917
  904	17049	  654	  272	0.00000347	!	0.020433	5889.816366	0.945921
  904	17049	  644	  273	0.00000045	!	0.002621	5889.816366	0.945921
  904	17049	  645	  273	0.00000000	!	0.000005	5889.816366	0.945921
  904	17049	  653	  273	0.00235941	!	13.896521	5889.816366	0.948281
  904	17049	  654	  273	0.00000447	!	0.026316	5889.816366	0.948285
  904	17049	  645	  274	0.02934136	!	172.815210	5889.816366	0.977627
  904	17049	  646	  274	0.00005076	!	0.298953	5889.816366	0.977677
  904	17049	  645	  275	0.02227627	!	131.203164	5889.816366	0.999954
  904	17049	  646	  275	0.00003854	!	0.226968	5889.816366	0.999992
  904	17049	  645	  276	0.00000785	!	0.046215	5889.816366	1.000000
  904	17049	  646	  276	0.00000001	!	0.000080	5889.816366	1.000000
  904	17181	  616	  118	0.00000189	!	0.000253	133.859714	0.000002
  904	17181	  617	  118	0.00000000	!	0.000000	133.859714	0.000002
  904	17181	  616	  119	0.05210184	!	6.974337	133.859714	0.052104
  904	17181	  617	  119	0.00008638	!	0.011563	133.859714	0.052190
  904	17181	  616	  120	0.10002614	!	13.389470	133.859714	0.152216
  904	17181	  617	  120	0.00016583	!	0.022198	133.859714	0.152382
  904	17181	  610	  125	0.00000453	!	0.000607	133.859714	0.152387
  904	17181	  611	  125	0.00000001	!	0.000001	133.859714	0.152387
  904	17181	  616	  125	0.00000303	!	0.000405	133.859714	0.152390
  904	17181	  617	  125	0.00000001	!	0.000001	133.859714	0.152390
  904	17181	  609	  126	0.00000061	!	0.000081	133.859714	0.152390
  904	17181	  610	  126	0.23897480	!	31.989099	133.859714	0.391365
  904	17181	  611	  126	0.00039510	!	0.052888	133.859714	0.391760
  904	17181	  612	  126	0.00000000	!	0.000001	133.859714	0.391760
  904	17181	  616	  126	0.15942722	!	21.340882	133.859714	0.551187
  904	17181	  617	  126	0.00026431	!	0.035381	133.859714	0.551452
  904	17181	  609	  127	0.03689915	!	4.939310	133.859714	0.588351
  904	17181	  610	  127	0.03113035	!	4.167100	133.859714	0.619481
  904	17181	  611	  127	0.14978833	!	20.050623	133.859714	0.769270
  904	17181	  612	  127	0.00024639	!	0.032981	133.859714	0.769516
  904	17181	  617	  127	0.00000115	!	0.000154	133.859714	0.769517
  904	17181	  618	  127	0.00000000	!	0.000000	133.859714	0.769517
  904	17181	  617	  128	0.08210596	!	10.990681	133.859714	0.851623
  904	17181	  618	  128	0.00013633	!	0.018249	133.859714	0.851759
  904	17181	  608	  129	0.00000039	!	0.000052	133.859714	0.851760
  904	17181	  609	  129	0.00000000	!	0.000000	133.859714	0.851760
  904	17181	  608	  130	0.04306174	!	5.764233	133.859714	0.894822
  904	17181	  609	  130	0.00007054	!	0.009442	133.859714	0.894892
  904	17181	  608	  131	0.00000015	!	0.000020	133.859714	0.894892
  904	17181	  609	  131	0.00000000	!	0.000000	133.859714	0.894892
  904	17181	  613	  131	0.00000028	!	0.000038	133.859714	0.894892
  904	17181	  614	  131	0.00000000	!	0.000000	133.859714	0.894892
  904	17181	  608	  132	0.03628801	!	4.857502	133.859714	0.931180
  904	17181	  609	  132	0.00005944	!	0.007957	133.859714	0.931240
  904	17181	  613	  132	0.06864678	!	9.189038	133.859714	0.999887
  904	17181	  614	  132	0.00011330	!	0.015166	133.859714	1.000000
  904	17103	  567	  470	0.00295441	!	6.286719	2127.908885	0.002954
  904	17103	  568	  470	0.00000454	!	0.009658	2127.908885	0.002959
  904	17103	  567	  471	0.00000247	!	0.005253	2127.908885	0.002961
  904	17103	  568	  471	0.00000000	!	0.000008	2127.908885	0.002961
  904	17103	  574	  478	0.00518086	!	11.024405	2127.908885	0.008142
  904	17103	  575	  478	0.00000805	!	0.017127	2127.908885	0.008150
  904	17103	  574	  479	0.00000443	!	0.009431	2127.908885	0.008155
  904	17103	  575	  479	0.00000001	!	0.000015	2127.908885	0.008155
  904	17103	  555	  480	0.00280324	!	5.965041	2127.908885	0.010958
  904	17103	  556	  480	0.00002185	!	0.046499	2127.908885	0.010980
  904	17103	  568	  480	0.00310769	!	6.612872	2127.908885	0.014088
  904	17103	  569	  480	0.00211923	!	4.509523	2127.908885	0.016207
  904	17103	  570	  480	0.00100091	!	2.129840	2127.908885	0.017208
  904	17103	  571	  480	0.00000154	!	0.003277	2127.908885	0.017209
  904	17103	  594	  480	0.13376485	!	284.639407	2127.908885	0.150974
  904	17103	  595	  480	0.00021446	!	0.456349	2127.908885	0.151189
  904	17103	  555	  481	0.00000293	!	0.006243	2127.908885	0.151191
  904	17103	  556	  481	0.00000002	!	0.000040	2127.908885	0.151191
  904	17103	  566	  481	0.00126355	!	2.688723	2127.908885	0.152455
  904	17103	  567	  481	0.00000194	!	0.004124	2127.908885	0.152457
  904	17103	  568	  481	0.00000267	!	0.005690	2127.908885	0.152460
  904	17103	  569	  481	0.00000182	!	0.003880	2127.908885	0.152461
  904	17103	  570	  481	0.00000086	!	0.001832	2127.908885	0.152462
  904	17103	  571	  481	0.00000000	!	0.000003	2127.908885	0.152462
  904	17103	  594	  481	0.01899941	!	40.429008	2127.908885	0.171462
  904	17103	  595	  481	0.00003046	!	0.064818	2127.908885	0.171492
  904	17103	  566	  482	0.00000109	!	0.002320	2127.908885	0.171493
  904	17103	  567	  482	0.00000000	!	0.000004	2127.908885	0.171493
  904	17103	  594	  482	0.00001629	!	0.034674	2127.908885	0.171510
  904	17103	  595	  482	0.00000003	!	0.000056	2127.908885	0.171510
  904	17103	  561	  483	0.00290522	!	6.182044	2127.908885	0.174415
  904	17103	  562	  483	0.00000442	!	0.009405	2127.908885	0.174419
  904	17103	  594	  483	0.00245104	!	5.215590	2127.908885	0.176870
  904	17103	  595	  483	0.00000393	!	0.008362	2127.908885	0.176874
  904	17103	  561	  484	0.00000252	!	0.005365	2127.908885	0.176877
  904	17103	  562	  484	0.00000000	!	0.000008	2127.908885	0.176877
  904	17103	  594	  484	0.00000213	!	0.004526	2127.908885	0.176879
  904	17103	  595	  484	0.00000000	!	0.000007	2127.908885	0.176879
  904	17103	  565	  485	0.09644114	!	205.217954	2127.908885	0.273320
  904	17103	  566	  485	0.00014768	!	0.314241	2127.908885	0.273468
  904	17103	  564	  486	0.27737233	!	590.223047	2127.908885	0.550840
  904	17103	  565	  486	0.05749023	!	122.333975	2127.908885	0.608330
  904	17103	  566	  486	0.00008738	!	0.185943	2127.908885	0.608418
  904	17103	  567	  486	0.00175066	!	3.725245	2127.908885	0.610168
  904	17103	  568	  486	0.00537509	!	11.437699	2127.908885	0.615543
  904	17103	  569	  486	0.00000827	!	0.017590	2127.908885	0.615552
  904	17103	  563	  487	0.00305371	!	6.498015	2127.908885	0.618605
  904	17103	  564	  487	0.00024744	!	0.526520	2127.908885	0.618853
  904	17103	  565	  487	0.00719024	!	15.300167	2127.908885	0.626043
  904	17103	  566	  487	0.01502666	!	31.975369	2127.908885	0.641070
  904	17103	  567	  487	0.00002456	!	0.052266	2127.908885	0.641094
  904	17103	  568	  487	0.00000470	!	0.010011	2127.908885	0.641099
  904	17103	  569	  487	0.00000001	!	0.000015	2127.908885	0.641099
  904	17103	  570	  487	0.00705061	!	15.003051	2127.908885	0.648150
  904	17103	  571	  487	0.00001088	!	0.023160	2127.908885	0.648160
  904	17103	  562	  488	0.00036433	!	0.775255	2127.908885	0.648525
  904	17103	  563	  488	0.01581828	!	33.659860	2127.908885	0.664343
  904	17103	  564	  488	0.00208689	!	4.440714	2127.908885	0.666430
  904	17103	  565	  488	0.03097633	!	65.914816	2127.908885	0.697406
  904	17103	  566	  488	0.00006061	!	0.128968	2127.908885	0.697467
  904	17103	  567	  488	0.00000002	!	0.000043	2127.908885	0.697467
  904	17103	  570	  488	0.00000619	!	0.013169	2127.908885	0.697473
  904	17103	  571	  488	0.00000001	!	0.000020	2127.908885	0.697473
  904	17103	  562	  489	0.00000032	!	0.000682	2127.908885	0.697473
  904	17103	  563	  489	0.01213154	!	25.814808	2127.908885	0.709605
  904	17103	  564	  489	0.00002033	!	0.043264	2127.908885	0.709625
  904	17103	  565	  489	0.00097123	!	2.066679	2127.908885	0.710597
  904	17103	  566	  489	0.00000149	!	0.003165	2127.908885	0.710598
  904	17103	  575	  489	0.00083221	!	1.770876	2127.908885	0.711430
  904	17103	  576	  489	0.00000129	!	0.002756	2127.908885	0.711432
  904	17103	  563	  490	0.00097534	!	2.075430	2127.908885	0.712407
  904	17103	  564	  490	0.00000149	!	0.003168	2127.908885	0.712408
  904	17103	  565	  490	0.00000083	!	0.001773	2127.908885	0.712409
  904	17103	  566	  490	0.00000000	!	0.000003	2127.908885	0.712409
  904	17103	  575	  490	0.00000073	!	0.001563	2127.908885	0.712410
  904	17103	  576	  490	0.00000000	!	0.000002	2127.908885	0.712410
  904	17103	  563	  491	0.00000085	!	0.001817	2127.908885	0.712411
  904	17103	  564	  491	0.00000000	!	0.000003	2127.908885	0.712411
  904	17103	  577	  491	0.08966871	!	190.806835	2127.908885	0.802079
  904	17103	  578	  491	0.00013998	!	0.297858	2127.908885	0.802219
  904	17103	  580	  491	0.04561105	!	97.056162	2127.908885	0.847831
  904	17103	  581	  491	0.00007154	!	0.152232	2127.908885	0.847902
  904	17103	  577	  492	0.00007960	!	0.169372	2127.908885	0.847982
  904	17103	  578	  492	0.00000012	!	0.000264	2127.908885	0.847982
  904	17103	  580	  492	0.00004049	!	0.086153	2127.908885	0.848022
  904	17103	  581	  492	0.00000006	!	0.000135	2127.908885	0.848022
  904	17103	  589	  494	0.06517854	!	138.693993	2127.908885	0.913201
  904	17103	  590	  494	0.00012646	!	0.269097	2127.908885	0.913327
  904	17103	  591	  494	0.08651722	!	184.100760	2127.908885	0.999845
  904	17103	  592	  494	0.00015545	!	0.330775	2127.908885	1.000000
  904	17005	  577	  234	0.00046550	!	0.465601	1000.224056	0.000465
  904	17005	  578	  234	0.00001612	!	0.016122	1000.224056	0.000482
  904	17005	  577	  235	0.00000025	!	0.000251	1000.224056	0.000482
  904	17005	  578	  235	0.00000000	!	0.000004	1000.224056	0.000482
  904	17005	  580	  238	0.01021351	!	10.215800	1000.224056	0.010695
  904	17005	  581	  238	0.00284994	!	2.850582	1000.224056	0.013545
  904	17005	  582	  238	0.00000445	!	0.004453	1000.224056	0.013550
  904	17005	  580	  239	0.04040087	!	40.409919	1000.224056	0.053951
  904	17005	  581	  239	0.00006411	!	0.064122	1000.224056	0.054015
  904	17005	  582	  239	0.00000000	!	0.000001	1000.224056	0.054015
  904	17005	  580	  240	0.00001063	!	0.010637	1000.224056	0.054025
  904	17005	  581	  240	0.00000002	!	0.000017	1000.224056	0.054025
  904	17005	  589	  243	0.03212646	!	32.133662	1000.224056	0.086152
  904	17005	  590	  243	0.06623400	!	66.248837	1000.224056	0.152386
  904	17005	  591	  243	0.74162693	!	741.793094	1000.224056	0.894013
  904	17005	  592	  243	0.00118332	!	1.183589	1000.224056	0.895196
  904	17005	  588	  244	0.00668078	!	6.682277	1000.224056	0.901877
  904	17005	  589	  244	0.00750276	!	7.504442	1000.224056	0.909380
  904	17005	  590	  244	0.00003000	!	0.030003	1000.224056	0.909410
  904	17005	  591	  244	0.07830992	!	78.327469	1000.224056	0.987720
  904	17005	  592	  244	0.00012497	!	0.124995	1000.224056	0.987845
  904	17005	  588	  245	0.00000184	!	0.001842	1000.224056	0.987846
  904	17005	  589	  245	0.00000207	!	0.002066	1000.224056	0.987848
  904	17005	  590	  245	0.00000000	!	0.000003	1000.224056	0.987848
  904	17005	  591	  245	0.00002153	!	0.021533	1000.224056	0.987870
  904	17005	  592	  245	0.00000003	!	0.000034	1000.224056	0.987870
  904	17005	  598	  246	0.00345989	!	3.460664	1000.224056	0.991330
  904	17005	  599	  246	0.00000558	!	0.005583	1000.224056	0.991335
  904	17005	  597	  247	0.00384727	!	3.848134	1000.224056	0.995183
  904	17005	  598	  247	0.00481088	!	4.811958	1000.224056	0.999994
  904	17005	  599	  247	0.00000396	!	0.003958	1000.224056	0.999998
  904	17005	  597	  248	0.00000109	!	0.001089	1000.224056	0.999999
  904	17005	  598	  248	0.00000131	!	0.001313	1000.224056	1.000000
  904	17171	  510	  304	0.54446851	!	5.273597	9.685771	0.544469
  904	17171	  511	  304	0.00075939	!	0.007355	9.685771	0.545228
  904	17171	  510	  305	0.00023098	!	0.002237	9.685771	0.545459
  904	17171	  511	  305	0.00000032	!	0.000003	9.685771	0.545459
  904	17171	  509	  307	0.23635952	!	2.289324	9.685771	0.781819
  904	17171	  510	  307	0.00032907	!	0.003187	9.685771	0.782148
  904	17171	  509	  308	0.00010203	!	0.000988	9.685771	0.782250
  904	17171	  510	  308	0.00000014	!	0.000001	9.685771	0.782250
  904	17171	  506	  309	0.06445066	!	0.624254	9.685771	0.846701
  904	17171	  507	  309	0.00029610	!	0.002868	9.685771	0.846997
  904	17171	  512	  309	0.15271038	!	1.479118	9.685771	0.999707
  904	17171	  513	  309	0.00021375	!	0.002070	9.685771	0.999921
  904	17171	  506	  310	0.00001225	!	0.000119	9.685771	0.999933
  904	17171	  507	  310	0.00000013	!	0.000001	9.685771	0.999933
  904	17171	  512	  310	0.00006668	!	0.000646	9.685771	1.000000
  904	17171	  513	  310	0.00000009	!	0.000001	9.685771	1.000000
  904	17075	  663	  388	0.00468076	!	6.078168	1298.541763	0.004681
  904	17075	  664	  388	0.00000831	!	0.010786	1298.541763	0.004689
  904	17075	  662	  389	0.17294348	!	224.574336	1298.541763	0.177633
  904	17075	  663	  389	0.00030944	!	0.401817	1298.541763	0.177942
  904	17075	  664	  389	0.00000001	!	0.000007	1298.541763	0.177942
  904	17075	  662	  390	0.14651451	!	190.255213	1298.541763	0.324457
  904	17075	  663	  390	0.00025964	!	0.337156	1298.541763	0.324716
  904	17075	  662	  391	0.00009330	!	0.121160	1298.541763	0.324809
  904	17075	  663	  391	0.00000017	!	0.000215	1298.541763	0.324810
  904	17075	  672	  391	0.00287590	!	3.734479	1298.541763	0.327686
  904	17075	  673	  391	0.00000517	!	0.006711	1298.541763	0.327691
  904	17075	  672	  392	0.00000184	!	0.002389	1298.541763	0.327693
  904	17075	  673	  392	0.00000000	!	0.000004	1298.541763	0.327693
  904	17075	  681	  397	0.00566866	!	7.360993	1298.541763	0.333361
  904	17075	  682	  397	0.00001031	!	0.013392	1298.541763	0.333372
  904	17075	  684	  397	0.00188979	!	2.453975	1298.541763	0.335261
  904	17075	  685	  397	0.00000345	!	0.004483	1298.541763	0.335265
  904	17075	  681	  398	0.00000371	!	0.004819	1298.541763	0.335268
  904	17075	  682	  398	0.00000001	!	0.000009	1298.541763	0.335268
  904	17075	  684	  398	0.00000124	!	0.001607	1298.541763	0.335270
  904	17075	  685	  398	0.00000000	!	0.000003	1298.541763	0.335270
  904	17075	  684	  399	0.00333422	!	4.329621	1298.541763	0.338604
  904	17075	  685	  399	0.00000609	!	0.007909	1298.541763	0.338610
  904	17075	  684	  400	0.00000220	!	0.002856	1298.541763	0.338612
  904	17075	  685	  400	0.00000000	!	0.000005	1298.541763	0.338612
  904	17075	  690	  400	0.00709743	!	9.216307	1298.541763	0.345710
  904	17075	  691	  400	0.00001307	!	0.016973	1298.541763	0.345723
  904	17075	  690	  401	0.00000470	!	0.006102	1298.541763	0.345727
  904	17075	  691	  401	0.00000001	!	0.000011	1298.541763	0.345727
  904	17075	  663	  402	0.00369969	!	4.804197	1298.541763	0.349427
  904	17075	  664	  402	0.00000657	!	0.008526	1298.541763	0.349434
  904	17075	  663	  403	0.00000247	!	0.003205	1298.541763	0.349436
  904	17075	  664	  403	0.00571212	!	7.417426	1298.541763	0.355148
  904	17075	  665	  403	0.00001015	!	0.013181	1298.541763	0.355158
  904	17075	  664	  404	0.00567221	!	7.365608	1298.541763	0.360831
  904	17075	  665	  404	0.00001008	!	0.013089	1298.541763	0.360841
  904	17075	  664	  405	0.00000381	!	0.004946	1298.541763	0.360845
  904	17075	  665	  405	0.00000001	!	0.000009	1298.541763	0.360845
  904	17075	  663	  406	0.04265161	!	55.384899	1298.541763	0.403496
  904	17075	  664	  406	0.47329110	!	614.588255	1298.541763	0.876787
  904	17075	  665	  406	0.00372029	!	4.830958	1298.541763	0.880508
  904	17075	  666	  406	0.00000512	!	0.006654	1298.541763	0.880513
  904	17075	  663	  407	0.00231027	!	2.999983	1298.541763	0.882823
  904	17075	  664	  407	0.02025413	!	26.300837	1298.541763	0.903077
  904	17075	  665	  407	0.00543410	!	7.056409	1298.541763	0.908511
  904	17075	  666	  407	0.00000961	!	0.012474	1298.541763	0.908521
  904	17075	  663	  408	0.00000155	!	0.002013	1298.541763	0.908522
  904	17075	  664	  408	0.00569571	!	7.396117	1298.541763	0.914218
  904	17075	  665	  408	0.00001379	!	0.017904	1298.541763	0.914232
  904	17075	  666	  408	0.00000001	!	0.000008	1298.541763	0.914232
  904	17075	  673	  408	0.00142179	!	1.846257	1298.541763	0.915654
  904	17075	  674	  408	0.00000256	!	0.003322	1298.541763	0.915656
  904	17075	  664	  409	0.00000387	!	0.005032	1298.541763	0.915660
  904	17075	  665	  409	0.00000001	!	0.000009	1298.541763	0.915660
  904	17075	  673	  409	0.00000097	!	0.001259	1298.541763	0.915661
  904	17075	  674	  409	0.00000000	!	0.000002	1298.541763	0.915661
  904	17075	  680	  409	0.02284775	!	29.668757	1298.541763	0.938509
  904	17075	  681	  409	0.00004151	!	0.053903	1298.541763	0.938550
  904	17075	  680	  410	0.00001564	!	0.020305	1298.541763	0.938566
  904	17075	  681	  410	0.00000003	!	0.000037	1298.541763	0.938566
  904	17075	  682	  410	0.01749699	!	22.720575	1298.541763	0.956063
  904	17075	  683	  410	0.01385114	!	17.986279	1298.541763	0.969914
  904	17075	  684	  410	0.00002521	!	0.032737	1298.541763	0.969939
  904	17075	  680	  411	0.01070800	!	13.904780	1298.541763	0.980647
  904	17075	  681	  411	0.00001945	!	0.025263	1298.541763	0.980667
  904	17075	  682	  411	0.00001202	!	0.015606	1298.541763	0.980679
  904	17075	  683	  411	0.00000951	!	0.012354	1298.541763	0.980688
  904	17075	  684	  411	0.00000002	!	0.000022	1298.541763	0.980688
  904	17075	  680	  412	0.00000738	!	0.009585	1298.541763	0.980696
  904	17075	  681	  412	0.00000001	!	0.000017	1298.541763	0.980696
  904	17075	  671	  416	0.00294530	!	3.824599	1298.541763	0.983641
  904	17075	  672	  416	0.00000529	!	0.006863	1298.541763	0.983646
  904	17075	  671	  417	0.00000207	!	0.002684	1298.541763	0.983648
  904	17075	  672	  417	0.00000000	!	0.000005	1298.541763	0.983648
  904	17075	  687	  419	0.00533771	!	6.931235	1298.541763	0.988986
  904	17075	  688	  419	0.00000979	!	0.012713	1298.541763	0.988996
  904	17075	  687	  420	0.00000379	!	0.004915	1298.541763	0.989000
  904	17075	  688	  420	0.00000001	!	0.000009	1298.541763	0.989000
  904	17075	  680	  421	0.00281741	!	3.658526	1298.541763	0.991817
  904	17075	  681	  421	0.00000512	!	0.006647	1298.541763	0.991822
  904	17075	  680	  422	0.00000201	!	0.002613	1298.541763	0.991824
  904	17075	  681	  422	0.00000000	!	0.000005	1298.541763	0.991824
  904	17075	  687	  424	0.00486990	!	6.323770	1298.541763	0.996694
  904	17075	  688	  424	0.00000893	!	0.011599	1298.541763	0.996703
  904	17075	  687	  425	0.00000351	!	0.004563	1298.541763	0.996707
  904	17075	  688	  425	0.00000001	!	0.000008	1298.541763	0.996707
  904	17075	  668	  427	0.00328704	!	4.268363	1298.541763	0.999994
  904	17075	  669	  427	0.00000642	!	0.008341	1298.541763	1.000000
  904	17101	  690	  239	0.02505137	!	1.338273	53.421144	0.025051
  904	17101	  691	  239	0.00004614	!	0.002465	53.421144	0.025098
  904	17101	  696	  239	0.07638408	!	4.080525	53.421144	0.101482
  904	17101	  697	  239	0.00014181	!	0.007576	53.421144	0.101623
  904	17101	  690	  240	0.00000659	!	0.000352	53.421144	0.101630
  904	17101	  691	  240	0.00000001	!	0.000001	53.421144	0.101630
  904	17101	  696	  240	0.00002011	!	0.001074	53.421144	0.101650
  904	17101	  697	  240	0.00000004	!	0.000002	53.421144	0.101650
  904	17101	  700	  240	0.09319003	!	4.978318	53.421144	0.194840
  904	17101	  701	  240	0.39581600	!	21.144944	53.421144	0.590656
  904	17101	  702	  240	0.00073945	!	0.039503	53.421144	0.591396
  904	17101	  700	  241	0.00002476	!	0.001323	53.421144	0.591420
  904	17101	  701	  241	0.40770807	!	21.780232	53.421144	0.999128
  904	17101	  702	  241	0.00076201	!	0.040707	53.421144	0.999890
  904	17101	  701	  242	0.00010932	!	0.005840	53.421144	1.000000
  904	17101	  702	  242	0.00000020	!	0.000011	53.421144	1.000000
  904	17091	  668	  427	0.00060804	!	2.159593	3551.699159	0.000608
  904	17091	  669	  427	0.00000089	!	0.003146	3551.699159	0.000609
  904	17091	  668	  428	0.00117326	!	4.167054	3551.699159	0.001782
  904	17091	  669	  428	0.00000210	!	0.007447	3551.699159	0.001784
  904	17091	  668	  429	0.00000086	!	0.003045	3551.699159	0.001785
  904	17091	  669	  429	0.00000000	!	0.000005	3551.699159	0.001785
  904	17091	  680	  430	0.00406733	!	14.445926	3551.699159	0.005852
  904	17091	  681	  430	0.00000739	!	0.026246	3551.699159	0.005860
  904	17091	  680	  431	0.00000300	!	0.010639	3551.699159	0.005863
  904	17091	  681	  431	0.00000001	!	0.000019	3551.699159	0.005863
  904	17091	  669	  433	0.00515048	!	18.292963	3551.699159	0.011013
  904	17091	  670	  433	0.15535268	!	551.765990	3551.699159	0.166366
  904	17091	  671	  433	0.00027837	!	0.988702	3551.699159	0.166644
  904	17091	  669	  434	0.02189522	!	77.765243	3551.699159	0.188540
  904	17091	  670	  434	0.02315120	!	82.226107	3551.699159	0.211691
  904	17091	  671	  434	0.00004142	!	0.147099	3551.699159	0.211732
  904	17091	  674	  434	0.00129973	!	4.616261	3551.699159	0.213032
  904	17091	  675	  434	0.00000234	!	0.008318	3551.699159	0.213034
  904	17091	  669	  435	0.00001634	!	0.058030	3551.699159	0.213051
  904	17091	  670	  435	0.00001719	!	0.061064	3551.699159	0.213068
  904	17091	  671	  435	0.00000003	!	0.000109	3551.699159	0.213068
  904	17091	  674	  435	0.00000097	!	0.003445	3551.699159	0.213069
  904	17091	  675	  435	0.00000000	!	0.000006	3551.699159	0.213069
  904	17091	  669	  436	0.00942322	!	33.468444	3551.699159	0.222492
  904	17091	  670	  436	0.00231488	!	8.221761	3551.699159	0.224807
  904	17091	  671	  436	0.00171062	!	6.075617	3551.699159	0.226518
  904	17091	  672	  436	0.00000306	!	0.010876	3551.699159	0.226521
  904	17091	  666	  437	0.01494999	!	53.097860	3551.699159	0.241471
  904	17091	  667	  437	0.00316936	!	11.256599	3551.699159	0.244640
  904	17091	  668	  437	0.00452208	!	16.061085	3551.699159	0.249162
  904	17091	  669	  437	0.01230207	!	43.693244	3551.699159	0.261464
  904	17091	  670	  437	0.00851459	!	30.241275	3551.699159	0.269979
  904	17091	  671	  437	0.00586049	!	20.814685	3551.699159	0.275839
  904	17091	  672	  437	0.07558881	!	268.468726	3551.699159	0.351428
  904	17091	  673	  437	0.00013581	!	0.482361	3551.699159	0.351564
  904	17091	  666	  438	0.00001127	!	0.040025	3551.699159	0.351575
  904	17091	  667	  438	0.00000239	!	0.008485	3551.699159	0.351577
  904	17091	  668	  438	0.00074284	!	2.638339	3551.699159	0.352320
  904	17091	  669	  438	0.00903534	!	32.090801	3551.699159	0.361356
  904	17091	  670	  438	0.03105953	!	110.314120	3551.699159	0.392415
  904	17091	  671	  438	0.01348019	!	47.877591	3551.699159	0.405895
  904	17091	  672	  438	0.00137933	!	4.898972	3551.699159	0.407275
  904	17091	  673	  438	0.00000244	!	0.008650	3551.699159	0.407277
  904	17091	  678	  438	0.00167997	!	5.966748	3551.699159	0.408957
  904	17091	  679	  438	0.00000304	!	0.010811	3551.699159	0.408960
  904	17091	  668	  439	0.00000056	!	0.001986	3551.699159	0.408961
  904	17091	  669	  439	0.00423624	!	15.045850	3551.699159	0.413197
  904	17091	  670	  439	0.00330690	!	11.745126	3551.699159	0.416504
  904	17091	  671	  439	0.00378271	!	13.435059	3551.699159	0.420287
  904	17091	  672	  439	0.00000776	!	0.027558	3551.699159	0.420294
  904	17091	  673	  439	0.00000000	!	0.000006	3551.699159	0.420294
  904	17091	  678	  439	0.00000127	!	0.004512	3551.699159	0.420296
  904	17091	  679	  439	0.00000000	!	0.000008	3551.699159	0.420296
  904	17091	  667	  440	0.00035191	!	1.249890	3551.699159	0.420648
  904	17091	  668	  440	0.00314779	!	11.180011	3551.699159	0.423795
  904	17091	  669	  440	0.00659373	!	23.418953	3551.699159	0.430389
  904	17091	  670	  440	0.01828215	!	64.932681	3551.699159	0.448671
  904	17091	  671	  440	0.00347382	!	12.337971	3551.699159	0.452145
  904	17091	  672	  440	0.00000617	!	0.021932	3551.699159	0.452151
  904	17091	  667	  441	0.00000027	!	0.000951	3551.699159	0.452151
  904	17091	  668	  441	0.00177079	!	6.289317	3551.699159	0.453922
  904	17091	  669	  441	0.00230503	!	8.186774	3551.699159	0.456227
  904	17091	  670	  441	0.00970531	!	34.470330	3551.699159	0.465933
  904	17091	  671	  441	0.00085716	!	3.044363	3551.699159	0.466790
  904	17091	  672	  441	0.00000151	!	0.005352	3551.699159	0.466791
  904	17091	  678	  441	0.00466876	!	16.582028	3551.699159	0.471460
  904	17091	  679	  441	0.00000846	!	0.030044	3551.699159	0.471468
  904	17091	  682	  441	0.00128439	!	4.561782	3551.699159	0.472753
  904	17091	  683	  441	0.00000234	!	0.008311	3551.699159	0.472755
  904	17091	  668	  442	0.00078534	!	2.789305	3551.699159	0.473541
  904	17091	  669	  442	0.00680272	!	24.161227	3551.699159	0.480343
  904	17091	  670	  442	0.01354207	!	48.097371	3551.699159	0.493885
  904	17091	  671	  442	0.00002488	!	0.088383	3551.699159	0.493910
  904	17091	  672	  442	0.00000000	!	0.000004	3551.699159	0.493910
  904	17091	  678	  442	0.00000357	!	0.012664	3551.699159	0.493914
  904	17091	  679	  442	0.00000001	!	0.000023	3551.699159	0.493914
  904	17091	  680	  442	0.00666244	!	23.662994	3551.699159	0.500576
  904	17091	  681	  442	0.01138115	!	40.422436	3551.699159	0.511957
  904	17091	  682	  442	0.01187334	!	42.170523	3551.699159	0.523831
  904	17091	  683	  442	0.00002159	!	0.076692	3551.699159	0.523852
  904	17091	  668	  443	0.00000060	!	0.002133	3551.699159	0.523853
  904	17091	  669	  443	0.00000521	!	0.018507	3551.699159	0.523858
  904	17091	  670	  443	0.01808700	!	64.239578	3551.699159	0.541945
  904	17091	  671	  443	0.00003241	!	0.115117	3551.699159	0.541978
  904	17091	  680	  443	0.00000510	!	0.018130	3551.699159	0.541983
  904	17091	  681	  443	0.00000872	!	0.030971	3551.699159	0.541991
  904	17091	  682	  443	0.01887394	!	67.034570	3551.699159	0.560865
  904	17091	  683	  443	0.00003438	!	0.122124	3551.699159	0.560900
  904	17091	  668	  444	0.06261353	!	222.384419	3551.699159	0.623513
  904	17091	  669	  444	0.02362628	!	83.913438	3551.699159	0.647140
  904	17091	  670	  444	0.00005597	!	0.198803	3551.699159	0.647196
  904	17091	  671	  444	0.00000002	!	0.000088	3551.699159	0.647196
  904	17091	  682	  444	0.00001450	!	0.051502	3551.699159	0.647210
  904	17091	  683	  444	0.00000003	!	0.000094	3551.699159	0.647210
  904	17091	  668	  445	0.00004828	!	0.171490	3551.699159	0.647258
  904	17091	  669	  445	0.00001822	!	0.064709	3551.699159	0.647277
  904	17091	  670	  445	0.00000003	!	0.000115	3551.699159	0.647277
  904	17091	  672	  445	0.05465419	!	194.115245	3551.699159	0.701931
  904	17091	  673	  445	0.00009821	!	0.348817	3551.699159	0.702029
  904	17091	  671	  446	0.15805419	!	561.360920	3551.699159	0.860083
  904	17091	  672	  446	0.00262864	!	9.336122	3551.699159	0.862712
  904	17091	  673	  446	0.00000421	!	0.014966	3551.699159	0.862716
  904	17091	  669	  447	0.00361604	!	12.843071	3551.699159	0.866332
  904	17091	  670	  447	0.00000647	!	0.022983	3551.699159	0.866339
  904	17091	  671	  447	0.04398052	!	156.205593	3551.699159	0.910319
  904	17091	  672	  447	0.00078531	!	2.789186	3551.699159	0.911104
  904	17091	  673	  447	0.00000127	!	0.004508	3551.699159	0.911106
  904	17091	  667	  448	0.00660911	!	23.473586	3551.699159	0.917715
  904	17091	  668	  448	0.00001179	!	0.041890	3551.699159	0.917727
  904	17091	  669	  448	0.00674174	!	23.944615	3551.699159	0.924468
  904	17091	  670	  448	0.00419968	!	14.916012	3551.699159	0.928668
  904	17091	  671	  448	0.00282644	!	10.038659	3551.699159	0.931494
  904	17091	  672	  448	0.05143719	!	182.689438	3551.699159	0.982932
  904	17091	  673	  448	0.00009242	!	0.328253	3551.699159	0.983024
  904	17091	  667	  449	0.00000516	!	0.018334	3551.699159	0.983029
  904	17091	  668	  449	0.00000001	!	0.000033	3551.699159	0.983029
  904	17091	  669	  449	0.00000526	!	0.018694	3551.699159	0.983034
  904	17091	  670	  449	0.00000328	!	0.011650	3551.699159	0.983038
  904	17091	  671	  449	0.00000218	!	0.007746	3551.699159	0.983040
  904	17091	  672	  449	0.00004018	!	0.142690	3551.699159	0.983080
  904	17091	  673	  449	0.00000007	!	0.000256	3551.699159	0.983080
  904	17091	  682	  449	0.00220737	!	7.839901	3551.699159	0.985288
  904	17091	  683	  449	0.01467246	!	52.112157	3551.699159	0.999960
  904	17091	  684	  449	0.00002676	!	0.095041	3551.699159	0.999987
  904	17091	  682	  450	0.00000173	!	0.006143	3551.699159	0.999988
  904	17091	  683	  450	0.00001150	!	0.040832	3551.699159	1.000000
  904	17091	  684	  450	0.00000002	!	0.000074	3551.699159	1.000000
  904	17193	  666	  175	0.05221383	!	24.020383	460.038677	0.052214
  904	17193	  667	  175	0.00009305	!	0.042806	460.038677	0.052307
  904	17193	  666	  176	0.00325854	!	1.499053	460.038677	0.055565
  904	17193	  667	  176	0.00000581	!	0.002671	460.038677	0.055571
  904	17193	  666	  177	0.00000035	!	0.000161	460.038677	0.055572
  904	17193	  667	  177	0.00000000	!	0.000000	460.038677	0.055572
  904	17193	  674	  184	0.02924725	!	13.454864	460.038677	0.084819
  904	17193	  675	  184	0.04051677	!	18.639282	460.038677	0.125336
  904	17193	  676	  184	0.00007301	!	0.033589	460.038677	0.125409
  904	17193	  680	  184	0.01129833	!	5.197667	460.038677	0.136707
  904	17193	  681	  184	0.00002053	!	0.009443	460.038677	0.136727
  904	17193	  664	  185	0.01177120	!	5.415206	460.038677	0.148499
  904	17193	  665	  185	0.00002092	!	0.009623	460.038677	0.148520
  904	17193	  674	  185	0.15513725	!	71.369136	460.038677	0.303657
  904	17193	  675	  185	0.02802230	!	12.891344	460.038677	0.331679
  904	17193	  676	  185	0.01094471	!	5.034989	460.038677	0.342624
  904	17193	  677	  185	0.00001969	!	0.009056	460.038677	0.342644
  904	17193	  680	  185	0.00000144	!	0.000660	460.038677	0.342645
  904	17193	  681	  185	0.00000000	!	0.000001	460.038677	0.342645
  904	17193	  664	  186	0.02313133	!	10.641305	460.038677	0.365776
  904	17193	  665	  186	0.00004111	!	0.018911	460.038677	0.365817
  904	17193	  674	  186	0.00002010	!	0.009245	460.038677	0.365837
  904	17193	  675	  186	0.00000363	!	0.001670	460.038677	0.365841
  904	17193	  676	  186	0.00000142	!	0.000652	460.038677	0.365843
  904	17193	  677	  186	0.01897001	!	8.726936	460.038677	0.384813
  904	17193	  678	  186	0.00003432	!	0.015790	460.038677	0.384847
  904	17193	  664	  187	0.00000305	!	0.001405	460.038677	0.384850
  904	17193	  665	  187	0.00000001	!	0.000002	460.038677	0.384850
  904	17193	  677	  187	0.00000250	!	0.001152	460.038677	0.384852
  904	17193	  678	  187	0.00000000	!	0.000002	460.038677	0.384852
  904	17193	  681	  191	0.00655071	!	3.013580	460.038677	0.391403
  904	17193	  682	  191	0.00001192	!	0.005483	460.038677	0.391415
  904	17193	  674	  192	0.00627028	!	2.884570	460.038677	0.397685
  904	17193	  675	  192	0.00001130	!	0.005198	460.038677	0.397697
  904	17193	  681	  192	0.00000095	!	0.000435	460.038677	0.397698
  904	17193	  682	  192	0.00000000	!	0.000001	460.038677	0.397698
  904	17193	  674	  193	0.00000092	!	0.000424	460.038677	0.397699
  904	17193	  675	  193	0.00000000	!	0.000001	460.038677	0.397699
  904	17193	  662	  198	0.00188764	!	0.868389	460.038677	0.399586
  904	17193	  663	  198	0.00000470	!	0.002164	460.038677	0.399591
  904	17193	  670	  198	0.13617361	!	62.645125	460.038677	0.535764
  904	17193	  671	  198	0.00024599	!	0.113163	460.038677	0.536010
  904	17193	  685	  198	0.45741053	!	210.426537	460.038677	0.993421
  904	17193	  686	  198	0.00083672	!	0.384923	460.038677	0.994258
  904	17193	  670	  199	0.00001185	!	0.005452	460.038677	0.994270
  904	17193	  671	  199	0.00000004	!	0.000018	460.038677	0.994270
  904	17193	  685	  199	0.00571902	!	2.630969	460.038677	0.999989
  904	17193	  686	  199	0.00001046	!	0.004813	460.038677	0.999999
  904	17193	  685	  200	0.00000093	!	0.000426	460.038677	1.000000
  904	17193	  686	  200	0.00000000	!	0.000001	460.038677	1.000000
  904	17083	  524	  248	0.10371728	!	7.103027	68.484510	0.103717
  904	17083	  525	  248	0.00014826	!	0.010154	68.484510	0.103866
  904	17083	  524	  249	0.00002961	!	0.002028	68.484510	0.103895
  904	17083	  525	  249	0.00000004	!	0.000003	68.484510	0.103895
  904	17083	  541	  253	0.00206439	!	0.141379	68.484510	0.105960
  904	17083	  530	  256	0.07173913	!	4.913019	68.484510	0.177699
  904	17083	  531	  256	0.00010362	!	0.007096	68.484510	0.177802
  904	17083	  529	  257	0.26106834	!	17.879137	68.484510	0.438871
  904	17083	  530	  257	0.00039834	!	0.027280	68.484510	0.439269
  904	17083	  531	  257	0.00000003	!	0.000002	68.484510	0.439269
  904	17083	  528	  258	0.06538438	!	4.477817	68.484510	0.504653
  904	17083	  529	  258	0.46005513	!	31.506650	68.484510	0.964709
  904	17083	  530	  258	0.00066321	!	0.045420	68.484510	0.965372
  904	17083	  528	  259	0.00002029	!	0.001389	68.484510	0.965392
  904	17083	  529	  259	0.00014273	!	0.009775	68.484510	0.965535
  904	17083	  530	  259	0.00000021	!	0.000014	68.484510	0.965535
  904	17083	  540	  262	0.03445541	!	2.359662	68.484510	0.999990
  904	17083	  540	  263	0.00000961	!	0.000658	68.484510	1.000000
  904	17045	  682	  303	0.01442514	!	3.976738	275.680992	0.014425
  904	17045	  683	  303	0.00002628	!	0.007245	275.680992	0.014451
  904	17045	  682	  304	0.02160564	!	5.956263	275.680992	0.036057
  904	17045	  683	  304	0.00003936	!	0.010851	275.680992	0.036096
  904	17045	  682	  305	0.00000916	!	0.002526	275.680992	0.036106
  904	17045	  683	  305	0.00000002	!	0.000005	275.680992	0.036106
  904	17045	  693	  311	0.28660797	!	79.012370	275.680992	0.322714
  904	17045	  694	  311	0.00052997	!	0.146104	275.680992	0.323244
  904	17045	  693	  312	0.15070988	!	41.547850	275.680992	0.473953
  904	17045	  694	  312	0.00027868	!	0.076827	275.680992	0.474232
  904	17045	  692	  313	0.33176358	!	91.460913	275.680992	0.805996
  904	17045	  693	  313	0.03068420	!	8.459050	275.680992	0.836680
  904	17045	  694	  313	0.05080034	!	14.004689	275.680992	0.887480
  904	17045	  695	  313	0.00009396	!	0.025903	275.680992	0.887574
  904	17045	  692	  314	0.00014814	!	0.040840	275.680992	0.887722
  904	17045	  693	  314	0.03990126	!	11.000019	275.680992	0.927624
  904	17045	  694	  314	0.00009644	!	0.026587	275.680992	0.927720
  904	17045	  695	  314	0.00000004	!	0.000012	275.680992	0.927720
  904	17045	  699	  314	0.01412487	!	3.893958	275.680992	0.941845
  904	17045	  700	  314	0.00002633	!	0.007258	275.680992	0.941871
  904	17045	  693	  315	0.00001791	!	0.004937	275.680992	0.941889
  904	17045	  694	  315	0.00000003	!	0.000009	275.680992	0.941889
  904	17045	  699	  315	0.00000634	!	0.001748	275.680992	0.941896
  904	17045	  700	  315	0.00000001	!	0.000003	275.680992	0.941896
  904	17045	  698	  319	0.01282428	!	3.535411	275.680992	0.954720
  904	17045	  699	  319	0.00002387	!	0.006581	275.680992	0.954744
  904	17045	  694	  320	0.01668139	!	4.598743	275.680992	0.971425
  904	17045	  695	  320	0.00003089	!	0.008515	275.680992	0.971456
  904	17045	  698	  320	0.00000592	!	0.001631	275.680992	0.971462
  904	17045	  699	  320	0.00000001	!	0.000003	275.680992	0.971462
  904	17045	  694	  321	0.00000774	!	0.002133	275.680992	0.971470
  904	17045	  695	  321	0.00000001	!	0.000004	275.680992	0.971470
  904	17045	  691	  323	0.00644002	!	1.775390	275.680992	0.977910
  904	17045	  692	  323	0.00001188	!	0.003274	275.680992	0.977922
  904	17045	  691	  324	0.00000304	!	0.000837	275.680992	0.977925
  904	17045	  692	  324	0.00000001	!	0.000002	275.680992	0.977925
  904	17045	  692	  329	0.01539591	!	4.244359	275.680992	0.993321
  904	17045	  693	  329	0.00002843	!	0.007838	275.680992	0.993349
  904	17045	  692	  330	0.00663554	!	1.829291	275.680992	0.999985
  904	17045	  693	  330	0.00001225	!	0.003378	275.680992	0.999997
  904	17045	  692	  331	0.00000324	!	0.000893	275.680992	1.000000
  904	17045	  693	  331	0.00000001	!	0.000002	275.680992	1.000000
  904	17071	  467	  380	0.03399081	!	1.917450	56.410848	0.033991
  904	17071	  468	  380	0.00003963	!	0.002235	56.410848	0.034030
  904	17071	  467	  381	0.00006981	!	0.003938	56.410848	0.034100
  904	17071	  468	  381	0.00000009	!	0.000005	56.410848	0.034100
  904	17071	  472	  384	0.04172745	!	2.353881	56.410848	0.075828
  904	17071	  473	  384	0.00005426	!	0.003061	56.410848	0.075882
  904	17071	  472	  385	0.00002597	!	0.001465	56.410848	0.075908
  904	17071	  473	  385	0.00000003	!	0.000002	56.410848	0.075908
  904	17071	  482	  390	0.44076536	!	24.863948	56.410848	0.516673
  904	17071	  483	  390	0.00058412	!	0.032951	56.410848	0.517258
  904	17071	  482	  391	0.00028090	!	0.015846	56.410848	0.517538
  904	17071	  483	  391	0.00000037	!	0.000021	56.410848	0.517539
  904	17071	  472	  396	0.02270256	!	1.280671	56.410848	0.540241
  904	17071	  473	  396	0.00002952	!	0.001665	56.410848	0.540271
  904	17071	  472	  397	0.00001481	!	0.000835	56.410848	0.540286
  904	17071	  473	  397	0.00000002	!	0.000001	56.410848	0.540286
  904	17071	  482	  397	0.11102169	!	6.262828	56.410848	0.651307
  904	17071	  483	  397	0.00014713	!	0.008300	56.410848	0.651455
  904	17071	  482	  398	0.00007268	!	0.004100	56.410848	0.651527
  904	17071	  483	  398	0.00000010	!	0.000005	56.410848	0.651527
  904	17071	  474	  400	0.03013953	!	1.700197	56.410848	0.681667
  904	17071	  475	  400	0.00003937	!	0.002221	56.410848	0.681706
  904	17071	  478	  400	0.11874977	!	6.698775	56.410848	0.800456
  904	17071	  479	  400	0.00015619	!	0.008811	56.410848	0.800612
  904	17071	  484	  400	0.06684722	!	3.770909	56.410848	0.867459
  904	17071	  485	  400	0.00008892	!	0.005016	56.410848	0.867548
  904	17071	  474	  401	0.00001904	!	0.001074	56.410848	0.867567
  904	17071	  475	  401	0.00000003	!	0.000001	56.410848	0.867567
  904	17071	  478	  401	0.00007862	!	0.004435	56.410848	0.867646
  904	17071	  479	  401	0.00000010	!	0.000006	56.410848	0.867646
  904	17071	  484	  401	0.00004426	!	0.002497	56.410848	0.867690
  904	17071	  485	  401	0.00000006	!	0.000003	56.410848	0.867690
  904	17071	  479	  405	0.02558801	!	1.443441	56.410848	0.893278
  904	17071	  480	  405	0.00003372	!	0.001902	56.410848	0.893312
  904	17071	  479	  406	0.00001726	!	0.000974	56.410848	0.893329
  904	17071	  480	  406	0.00000002	!	0.000001	56.410848	0.893329
  904	17071	  487	  410	0.10645492	!	6.005213	56.410848	0.999784
  904	17071	  488	  410	0.00014240	!	0.008033	56.410848	0.999927
  904	17071	  487	  411	0.00007312	!	0.004125	56.410848	1.000000
  904	17071	  488	  411	0.00000010	!	0.000006	56.410848	1.000000
  904	17033	  684	  262	0.04234190	!	21.305191	503.170371	0.042342
  904	17033	  685	  262	0.00007735	!	0.038920	503.170371	0.042419
  904	17033	  684	  263	0.00001356	!	0.006822	503.170371	0.042433
  904	17033	  685	  263	0.00000002	!	0.000012	503.170371	0.042433
  904	17033	  694	  263	0.20371240	!	102.502042	503.170371	0.246145
  904	17033	  695	  263	0.07144366	!	35.948331	503.170371	0.317589
  904	17033	  696	  263	0.32902501	!	165.555636	503.170371	0.646614
  904	17033	  697	  263	0.27779228	!	139.776843	503.170371	0.924406
  904	17033	  698	  263	0.00051530	!	0.259283	503.170371	0.924921
  904	17033	  694	  264	0.00006573	!	0.033075	503.170371	0.924987
  904	17033	  695	  264	0.00002305	!	0.011600	503.170371	0.925010
  904	17033	  696	  264	0.00626300	!	3.151359	503.170371	0.931273
  904	17033	  697	  264	0.01795695	!	9.035406	503.170371	0.949230
  904	17033	  698	  264	0.00003336	!	0.016787	503.170371	0.949264
  904	17033	  699	  264	0.02918572	!	14.685388	503.170371	0.978449
  904	17033	  700	  264	0.00005440	!	0.027374	503.170371	0.978504
  904	17033	  702	  264	0.00958243	!	4.821596	503.170371	0.988086
  904	17033	  703	  264	0.01186736	!	5.971302	503.170371	0.999953
  904	17033	  704	  264	0.00002221	!	0.011173	503.170371	0.999976
  904	17033	  696	  265	0.00000200	!	0.001007	503.170371	0.999978
  904	17033	  697	  265	0.00000581	!	0.002923	503.170371	0.999983
  904	17033	  698	  265	0.00000001	!	0.000005	503.170371	0.999984
  904	17033	  699	  265	0.00000949	!	0.004775	503.170371	0.999993
  904	17033	  700	  265	0.00000002	!	0.000009	503.170371	0.999993
  904	17033	  702	  265	0.00000312	!	0.001568	503.170371	0.999996
  904	17033	  703	  265	0.00000386	!	0.001942	503.170371	1.000000
  904	17033	  704	  265	0.00000001	!	0.000004	503.170371	1.000000
  904	17055	  619	  164	0.00262137	!	2.190145	835.494934	0.002621
  904	17055	  620	  164	0.00000437	!	0.003647	835.494934	0.002626
  904	17055	  626	  164	0.01179141	!	9.851664	835.494934	0.014417
  904	17055	  627	  164	0.00137314	!	1.147248	835.494934	0.015790
  904	17055	  628	  164	0.00000228	!	0.001905	835.494934	0.015793
  904	17055	  642	  164	0.00244008	!	2.038673	835.494934	0.018233
  904	17055	  619	  165	0.00000020	!	0.000170	835.494934	0.018233
  904	17055	  620	  165	0.00000000	!	0.000000	835.494934	0.018233
  904	17055	  626	  165	0.09364897	!	78.243239	835.494934	0.111882
  904	17055	  627	  165	0.00819956	!	6.850690	835.494934	0.120081
  904	17055	  628	  165	0.00851218	!	7.111887	835.494934	0.128594
  904	17055	  629	  165	0.00001434	!	0.011983	835.494934	0.128608
  904	17055	  642	  165	0.00000015	!	0.000127	835.494934	0.128608
  904	17055	  626	  166	0.00000749	!	0.006262	835.494934	0.128616
  904	17055	  627	  166	0.00000066	!	0.000548	835.494934	0.128616
  904	17055	  628	  166	0.00000068	!	0.000569	835.494934	0.128617
  904	17055	  629	  166	0.00000000	!	0.000001	835.494934	0.128617
  904	17055	  638	  167	0.00114853	!	0.959587	835.494934	0.129765
  904	17055	  639	  167	0.00956041	!	7.987670	835.494934	0.139326
  904	17055	  640	  167	0.00001639	!	0.013696	835.494934	0.139342
  904	17055	  638	  168	0.00000010	!	0.000082	835.494934	0.139342
  904	17055	  639	  168	0.00000081	!	0.000679	835.494934	0.139343
  904	17055	  640	  168	0.00000000	!	0.000001	835.494934	0.139343
  904	17055	  618	  171	0.05300028	!	44.281462	835.494934	0.192343
  904	17055	  619	  171	0.00008813	!	0.073633	835.494934	0.192432
  904	17055	  618	  172	0.00000503	!	0.004202	835.494934	0.192437
  904	17055	  619	  172	0.00000001	!	0.000007	835.494934	0.192437
  904	17055	  626	  172	0.00629689	!	5.261016	835.494934	0.198733
  904	17055	  627	  172	0.03233286	!	27.013939	835.494934	0.231066
  904	17055	  628	  172	0.00005447	!	0.045509	835.494934	0.231121
  904	17055	  626	  173	0.03670503	!	30.666863	835.494934	0.267826
  904	17055	  627	  173	0.00601394	!	5.024619	835.494934	0.273840
  904	17055	  628	  173	0.00339843	!	2.839373	835.494934	0.277238
  904	17055	  629	  173	0.00521146	!	4.354146	835.494934	0.282450
  904	17055	  630	  173	0.00000880	!	0.007351	835.494934	0.282458
  904	17055	  626	  174	0.00000366	!	0.003062	835.494934	0.282462
  904	17055	  627	  174	0.01220782	!	10.199571	835.494934	0.294670
  904	17055	  628	  174	0.00143416	!	1.198236	835.494934	0.296104
  904	17055	  629	  174	0.00000291	!	0.002427	835.494934	0.296107
  904	17055	  630	  174	0.00000000	!	0.000001	835.494934	0.296107
  904	17055	  626	  175	0.19093915	!	159.528689	835.494934	0.487046
  904	17055	  627	  175	0.00400436	!	3.345618	835.494934	0.491050
  904	17055	  628	  175	0.00000635	!	0.005306	835.494934	0.491057
  904	17055	  629	  175	0.00000000	!	0.000000	835.494934	0.491057
  904	17055	  626	  176	0.18227073	!	152.286270	835.494934	0.673328
  904	17055	  627	  176	0.00030710	!	0.256577	835.494934	0.673635
  904	17055	  628	  176	0.00000000	!	0.000001	835.494934	0.673635
  904	17055	  626	  177	0.00001955	!	0.016333	835.494934	0.673654
  904	17055	  627	  177	0.00000003	!	0.000027	835.494934	0.673654
  904	17055	  618	  180	0.01431040	!	11.956266	835.494934	0.687965
  904	17055	  619	  180	0.00002380	!	0.019881	835.494934	0.687988
  904	17055	  626	  180	0.02398609	!	20.040259	835.494934	0.711975
  904	17055	  627	  180	0.02664873	!	22.264881	835.494934	0.738623
  904	17055	  628	  180	0.00004484	!	0.037464	835.494934	0.738668
  904	17055	  618	  181	0.00000168	!	0.001401	835.494934	0.738670
  904	17055	  619	  181	0.00000000	!	0.000002	835.494934	0.738670
  904	17055	  626	  181	0.00000281	!	0.002348	835.494934	0.738673
  904	17055	  627	  181	0.26085654	!	217.944321	835.494934	0.999529
  904	17055	  628	  181	0.00043959	!	0.367279	835.494934	0.999969
  904	17055	  627	  182	0.00003121	!	0.026074	835.494934	1.000000
  904	17055	  628	  182	0.00000005	!	0.000044	835.494934	1.000000
  904	17051	  629	  243	0.00730238	!	6.550653	897.057744	0.007302
  904	17051	  630	  243	0.25862419	!	232.000836	897.057744	0.265927
  904	17051	  631	  243	0.00043774	!	0.392677	897.057744	0.266364
  904	17051	  629	  244	0.01859032	!	16.676590	897.057744	0.284955
  904	17051	  630	  244	0.00010206	!	0.091554	897.057744	0.285057
  904	17051	  631	  244	0.00000012	!	0.000107	897.057744	0.285057
  904	17051	  629	  245	0.00000512	!	0.004596	897.057744	0.285062
  904	17051	  630	  245	0.00000001	!	0.000008	897.057744	0.285062
  904	17051	  598	  247	0.00006115	!	0.054859	897.057744	0.285123
  904	17051	  599	  247	0.00000433	!	0.003883	897.057744	0.285127
  904	17051	  598	  248	0.00000007	!	0.000064	897.057744	0.285127
  904	17051	  599	  248	0.00000000	!	0.000002	897.057744	0.285127
  904	17051	  606	  252	0.43581018	!	390.946900	897.057744	0.720938
  904	17051	  607	  252	0.00071170	!	0.638436	897.057744	0.721649
  904	17051	  608	  252	0.03268733	!	29.322420	897.057744	0.754337
  904	17051	  609	  252	0.00005354	!	0.048031	897.057744	0.754390
  904	17051	  606	  253	0.00012875	!	0.115500	897.057744	0.754519
  904	17051	  607	  253	0.00297908	!	2.672403	897.057744	0.757498
  904	17051	  608	  253	0.06001075	!	53.833108	897.057744	0.817509
  904	17051	  609	  253	0.00009829	!	0.088172	897.057744	0.817607
  904	17051	  614	  253	0.01125168	!	10.093409	897.057744	0.828859
  904	17051	  615	  253	0.05157144	!	46.262560	897.057744	0.880430
  904	17051	  616	  253	0.00008534	!	0.076555	897.057744	0.880516
  904	17051	  607	  254	0.00000089	!	0.000796	897.057744	0.880516
  904	17051	  608	  254	0.00001788	!	0.016035	897.057744	0.880534
  904	17051	  609	  254	0.00000003	!	0.000026	897.057744	0.880534
  904	17051	  614	  254	0.00000335	!	0.003007	897.057744	0.880538
  904	17051	  615	  254	0.00001536	!	0.013782	897.057744	0.880553
  904	17051	  616	  254	0.00000003	!	0.000023	897.057744	0.880553
  904	17051	  619	  255	0.01045712	!	9.380636	897.057744	0.891010
  904	17051	  620	  255	0.00001741	!	0.015622	897.057744	0.891028
  904	17051	  619	  256	0.00000317	!	0.002841	897.057744	0.891031
  904	17051	  620	  256	0.00000001	!	0.000005	897.057744	0.891031
  904	17051	  623	  257	0.01117064	!	10.020711	897.057744	0.902201
  904	17051	  624	  257	0.01350103	!	12.111208	897.057744	0.915702
  904	17051	  625	  257	0.07498144	!	67.262677	897.057744	0.990684
  904	17051	  626	  257	0.00012595	!	0.112983	897.057744	0.990810
  904	17051	  623	  258	0.00171689	!	1.540153	897.057744	0.992527
  904	17051	  624	  258	0.00251145	!	2.252915	897.057744	0.995038
  904	17051	  625	  258	0.00002728	!	0.024474	897.057744	0.995066
  904	17051	  626	  258	0.00000004	!	0.000035	897.057744	0.995066
  904	17051	  623	  259	0.00000053	!	0.000477	897.057744	0.995066
  904	17051	  624	  259	0.00290450	!	2.605504	897.057744	0.997971
  904	17051	  625	  259	0.00000487	!	0.004371	897.057744	0.997975
  904	17051	  624	  260	0.00000091	!	0.000815	897.057744	0.997976
  904	17051	  625	  260	0.00000000	!	0.000001	897.057744	0.997976
  904	17051	  606	  266	0.00201967	!	1.811763	897.057744	0.999996
  904	17051	  607	  266	0.00000330	!	0.002959	897.057744	0.999999
  904	17051	  606	  267	0.00000067	!	0.000598	897.057744	1.000000
  904	17051	  607	  267	0.00000000	!	0.000001	897.057744	1.000000
  904	17191	  650	  196	0.00010620	!	0.008843	83.264897	0.000106
  904	17191	  650	  197	0.00000214	!	0.000178	83.264897	0.000108
  904	17191	  649	  198	0.19040452	!	15.854013	83.264897	0.190513
  904	17191	  650	  198	0.00033127	!	0.027583	83.264897	0.190844
  904	17191	  662	  198	0.06834516	!	5.690753	83.264897	0.259189
  904	17191	  663	  198	0.00011361	!	0.009460	83.264897	0.259303
  904	17191	  670	  198	0.00605346	!	0.504041	83.264897	0.265356
  904	17191	  649	  199	0.00003079	!	0.002564	83.264897	0.265387
  904	17191	  650	  199	0.00000005	!	0.000004	83.264897	0.265387
  904	17191	  662	  199	0.00001274	!	0.001061	83.264897	0.265400
  904	17191	  663	  199	0.00000002	!	0.000002	83.264897	0.265400
  904	17191	  670	  199	0.00005718	!	0.004761	83.264897	0.265457
  904	17191	  646	  203	0.07419303	!	6.177675	83.264897	0.339650
  904	17191	  647	  203	0.00012853	!	0.010702	83.264897	0.339779
  904	17191	  646	  204	0.00001292	!	0.001076	83.264897	0.339792
  904	17191	  647	  204	0.00000002	!	0.000002	83.264897	0.339792
  904	17191	  658	  207	0.05385861	!	4.484532	83.264897	0.393650
  904	17191	  659	  207	0.00009491	!	0.007903	83.264897	0.393745
  904	17191	  660	  207	0.13482015	!	11.225786	83.264897	0.528565
  904	17191	  661	  207	0.00023825	!	0.019838	83.264897	0.528804
  904	17191	  658	  208	0.00000991	!	0.000825	83.264897	0.528813
  904	17191	  659	  208	0.10427993	!	8.682858	83.264897	0.633093
  904	17191	  660	  208	0.20893600	!	17.397035	83.264897	0.842029
  904	17191	  661	  208	0.09531327	!	7.936250	83.264897	0.937343
  904	17191	  662	  208	0.00016802	!	0.013990	83.264897	0.937511
  904	17191	  659	  209	0.00001945	!	0.001619	83.264897	0.937530
  904	17191	  660	  209	0.00003896	!	0.003244	83.264897	0.937569
  904	17191	  661	  209	0.00001777	!	0.001480	83.264897	0.937587
  904	17191	  662	  209	0.00000003	!	0.000003	83.264897	0.937587
  904	17191	  654	  218	0.06229075	!	5.186633	83.264897	0.999878
  904	17191	  655	  218	0.00010915	!	0.009088	83.264897	0.999987
  904	17191	  654	  219	0.00001316	!	0.001096	83.264897	1.000000
  904	17191	  655	  219	0.00000002	!	0.000002	83.264897	1.000000
  904	17183	  693	  338	0.00051931	!	1.592583	3066.714306	0.000519
  904	17183	  694	  338	0.00000096	!	0.002945	3066.714306	0.000520
  904	17183	  693	  339	0.00000026	!	0.000810	3066.714306	0.000521
  904	17183	  694	  339	0.00000000	!	0.000001	3066.714306	0.000521
  904	17183	  694	  342	0.00029850	!	0.915428	3066.714306	0.000819
  904	17183	  695	  342	0.00000055	!	0.001695	3066.714306	0.000820
  904	17183	  694	  343	0.00000015	!	0.000475	3066.714306	0.000820
  904	17183	  695	  343	0.00000000	!	0.000001	3066.714306	0.000820
  904	17183	  694	  344	0.00041180	!	1.262860	3066.714306	0.001232
  904	17183	  695	  344	0.00000076	!	0.002338	3066.714306	0.001232
  904	17183	  693	  345	0.00016009	!	0.490956	3066.714306	0.001392
  904	17183	  694	  345	0.00000051	!	0.001569	3066.714306	0.001393
  904	17183	  695	  345	0.00000000	!	0.000001	3066.714306	0.001393
  904	17183	  693	  346	0.00220296	!	6.755851	3066.714306	0.003596
  904	17183	  694	  346	0.00000407	!	0.012492	3066.714306	0.003600
  904	17183	  693	  347	0.00000116	!	0.003569	3066.714306	0.003601
  904	17183	  694	  347	0.00000000	!	0.000007	3066.714306	0.003601
  904	17183	  693	  350	0.00112094	!	3.437614	3066.714306	0.004722
  904	17183	  694	  350	0.00000207	!	0.006357	3066.714306	0.004724
  904	17183	  689	  351	0.00122058	!	3.743163	3066.714306	0.005945
  904	17183	  690	  351	0.00000224	!	0.006884	3066.714306	0.005947
  904	17183	  693	  351	0.00000060	!	0.001850	3066.714306	0.005948
  904	17183	  694	  351	0.00000000	!	0.000003	3066.714306	0.005948
  904	17183	  689	  352	0.00000066	!	0.002024	3066.714306	0.005948
  904	17183	  690	  352	0.00000000	!	0.000004	3066.714306	0.005948
  904	17183	  693	  352	0.00017807	!	0.546090	3066.714306	0.006126
  904	17183	  694	  352	0.00000033	!	0.001010	3066.714306	0.006127
  904	17183	  691	  353	0.00156166	!	4.789158	3066.714306	0.007688
  904	17183	  692	  353	0.00345819	!	10.605272	3066.714306	0.011146
  904	17183	  693	  353	0.00072210	!	2.214469	3066.714306	0.011869
  904	17183	  694	  353	0.00077256	!	2.369215	3066.714306	0.012641
  904	17183	  695	  353	0.00000143	!	0.004379	3066.714306	0.012643
  904	17183	  683	  354	0.00085602	!	2.625169	3066.714306	0.013499
  904	17183	  684	  354	0.00000156	!	0.004789	3066.714306	0.013500
  904	17183	  691	  354	0.00301367	!	9.242056	3066.714306	0.016514
  904	17183	  692	  354	0.00436038	!	13.372040	3066.714306	0.020874
  904	17183	  693	  354	0.00715209	!	21.933419	3066.714306	0.028026
  904	17183	  694	  354	0.00350954	!	10.762766	3066.714306	0.031536
  904	17183	  695	  354	0.00000647	!	0.019853	3066.714306	0.031542
  904	17183	  675	  355	0.00213410	!	6.544676	3066.714306	0.033676
  904	17183	  676	  355	0.00000385	!	0.011809	3066.714306	0.033680
  904	17183	  683	  355	0.09303417	!	285.309206	3066.714306	0.126714
  904	17183	  684	  355	0.00016972	!	0.520485	3066.714306	0.126884
  904	17183	  691	  355	0.00332043	!	10.182824	3066.714306	0.130205
  904	17183	  692	  355	0.00000851	!	0.026095	3066.714306	0.130213
  904	17183	  693	  355	0.00480532	!	14.736557	3066.714306	0.135018
  904	17183	  694	  355	0.00001080	!	0.033126	3066.714306	0.135029
  904	17183	  695	  355	0.00480989	!	14.750563	3066.714306	0.139839
  904	17183	  696	  355	0.00098436	!	3.018739	3066.714306	0.140823
  904	17183	  697	  355	0.00000181	!	0.005554	3066.714306	0.140825
  904	17183	  698	  355	0.00944518	!	28.965656	3066.714306	0.150270
  904	17183	  699	  355	0.00001758	!	0.053921	3066.714306	0.150288
  904	17183	  675	  356	0.00000117	!	0.003603	3066.714306	0.150289
  904	17183	  676	  356	0.00000000	!	0.000007	3066.714306	0.150289
  904	17183	  683	  356	0.10869954	!	333.350423	3066.714306	0.258989
  904	17183	  684	  356	0.04632344	!	142.060759	3066.714306	0.305312
  904	17183	  685	  356	0.02982434	!	91.462744	3066.714306	0.335137
  904	17183	  686	  356	0.00005440	!	0.166836	3066.714306	0.335191
  904	17183	  688	  356	0.00370740	!	11.369532	3066.714306	0.338898
  904	17183	  689	  356	0.00326208	!	10.003877	3066.714306	0.342160
  904	17183	  690	  356	0.00899118	!	27.573382	3066.714306	0.351152
  904	17183	  691	  356	0.00001838	!	0.056351	3066.714306	0.351170
  904	17183	  692	  356	0.00340199	!	10.432937	3066.714306	0.354572
  904	17183	  693	  356	0.00281383	!	8.629215	3066.714306	0.357386
  904	17183	  694	  356	0.00158679	!	4.866232	3066.714306	0.358973
  904	17183	  695	  356	0.00000558	!	0.017102	3066.714306	0.358978
  904	17183	  696	  356	0.00000054	!	0.001662	3066.714306	0.358979
  904	17183	  697	  356	0.00000000	!	0.000003	3066.714306	0.358979
  904	17183	  698	  356	0.00252665	!	7.748525	3066.714306	0.361505
  904	17183	  699	  356	0.00000470	!	0.014424	3066.714306	0.361510
  904	17183	  683	  357	0.00006009	!	0.184274	3066.714306	0.361570
  904	17183	  684	  357	0.00002562	!	0.078567	3066.714306	0.361596
  904	17183	  685	  357	0.00001649	!	0.050584	3066.714306	0.361612
  904	17183	  686	  357	0.00000003	!	0.000092	3066.714306	0.361612
  904	17183	  688	  357	0.00000205	!	0.006288	3066.714306	0.361614
  904	17183	  689	  357	0.00000180	!	0.005533	3066.714306	0.361616
  904	17183	  690	  357	0.00000497	!	0.015250	3066.714306	0.361621
  904	17183	  691	  357	0.00000001	!	0.000028	3066.714306	0.361621
  904	17183	  692	  357	0.00332270	!	10.189773	3066.714306	0.364944
  904	17183	  693	  357	0.07397399	!	226.857104	3066.714306	0.438918
  904	17183	  694	  357	0.01380690	!	42.341826	3066.714306	0.452725
  904	17183	  695	  357	0.00463822	!	14.224104	3066.714306	0.457363
  904	17183	  696	  357	0.00000855	!	0.026229	3066.714306	0.457371
  904	17183	  697	  357	0.01164529	!	35.712779	3066.714306	0.469017
  904	17183	  698	  357	0.05636456	!	172.853990	3066.714306	0.525381
  904	17183	  699	  357	0.00010488	!	0.321652	3066.714306	0.525486
  904	17183	  692	  358	0.00142576	!	4.372384	3066.714306	0.526912
  904	17183	  693	  358	0.00004372	!	0.134088	3066.714306	0.526956
  904	17183	  694	  358	0.13773317	!	422.388279	3066.714306	0.664689
  904	17183	  695	  358	0.03408888	!	104.540848	3066.714306	0.698778
  904	17183	  696	  358	0.03350708	!	102.756641	3066.714306	0.732285
  904	17183	  697	  358	0.09244849	!	283.513112	3066.714306	0.824733
  904	17183	  698	  358	0.08421226	!	258.254934	3066.714306	0.908946
  904	17183	  699	  358	0.00015645	!	0.479773	3066.714306	0.909102
  904	17183	  692	  359	0.00000079	!	0.002437	3066.714306	0.909103
  904	17183	  693	  359	0.00000000	!	0.000004	3066.714306	0.909103
  904	17183	  694	  359	0.00007685	!	0.235684	3066.714306	0.909180
  904	17183	  695	  359	0.05185091	!	159.011918	3066.714306	0.961031
  904	17183	  696	  359	0.00728473	!	22.340193	3066.714306	0.968315
  904	17183	  697	  359	0.00006490	!	0.199015	3066.714306	0.968380
  904	17183	  698	  359	0.00004697	!	0.144056	3066.714306	0.968427
  904	17183	  699	  359	0.00000009	!	0.000268	3066.714306	0.968427
  904	17183	  692	  360	0.00049470	!	1.517109	3066.714306	0.968922
  904	17183	  693	  360	0.00000091	!	0.002802	3066.714306	0.968923
  904	17183	  695	  360	0.00002905	!	0.089092	3066.714306	0.968952
  904	17183	  696	  360	0.00000407	!	0.012489	3066.714306	0.968956
  904	17183	  697	  360	0.00000001	!	0.000023	3066.714306	0.968956
  904	17183	  692	  361	0.00000028	!	0.000854	3066.714306	0.968956
  904	17183	  693	  361	0.00442388	!	13.566767	3066.714306	0.973380
  904	17183	  694	  361	0.00000818	!	0.025087	3066.714306	0.973388
  904	17183	  692	  362	0.00066409	!	2.036572	3066.714306	0.974052
  904	17183	  693	  362	0.00196574	!	6.028362	3066.714306	0.976018
  904	17183	  694	  362	0.00000363	!	0.011140	3066.714306	0.976022
  904	17183	  692	  363	0.00073183	!	2.244328	3066.714306	0.976754
  904	17183	  693	  363	0.00295340	!	9.057244	3066.714306	0.979707
  904	17183	  694	  363	0.00000546	!	0.016740	3066.714306	0.979712
  904	17183	  692	  364	0.00000042	!	0.001280	3066.714306	0.979713
  904	17183	  693	  364	0.00000168	!	0.005164	3066.714306	0.979715
  904	17183	  694	  364	0.00000000	!	0.000010	3066.714306	0.979715
  904	17183	  686	  371	0.00353433	!	10.838771	3066.714306	0.983249
  904	17183	  687	  371	0.00069524	!	2.132110	3066.714306	0.983944
  904	17183	  688	  371	0.00000126	!	0.003874	3066.714306	0.983945
  904	17183	  686	  372	0.00000209	!	0.006397	3066.714306	0.983948
  904	17183	  687	  372	0.00103567	!	3.176097	3066.714306	0.984983
  904	17183	  688	  372	0.00000190	!	0.005826	3066.714306	0.984985
  904	17183	  687	  373	0.00000061	!	0.001882	3066.714306	0.984986
  904	17183	  688	  373	0.00000000	!	0.000003	3066.714306	0.984986
  904	17183	  688	  377	0.00019968	!	0.612351	3066.714306	0.985185
  904	17183	  689	  377	0.00000037	!	0.001125	3066.714306	0.985186
  904	17183	  688	  378	0.00000012	!	0.000371	3066.714306	0.985186
  904	17183	  689	  378	0.00000000	!	0.000001	3066.714306	0.985186
  904	17183	  673	  382	0.00042352	!	1.298810	3066.714306	0.985609
  904	17183	  674	  382	0.00000076	!	0.002337	3066.714306	0.985610
  904	17183	  673	  383	0.00000026	!	0.000802	3066.714306	0.985610
  904	17183	  674	  383	0.00000000	!	0.000001	3066.714306	0.985610
  904	17183	  687	  383	0.00051015	!	1.564477	3066.714306	0.986121
  904	17183	  688	  383	0.00000094	!	0.002870	3066.714306	0.986121
  904	17183	  686	  384	0.00212043	!	6.502748	3066.714306	0.988242
  904	17183	  687	  384	0.00842218	!	25.828418	3066.714306	0.996664
  904	17183	  688	  384	0.00001544	!	0.047353	3066.714306	0.996680
  904	17183	  686	  385	0.00000132	!	0.004048	3066.714306	0.996681
  904	17183	  687	  385	0.00284755	!	8.732622	3066.714306	0.999528
  904	17183	  688	  385	0.00046868	!	1.437294	3066.714306	0.999997
  904	17183	  689	  385	0.00000085	!	0.002610	3066.714306	0.999998
  904	17183	  687	  386	0.00000178	!	0.005447	3066.714306	1.000000
  904	17183	  688	  386	0.00000029	!	0.000898	3066.714306	1.000000
  904	17183	  689	  386	0.00000000	!	0.000002	3066.714306	1.000000
  904	17195	  528	  469	0.00359911	!	3.024031	840.215720	0.003599
  904	17195	  529	  469	0.00000518	!	0.004353	840.215720	0.003604
  904	17195	  528	  470	0.00000300	!	0.002519	840.215720	0.003607
  904	17195	  529	  470	0.00000000	!	0.000004	840.215720	0.003607
  904	17195	  537	  471	0.00771145	!	6.479281	840.215720	0.011319
  904	17195	  538	  471	0.00001127	!	0.009471	840.215720	0.011330
  904	17195	  527	  472	0.00380001	!	3.192828	840.215720	0.015130
  904	17195	  528	  472	0.00000546	!	0.004588	840.215720	0.015135
  904	17195	  537	  472	0.00000646	!	0.005430	840.215720	0.015142
  904	17195	  538	  472	0.00000001	!	0.000008	840.215720	0.015142
  904	17195	  527	  473	0.00000319	!	0.002684	840.215720	0.015145
  904	17195	  528	  473	0.00000000	!	0.000004	840.215720	0.015145
  904	17195	  535	  475	0.00403346	!	3.388979	840.215720	0.019179
  904	17195	  536	  475	0.00000588	!	0.004937	840.215720	0.019184
  904	17195	  537	  475	0.00185227	!	1.556307	840.215720	0.021037
  904	17195	  538	  475	0.00000271	!	0.002275	840.215720	0.021039
  904	17195	  535	  476	0.00455033	!	3.823255	840.215720	0.025590
  904	17195	  536	  476	0.00000663	!	0.005570	840.215720	0.025596
  904	17195	  537	  476	0.00000157	!	0.001320	840.215720	0.025598
  904	17195	  538	  476	0.00000000	!	0.000002	840.215720	0.025598
  904	17195	  535	  477	0.00000387	!	0.003249	840.215720	0.025602
  904	17195	  536	  477	0.00000001	!	0.000005	840.215720	0.025602
  904	17195	  552	  479	0.01294244	!	10.874439	840.215720	0.038544
  904	17195	  553	  479	0.00001940	!	0.016301	840.215720	0.038564
  904	17195	  546	  480	0.01517336	!	12.748899	840.215720	0.053737
  904	17195	  547	  480	0.00002252	!	0.018920	840.215720	0.053760
  904	17195	  552	  480	0.02281455	!	19.169140	840.215720	0.076574
  904	17195	  553	  480	0.04056594	!	34.084143	840.215720	0.117140
  904	17195	  554	  480	0.00006086	!	0.051133	840.215720	0.117201
  904	17195	  555	  480	0.02963782	!	24.902164	840.215720	0.146839
  904	17195	  527	  481	0.00981223	!	8.244392	840.215720	0.156651
  904	17195	  528	  481	0.00001410	!	0.011847	840.215720	0.156665
  904	17195	  535	  481	0.00687354	!	5.775258	840.215720	0.163539
  904	17195	  536	  481	0.00001001	!	0.008413	840.215720	0.163549
  904	17195	  545	  481	0.28130520	!	236.357054	840.215720	0.444854
  904	17195	  546	  481	0.00995070	!	8.360737	840.215720	0.454805
  904	17195	  547	  481	0.00285954	!	2.402632	840.215720	0.457664
  904	17195	  548	  481	0.00000423	!	0.003554	840.215720	0.457668
  904	17195	  549	  481	0.04740395	!	39.829546	840.215720	0.505072
  904	17195	  550	  481	0.00007070	!	0.059407	840.215720	0.505143
  904	17195	  551	  481	0.00910157	!	7.647281	840.215720	0.514245
  904	17195	  552	  481	0.08903409	!	74.807840	840.215720	0.603279
  904	17195	  553	  481	0.00016831	!	0.141419	840.215720	0.603447
  904	17195	  554	  481	0.00000005	!	0.000044	840.215720	0.603447
  904	17195	  555	  481	0.00002418	!	0.020315	840.215720	0.603471
  904	17195	  527	  482	0.00000847	!	0.007114	840.215720	0.603480
  904	17195	  528	  482	0.01092742	!	9.181394	840.215720	0.614407
  904	17195	  529	  482	0.00001573	!	0.013216	840.215720	0.614423
  904	17195	  535	  482	0.03549365	!	29.822321	840.215720	0.649916
  904	17195	  536	  482	0.00005171	!	0.043445	840.215720	0.649968
  904	17195	  545	  482	0.00024273	!	0.203945	840.215720	0.650211
  904	17195	  546	  482	0.00000857	!	0.007205	840.215720	0.650219
  904	17195	  547	  482	0.00000247	!	0.002073	840.215720	0.650222
  904	17195	  548	  482	0.00000000	!	0.000003	840.215720	0.650222
  904	17195	  549	  482	0.07773280	!	65.312319	840.215720	0.727955
  904	17195	  550	  482	0.03126224	!	26.267025	840.215720	0.759217
  904	17195	  551	  482	0.05247978	!	44.094339	840.215720	0.811697
  904	17195	  552	  482	0.01275762	!	10.719149	840.215720	0.824454
  904	17195	  553	  482	0.00001901	!	0.015969	840.215720	0.824473
  904	17195	  528	  483	0.00000946	!	0.007945	840.215720	0.824483
  904	17195	  529	  483	0.00000001	!	0.000011	840.215720	0.824483
  904	17195	  533	  483	0.00536607	!	4.508658	840.215720	0.829849
  904	17195	  534	  483	0.00249851	!	2.099285	840.215720	0.832347
  904	17195	  535	  483	0.00435756	!	3.661287	840.215720	0.836705
  904	17195	  536	  483	0.00000634	!	0.005329	840.215720	0.836711
  904	17195	  549	  483	0.01794887	!	15.080925	840.215720	0.854660
  904	17195	  550	  483	0.00005372	!	0.045140	840.215720	0.854714
  904	17195	  551	  483	0.01231450	!	10.346835	840.215720	0.867028
  904	17195	  552	  483	0.00002933	!	0.024647	840.215720	0.867058
  904	17195	  553	  483	0.00353250	!	2.968066	840.215720	0.870590
  904	17195	  554	  483	0.00000530	!	0.004456	840.215720	0.870596
  904	17195	  522	  484	0.00936174	!	7.865879	840.215720	0.879957
  904	17195	  523	  484	0.00001334	!	0.011205	840.215720	0.879971
  904	17195	  533	  484	0.00000466	!	0.003913	840.215720	0.879975
  904	17195	  534	  484	0.00000217	!	0.001822	840.215720	0.879977
  904	17195	  535	  484	0.00000375	!	0.003155	840.215720	0.879981
  904	17195	  536	  484	0.00000001	!	0.000005	840.215720	0.879981
  904	17195	  549	  484	0.00001552	!	0.013039	840.215720	0.879997
  904	17195	  550	  484	0.00000002	!	0.000019	840.215720	0.879997
  904	17195	  551	  484	0.01266894	!	10.644641	840.215720	0.892666
  904	17195	  552	  484	0.00001896	!	0.015930	840.215720	0.892685
  904	17195	  553	  484	0.00000307	!	0.002576	840.215720	0.892688
  904	17195	  554	  484	0.00000000	!	0.000004	840.215720	0.892688
  904	17195	  522	  485	0.02458134	!	20.653626	840.215720	0.917269
  904	17195	  523	  485	0.00003502	!	0.029421	840.215720	0.917304
  904	17195	  551	  485	0.01920810	!	16.138945	840.215720	0.936512
  904	17195	  552	  485	0.00002874	!	0.024152	840.215720	0.936541
  904	17195	  554	  485	0.04951445	!	41.602819	840.215720	0.986055
  904	17195	  555	  485	0.00007447	!	0.062568	840.215720	0.986130
  904	17195	  522	  486	0.00299752	!	2.518562	840.215720	0.989127
  904	17195	  523	  486	0.01078514	!	9.061843	840.215720	0.999912
  904	17195	  524	  486	0.00001538	!	0.012926	840.215720	0.999928
  904	17195	  551	  486	0.00001675	!	0.014078	840.215720	0.999945
  904	17195	  552	  486	0.00000003	!	0.000021	840.215720	0.999945
  904	17195	  554	  486	0.00004322	!	0.036310	840.215720	0.999988
  904	17195	  555	  486	0.00000006	!	0.000055	840.215720	0.999988
  904	17195	  522	  487	0.00000260	!	0.002189	840.215720	0.999991
  904	17195	  523	  487	0.00000944	!	0.007931	840.215720	1.000000
  904	17195	  524	  487	0.00000001	!	0.000011	840.215720	1.000000
  904	17093	  638	  462	0.00355497	!	7.920997	2228.148326	0.003555
  904	17093	  639	  462	0.00014592	!	0.325140	2228.148326	0.003701
  904	17093	  631	  463	0.00395041	!	8.802101	2228.148326	0.007651
  904	17093	  632	  463	0.00000670	!	0.014921	2228.148326	0.007658
  904	17093	  638	  463	0.00003564	!	0.079417	2228.148326	0.007694
  904	17093	  639	  463	0.00117046	!	2.607957	2228.148326	0.008864
  904	17093	  640	  463	0.00000186	!	0.004151	2228.148326	0.008866
  904	17093	  641	  463	0.11930000	!	265.818101	2228.148326	0.128166
  904	17093	  642	  463	0.12752620	!	284.147297	2228.148326	0.255692
  904	17093	  643	  463	0.00019448	!	0.433332	2228.148326	0.255887
  904	17093	  631	  464	0.00000323	!	0.007202	2228.148326	0.255890
  904	17093	  632	  464	0.00000001	!	0.000012	2228.148326	0.255890
  904	17093	  639	  464	0.00000099	!	0.002206	2228.148326	0.255891
  904	17093	  640	  464	0.00000000	!	0.000004	2228.148326	0.255891
  904	17093	  641	  464	0.00013913	!	0.309998	2228.148326	0.256030
  904	17093	  642	  464	0.00018340	!	0.408650	2228.148326	0.256213
  904	17093	  643	  464	0.00000032	!	0.000703	2228.148326	0.256214
  904	17093	  621	  467	0.00123743	!	2.757175	2228.148326	0.257451
  904	17093	  622	  467	0.00262268	!	5.843728	2228.148326	0.260074
  904	17093	  623	  467	0.00000438	!	0.009765	2228.148326	0.260078
  904	17093	  642	  467	0.00096311	!	2.145957	2228.148326	0.261041
  904	17093	  621	  468	0.00000110	!	0.002461	2228.148326	0.261042
  904	17093	  622	  468	0.00000217	!	0.004840	2228.148326	0.261045
  904	17093	  623	  468	0.00000000	!	0.000008	2228.148326	0.261045
  904	17093	  642	  468	0.00000073	!	0.001632	2228.148326	0.261045
  904	17093	  641	  471	0.00290712	!	6.477486	2228.148326	0.263952
  904	17093	  642	  471	0.00000500	!	0.011141	2228.148326	0.263957
  904	17093	  641	  472	0.00000244	!	0.005429	2228.148326	0.263960
  904	17093	  642	  472	0.00000000	!	0.000009	2228.148326	0.263960
  904	17093	  630	  474	0.02486569	!	55.404451	2228.148326	0.288826
  904	17093	  631	  474	0.00004209	!	0.093780	2228.148326	0.288868
  904	17093	  629	  475	0.00081404	!	1.813804	2228.148326	0.289682
  904	17093	  630	  475	0.00002240	!	0.049911	2228.148326	0.289704
  904	17093	  631	  475	0.00000004	!	0.000079	2228.148326	0.289704
  904	17093	  620	  476	0.01454828	!	32.415719	2228.148326	0.304252
  904	17093	  621	  476	0.00002958	!	0.065911	2228.148326	0.304282
  904	17093	  629	  476	0.00055840	!	1.244202	2228.148326	0.304840
  904	17093	  630	  476	0.00161028	!	3.587949	2228.148326	0.306451
  904	17093	  631	  476	0.00000272	!	0.006070	2228.148326	0.306453
  904	17093	  641	  476	0.00528832	!	11.783168	2228.148326	0.311742
  904	17093	  620	  477	0.00411646	!	9.172092	2228.148326	0.315858
  904	17093	  621	  477	0.00000745	!	0.016595	2228.148326	0.315866
  904	17093	  622	  477	0.00144629	!	3.222540	2228.148326	0.317312
  904	17093	  623	  477	0.00375457	!	8.365732	2228.148326	0.321067
  904	17093	  624	  477	0.05389299	!	120.081583	2228.148326	0.374960
  904	17093	  625	  477	0.00009041	!	0.201443	2228.148326	0.375050
  904	17093	  629	  477	0.00000047	!	0.001057	2228.148326	0.375050
  904	17093	  630	  477	0.00047246	!	1.052715	2228.148326	0.375523
  904	17093	  631	  477	0.00000080	!	0.001782	2228.148326	0.375524
  904	17093	  641	  477	0.00122644	!	2.732687	2228.148326	0.376750
  904	17093	  620	  478	0.00000370	!	0.008234	2228.148326	0.376754
  904	17093	  621	  478	0.00000001	!	0.000014	2228.148326	0.376754
  904	17093	  622	  478	0.00000123	!	0.002749	2228.148326	0.376755
  904	17093	  623	  478	0.00000320	!	0.007136	2228.148326	0.376758
  904	17093	  624	  478	0.03825797	!	85.244431	2228.148326	0.415016
  904	17093	  625	  478	0.00006419	!	0.143019	2228.148326	0.415080
  904	17093	  627	  478	0.01392680	!	31.030965	2228.148326	0.429007
  904	17093	  628	  478	0.00002347	!	0.052293	2228.148326	0.429031
  904	17093	  630	  478	0.00523350	!	11.661021	2228.148326	0.434264
  904	17093	  631	  478	0.00000886	!	0.019738	2228.148326	0.434273
  904	17093	  640	  478	0.00805055	!	17.937812	2228.148326	0.442324
  904	17093	  641	  478	0.00234971	!	5.235504	2228.148326	0.444673
  904	17093	  624	  479	0.00003269	!	0.072833	2228.148326	0.444706
  904	17093	  625	  479	0.00000005	!	0.000122	2228.148326	0.444706
  904	17093	  626	  479	0.00875194	!	19.500623	2228.148326	0.453458
  904	17093	  627	  479	0.00002664	!	0.059359	2228.148326	0.453485
  904	17093	  628	  479	0.01258610	!	28.043694	2228.148326	0.466071
  904	17093	  629	  479	0.00267984	!	5.971086	2228.148326	0.468751
  904	17093	  630	  479	0.00171133	!	3.813090	2228.148326	0.470462
  904	17093	  631	  479	0.00000289	!	0.006437	2228.148326	0.470465
  904	17093	  634	  479	0.00816495	!	18.192725	2228.148326	0.478630
  904	17093	  635	  479	0.00001390	!	0.030975	2228.148326	0.478644
  904	17093	  640	  479	0.00000689	!	0.015345	2228.148326	0.478650
  904	17093	  641	  479	0.00000167	!	0.003718	2228.148326	0.478652
  904	17093	  626	  480	0.05824091	!	129.769393	2228.148326	0.536893
  904	17093	  627	  480	0.00620394	!	13.823293	2228.148326	0.543097
  904	17093	  628	  480	0.00002109	!	0.046986	2228.148326	0.543118
  904	17093	  629	  480	0.01800716	!	40.122628	2228.148326	0.561125
  904	17093	  630	  480	0.00003190	!	0.071068	2228.148326	0.561157
  904	17093	  631	  480	0.00000000	!	0.000006	2228.148326	0.561157
  904	17093	  632	  480	0.00086422	!	1.925603	2228.148326	0.562021
  904	17093	  633	  480	0.00111810	!	2.491297	2228.148326	0.563139
  904	17093	  634	  480	0.00000890	!	0.019838	2228.148326	0.563148
  904	17093	  635	  480	0.00197035	!	4.390236	2228.148326	0.565119
  904	17093	  636	  480	0.00251969	!	5.614242	2228.148326	0.567638
  904	17093	  637	  480	0.00000430	!	0.009574	2228.148326	0.567643
  904	17093	  626	  481	0.00005010	!	0.111638	2228.148326	0.567693
  904	17093	  627	  481	0.00299597	!	6.675466	2228.148326	0.570689
  904	17093	  628	  481	0.00000505	!	0.011249	2228.148326	0.570694
  904	17093	  629	  481	0.00395771	!	8.818366	2228.148326	0.574652
  904	17093	  630	  481	0.00000669	!	0.014904	2228.148326	0.574658
  904	17093	  632	  481	0.00000074	!	0.001657	2228.148326	0.574659
  904	17093	  633	  481	0.00152243	!	3.392201	2228.148326	0.576181
  904	17093	  634	  481	0.01153827	!	25.708983	2228.148326	0.587720
  904	17093	  635	  481	0.00336526	!	7.498291	2228.148326	0.591085
  904	17093	  636	  481	0.00542009	!	12.076762	2228.148326	0.596505
  904	17093	  637	  481	0.00311516	!	6.941033	2228.148326	0.599620
  904	17093	  638	  481	0.00000531	!	0.011834	2228.148326	0.599626
  904	17093	  641	  481	0.00088763	!	1.977766	2228.148326	0.600513
  904	17093	  627	  482	0.00000258	!	0.005750	2228.148326	0.600516
  904	17093	  628	  482	0.00000000	!	0.000010	2228.148326	0.600516
  904	17093	  629	  482	0.00000340	!	0.007579	2228.148326	0.600519
  904	17093	  630	  482	0.00000001	!	0.000013	2228.148326	0.600519
  904	17093	  633	  482	0.00000131	!	0.002925	2228.148326	0.600520
  904	17093	  634	  482	0.00120168	!	2.677513	2228.148326	0.601722
  904	17093	  635	  482	0.00000493	!	0.010988	2228.148326	0.601727
  904	17093	  636	  482	0.00000467	!	0.010416	2228.148326	0.601732
  904	17093	  637	  482	0.02720613	!	60.619302	2228.148326	0.628938
  904	17093	  638	  482	0.00595295	!	13.264062	2228.148326	0.634891
  904	17093	  639	  482	0.00001011	!	0.022537	2228.148326	0.634901
  904	17093	  640	  482	0.01139845	!	25.397434	2228.148326	0.646299
  904	17093	  626	  483	0.00027026	!	0.602171	2228.148326	0.646570
  904	17093	  627	  483	0.00000051	!	0.001137	2228.148326	0.646570
  904	17093	  633	  483	0.00226340	!	5.043194	2228.148326	0.648834
  904	17093	  634	  483	0.16154800	!	359.952913	2228.148326	0.810382
  904	17093	  635	  483	0.00907720	!	20.225357	2228.148326	0.819459
  904	17093	  636	  483	0.00001501	!	0.033441	2228.148326	0.819474
  904	17093	  637	  483	0.00046035	!	1.025733	2228.148326	0.819934
  904	17093	  638	  483	0.00106105	!	2.364182	2228.148326	0.820995
  904	17093	  639	  483	0.01099813	!	24.505466	2228.148326	0.831993
  904	17093	  640	  483	0.00333292	!	7.426231	2228.148326	0.835326
  904	17093	  633	  484	0.04440016	!	98.930146	2228.148326	0.879726
  904	17093	  634	  484	0.03756331	!	83.696637	2228.148326	0.917290
  904	17093	  635	  484	0.00545288	!	12.149824	2228.148326	0.922743
  904	17093	  636	  484	0.00328613	!	7.321986	2228.148326	0.926029
  904	17093	  637	  484	0.02764961	!	61.607442	2228.148326	0.953678
  904	17093	  638	  484	0.03225404	!	71.866776	2228.148326	0.985932
  904	17093	  639	  484	0.01069426	!	23.828409	2228.148326	0.996627
  904	17093	  640	  484	0.00317221	!	7.068153	2228.148326	0.999799
  904	17093	  639	  485	0.00001297	!	0.028908	2228.148326	0.999812
  904	17093	  640	  485	0.00018821	!	0.419366	2228.148326	1.000000
  904	17019	  652	  335	0.06177949	!	157.620365	2551.337901	0.061779
  904	17019	  653	  335	0.00010795	!	0.275408	2551.337901	0.061887
  904	17019	  654	  335	0.00173498	!	4.426508	2551.337901	0.063622
  904	17019	  655	  335	0.00000304	!	0.007756	2551.337901	0.063625
  904	17019	  652	  336	0.07204202	!	183.803531	2551.337901	0.135667
  904	17019	  653	  336	0.00012588	!	0.321157	2551.337901	0.135793
  904	17019	  654	  336	0.00000087	!	0.002218	2551.337901	0.135794
  904	17019	  655	  336	0.00000000	!	0.000004	2551.337901	0.135794
  904	17019	  652	  337	0.00003626	!	0.092506	2551.337901	0.135830
  904	17019	  653	  337	0.00000006	!	0.000162	2551.337901	0.135831
  904	17019	  653	  340	0.00472348	!	12.051191	2551.337901	0.140554
  904	17019	  654	  340	0.01113524	!	28.409750	2551.337901	0.151689
  904	17019	  655	  340	0.00001950	!	0.049744	2551.337901	0.151709
  904	17019	  653	  341	0.00000243	!	0.006187	2551.337901	0.151711
  904	17019	  654	  341	0.00814673	!	20.785060	2551.337901	0.159858
  904	17019	  655	  341	0.00001428	!	0.036421	2551.337901	0.159872
  904	17019	  654	  342	0.00093787	!	2.392835	2551.337901	0.160810
  904	17019	  655	  342	0.00000164	!	0.004193	2551.337901	0.160812
  904	17019	  654	  343	0.00000048	!	0.001235	2551.337901	0.160812
  904	17019	  655	  343	0.00000000	!	0.000002	2551.337901	0.160812
  904	17019	  660	  344	0.00035695	!	0.910696	2551.337901	0.161169
  904	17019	  661	  344	0.00000063	!	0.001609	2551.337901	0.161170
  904	17019	  660	  345	0.00000019	!	0.000477	2551.337901	0.161170
  904	17019	  661	  345	0.00000000	!	0.000001	2551.337901	0.161170
  904	17019	  665	  345	0.00098113	!	2.503198	2551.337901	0.162151
  904	17019	  666	  345	0.00000175	!	0.004455	2551.337901	0.162153
  904	17019	  654	  346	0.00387140	!	9.877246	2551.337901	0.166024
  904	17019	  655	  346	0.00000678	!	0.017307	2551.337901	0.166031
  904	17019	  665	  346	0.00000052	!	0.001316	2551.337901	0.166032
  904	17019	  666	  346	0.00000000	!	0.000002	2551.337901	0.166032
  904	17019	  654	  347	0.00283339	!	7.228934	2551.337901	0.168865
  904	17019	  655	  347	0.00000496	!	0.012667	2551.337901	0.168870
  904	17019	  673	  347	0.00042226	!	1.077338	2551.337901	0.169292
  904	17019	  674	  347	0.00000076	!	0.001939	2551.337901	0.169293
  904	17019	  650	  348	0.00395432	!	10.088815	2551.337901	0.173247
  904	17019	  651	  348	0.00000689	!	0.017578	2551.337901	0.173254
  904	17019	  654	  348	0.00611299	!	15.596307	2551.337901	0.179367
  904	17019	  655	  348	0.00001071	!	0.027329	2551.337901	0.179378
  904	17019	  673	  348	0.00000022	!	0.000572	2551.337901	0.179378
  904	17019	  674	  348	0.00000000	!	0.000001	2551.337901	0.179378
  904	17019	  650	  349	0.00000211	!	0.005380	2551.337901	0.179380
  904	17019	  651	  349	0.00046001	!	1.173644	2551.337901	0.179840
  904	17019	  652	  349	0.00000080	!	0.002048	2551.337901	0.179841
  904	17019	  654	  349	0.00501806	!	12.802769	2551.337901	0.184859
  904	17019	  655	  349	0.00000879	!	0.022434	2551.337901	0.184868
  904	17019	  658	  349	0.00173704	!	4.431782	2551.337901	0.186605
  904	17019	  659	  349	0.00000306	!	0.007810	2551.337901	0.186608
  904	17019	  651	  350	0.00258225	!	6.588202	2551.337901	0.189190
  904	17019	  652	  350	0.00127055	!	3.241595	2551.337901	0.190461
  904	17019	  653	  350	0.00000221	!	0.005644	2551.337901	0.190463
  904	17019	  654	  350	0.00450880	!	11.503471	2551.337901	0.194972
  904	17019	  655	  350	0.00398403	!	10.164603	2551.337901	0.198956
  904	17019	  656	  350	0.00000698	!	0.017801	2551.337901	0.198963
  904	17019	  658	  350	0.00131682	!	3.359651	2551.337901	0.200280
  904	17019	  659	  350	0.00000232	!	0.005920	2551.337901	0.200282
  904	17019	  650	  351	0.02141884	!	54.646688	2551.337901	0.221701
  904	17019	  651	  351	0.00203610	!	5.194784	2551.337901	0.223737
  904	17019	  652	  351	0.00270823	!	6.909608	2551.337901	0.226445
  904	17019	  653	  351	0.00000473	!	0.012058	2551.337901	0.226450
  904	17019	  654	  351	0.00856100	!	21.842010	2551.337901	0.235011
  904	17019	  655	  351	0.01884652	!	48.083843	2551.337901	0.253857
  904	17019	  656	  351	0.00003304	!	0.084307	2551.337901	0.253890
  904	17019	  657	  351	0.00071457	!	1.823115	2551.337901	0.254605
  904	17019	  658	  351	0.00101814	!	2.597628	2551.337901	0.255623
  904	17019	  659	  351	0.00000179	!	0.004572	2551.337901	0.255625
  904	17019	  647	  352	0.00255448	!	6.517350	2551.337901	0.258179
  904	17019	  648	  352	0.00000443	!	0.011307	2551.337901	0.258184
  904	17019	  650	  352	0.00001158	!	0.029546	2551.337901	0.258195
  904	17019	  651	  352	0.02022650	!	51.604629	2551.337901	0.278422
  904	17019	  652	  352	0.06119501	!	156.129158	2551.337901	0.339617
  904	17019	  653	  352	0.00010686	!	0.272645	2551.337901	0.339724
  904	17019	  654	  352	0.01442247	!	36.796598	2551.337901	0.354146
  904	17019	  655	  352	0.01466451	!	37.414122	2551.337901	0.368811
  904	17019	  656	  352	0.01527655	!	38.975639	2551.337901	0.384087
  904	17019	  657	  352	0.01457158	!	37.177026	2551.337901	0.398659
  904	17019	  658	  352	0.00393006	!	10.026898	2551.337901	0.402589
  904	17019	  659	  352	0.00401085	!	10.233032	2551.337901	0.406600
  904	17019	  660	  352	0.00000707	!	0.018027	2551.337901	0.406607
  904	17019	  647	  353	0.00000139	!	0.003540	2551.337901	0.406608
  904	17019	  648	  353	0.00000000	!	0.000006	2551.337901	0.406608
  904	17019	  651	  353	0.00834928	!	21.301831	2551.337901	0.414957
  904	17019	  652	  353	0.03122602	!	79.668129	2551.337901	0.446183
  904	17019	  653	  353	0.02771985	!	70.722709	2551.337901	0.473903
  904	17019	  654	  353	0.01524397	!	38.892524	2551.337901	0.489147
  904	17019	  655	  353	0.03686025	!	94.042965	2551.337901	0.526008
  904	17019	  656	  353	0.00153547	!	3.917492	2551.337901	0.527543
  904	17019	  657	  353	0.00399137	!	10.183330	2551.337901	0.531534
  904	17019	  658	  353	0.00000914	!	0.023318	2551.337901	0.531544
  904	17019	  659	  353	0.00000218	!	0.005558	2551.337901	0.531546
  904	17019	  660	  353	0.00000000	!	0.000010	2551.337901	0.531546
  904	17019	  666	  353	0.00046244	!	1.179838	2551.337901	0.532008
  904	17019	  667	  353	0.00067809	!	1.730028	2551.337901	0.532686
  904	17019	  668	  353	0.00000121	!	0.003084	2551.337901	0.532687
  904	17019	  651	  354	0.02139013	!	54.573455	2551.337901	0.554078
  904	17019	  652	  354	0.00306079	!	7.809102	2551.337901	0.557138
  904	17019	  653	  354	0.01220901	!	31.149315	2551.337901	0.569347
  904	17019	  654	  354	0.00588282	!	15.009060	2551.337901	0.575230
  904	17019	  655	  354	0.06051431	!	154.392452	2551.337901	0.635745
  904	17019	  656	  354	0.00662361	!	16.899065	2551.337901	0.642368
  904	17019	  657	  354	0.00196274	!	5.007612	2551.337901	0.644331
  904	17019	  658	  354	0.00000343	!	0.008760	2551.337901	0.644334
  904	17019	  666	  354	0.00153949	!	3.927751	2551.337901	0.645874
  904	17019	  667	  354	0.00000311	!	0.007942	2551.337901	0.645877
  904	17019	  668	  354	0.00000000	!	0.000002	2551.337901	0.645877
  904	17019	  672	  354	0.00766533	!	19.556849	2551.337901	0.653542
  904	17019	  673	  354	0.00001377	!	0.035143	2551.337901	0.653556
  904	17019	  649	  355	0.00158140	!	4.034695	2551.337901	0.655137
  904	17019	  650	  355	0.00000275	!	0.007020	2551.337901	0.655140
  904	17019	  651	  355	0.00657843	!	16.783809	2551.337901	0.661719
  904	17019	  652	  355	0.03697805	!	94.343501	2551.337901	0.698697
  904	17019	  653	  355	0.00256736	!	6.550206	2551.337901	0.701264
  904	17019	  654	  355	0.02074466	!	52.926629	2551.337901	0.722009
  904	17019	  655	  355	0.09189948	!	234.466638	2551.337901	0.813908
  904	17019	  656	  355	0.00016477	!	0.420377	2551.337901	0.814073
  904	17019	  657	  355	0.04431978	!	113.074724	2551.337901	0.858393
  904	17019	  658	  355	0.00007799	!	0.198978	2551.337901	0.858471
  904	17019	  666	  355	0.00000084	!	0.002152	2551.337901	0.858472
  904	17019	  667	  355	0.00000000	!	0.000004	2551.337901	0.858472
  904	17019	  672	  355	0.00000420	!	0.010719	2551.337901	0.858476
  904	17019	  673	  355	0.00000001	!	0.000019	2551.337901	0.858476
  904	17019	  649	  356	0.00000087	!	0.002221	2551.337901	0.858477
  904	17019	  650	  356	0.00000000	!	0.000004	2551.337901	0.858477
  904	17019	  651	  356	0.00000362	!	0.009224	2551.337901	0.858480
  904	17019	  652	  356	0.00002036	!	0.051941	2551.337901	0.858501
  904	17019	  653	  356	0.00000141	!	0.003597	2551.337901	0.858502
  904	17019	  654	  356	0.00001142	!	0.029136	2551.337901	0.858513
  904	17019	  655	  356	0.00005058	!	0.129046	2551.337901	0.858564
  904	17019	  656	  356	0.00000009	!	0.000226	2551.337901	0.858564
  904	17019	  657	  356	0.00002440	!	0.062255	2551.337901	0.858588
  904	17019	  658	  356	0.00000004	!	0.000110	2551.337901	0.858589
  904	17019	  643	  357	0.00168362	!	4.295477	2551.337901	0.860272
  904	17019	  644	  357	0.00000290	!	0.007409	2551.337901	0.860275
  904	17019	  645	  357	0.00274313	!	6.998649	2551.337901	0.863018
  904	17019	  646	  357	0.00000475	!	0.012107	2551.337901	0.863023
  904	17019	  653	  357	0.00735657	!	18.769090	2551.337901	0.870379
  904	17019	  654	  357	0.06079776	!	155.115618	2551.337901	0.931177
  904	17019	  655	  357	0.00010651	!	0.271744	2551.337901	0.931284
  904	17019	  643	  358	0.00000094	!	0.002386	2551.337901	0.931285
  904	17019	  644	  358	0.00353377	!	9.015834	2551.337901	0.934818
  904	17019	  645	  358	0.00000763	!	0.019462	2551.337901	0.934826
  904	17019	  646	  358	0.00915797	!	23.365067	2551.337901	0.943984
  904	17019	  647	  358	0.00001587	!	0.040477	2551.337901	0.944000
  904	17019	  653	  358	0.00000409	!	0.010427	2551.337901	0.944004
  904	17019	  654	  358	0.00003378	!	0.086172	2551.337901	0.944038
  904	17019	  655	  358	0.00000006	!	0.000151	2551.337901	0.944038
  904	17019	  644	  359	0.00000197	!	0.005031	2551.337901	0.944040
  904	17019	  645	  359	0.00000000	!	0.000009	2551.337901	0.944040
  904	17019	  646	  359	0.00000511	!	0.013038	2551.337901	0.944045
  904	17019	  647	  359	0.00000001	!	0.000023	2551.337901	0.944045
  904	17019	  657	  363	0.00166725	!	4.253710	2551.337901	0.945712
  904	17019	  658	  363	0.00000293	!	0.007485	2551.337901	0.945715
  904	17019	  657	  364	0.00000095	!	0.002426	2551.337901	0.945716
  904	17019	  658	  364	0.00000000	!	0.000004	2551.337901	0.945716
  904	17019	  645	  367	0.00073896	!	1.885347	2551.337901	0.946455
  904	17019	  646	  367	0.00000128	!	0.003261	2551.337901	0.946456
  904	17019	  645	  368	0.00000043	!	0.001094	2551.337901	0.946457
  904	17019	  646	  368	0.00000000	!	0.000002	2551.337901	0.946457
  904	17019	  655	  368	0.01876489	!	47.875579	2551.337901	0.965222
  904	17019	  656	  368	0.00408312	!	10.417411	2551.337901	0.969305
  904	17019	  657	  368	0.00738945	!	18.852994	2551.337901	0.976694
  904	17019	  658	  368	0.00542532	!	13.841815	2551.337901	0.982120
  904	17019	  659	  368	0.00000954	!	0.024333	2551.337901	0.982129
  904	17019	  655	  369	0.00740304	!	18.887663	2551.337901	0.989532
  904	17019	  656	  369	0.00507195	!	12.940261	2551.337901	0.994604
  904	17019	  657	  369	0.00001319	!	0.033657	2551.337901	0.994617
  904	17019	  658	  369	0.00000316	!	0.008067	2551.337901	0.994620
  904	17019	  659	  369	0.00250395	!	6.388425	2551.337901	0.997124
  904	17019	  660	  369	0.00039962	!	1.019562	2551.337901	0.997524
  904	17019	  661	  369	0.00000070	!	0.001782	2551.337901	0.997525
  904	17019	  662	  369	0.00246052	!	6.277627	2551.337901	0.999985
  904	17019	  663	  369	0.00000436	!	0.011125	2551.337901	0.999990
  904	17019	  655	  370	0.00000433	!	0.011038	2551.337901	0.999994
  904	17019	  656	  370	0.00000297	!	0.007570	2551.337901	0.999997
  904	17019	  657	  370	0.00000001	!	0.000013	2551.337901	0.999997
  904	17019	  659	  370	0.00000147	!	0.003739	2551.337901	0.999998
  904	17019	  660	  370	0.00000023	!	0.000597	2551.337901	0.999999
  904	17019	  661	  370	0.00000000	!	0.000001	2551.337901	0.999999
  904	17019	  662	  370	0.00000144	!	0.003674	2551.337901	1.000000
  904	17019	  663	  370	0.00000000	!	0.000007	2551.337901	1.000000
  904	17107	  590	  336	0.00642262	!	6.354567	989.404123	0.006423
  904	17107	  591	  336	0.00001023	!	0.010125	989.404123	0.006433
  904	17107	  575	  337	0.01685686	!	16.678242	989.404123	0.023290
  904	17107	  576	  337	0.00002623	!	0.025953	989.404123	0.023316
  904	17107	  590	  337	0.00000323	!	0.003200	989.404123	0.023319
  904	17107	  591	  337	0.00000001	!	0.000005	989.404123	0.023319
  904	17107	  575	  338	0.00000853	!	0.008439	989.404123	0.023328
  904	17107	  576	  338	0.00000001	!	0.000013	989.404123	0.023328
  904	17107	  589	  338	0.02582483	!	25.551193	989.404123	0.049153
  904	17107	  590	  338	0.00004108	!	0.040648	989.404123	0.049194
  904	17107	  589	  339	0.00001313	!	0.012992	989.404123	0.049207
  904	17107	  590	  339	0.00000002	!	0.000021	989.404123	0.049207
  904	17107	  584	  347	0.03515010	!	34.777651	989.404123	0.084357
  904	17107	  585	  347	0.00005548	!	0.054894	989.404123	0.084412
  904	17107	  580	  348	0.03608781	!	35.705429	989.404123	0.120500
  904	17107	  581	  348	0.01674336	!	16.565946	989.404123	0.137244
  904	17107	  582	  348	0.00674814	!	6.676635	989.404123	0.143992
  904	17107	  583	  348	0.00768273	!	7.601328	989.404123	0.151674
  904	17107	  584	  348	0.00843868	!	8.349269	989.404123	0.160113
  904	17107	  585	  348	0.00001330	!	0.013160	989.404123	0.160126
  904	17107	  580	  349	0.66873501	!	661.649175	989.404123	0.828861
  904	17107	  581	  349	0.01188025	!	11.754368	989.404123	0.840742
  904	17107	  582	  349	0.00850057	!	8.410495	989.404123	0.849242
  904	17107	  583	  349	0.01103743	!	10.920474	989.404123	0.860280
  904	17107	  584	  349	0.01007634	!	9.969571	989.404123	0.870356
  904	17107	  585	  349	0.00001588	!	0.015709	989.404123	0.870372
  904	17107	  580	  350	0.00035824	!	0.354443	989.404123	0.870730
  904	17107	  581	  350	0.00000636	!	0.006292	989.404123	0.870736
  904	17107	  582	  350	0.00000455	!	0.004504	989.404123	0.870741
  904	17107	  583	  350	0.01797860	!	17.788101	989.404123	0.888720
  904	17107	  584	  350	0.00003372	!	0.033362	989.404123	0.888753
  904	17107	  585	  350	0.00000001	!	0.000008	989.404123	0.888753
  904	17107	  583	  351	0.00000967	!	0.009570	989.404123	0.888763
  904	17107	  584	  351	0.00000002	!	0.000015	989.404123	0.888763
  904	17107	  591	  358	0.11099781	!	109.821692	989.404123	0.999761
  904	17107	  592	  358	0.00017713	!	0.175254	989.404123	0.999938
  904	17107	  591	  359	0.00006194	!	0.061282	989.404123	1.000000
  904	17107	  592	  359	0.00000010	!	0.000098	989.404123	1.000000
  904	17029	  651	  294	0.01372898	!	9.473356	690.026184	0.013729
  904	17029	  652	  294	0.00002395	!	0.016529	690.026184	0.013753
  904	17029	  651	  295	0.00934160	!	6.445948	690.026184	0.023095
  904	17029	  652	  295	0.00001630	!	0.011247	690.026184	0.023111
  904	17029	  651	  296	0.00475304	!	3.279720	690.026184	0.027864
  904	17029	  652	  296	0.01951939	!	13.468892	690.026184	0.047383
  904	17029	  653	  296	0.00003409	!	0.023524	690.026184	0.047417
  904	17029	  650	  297	0.01549006	!	10.688547	690.026184	0.062907
  904	17029	  651	  297	0.00725964	!	5.009342	690.026184	0.070167
  904	17029	  652	  297	0.00002051	!	0.014153	690.026184	0.070188
  904	17029	  653	  297	0.00000001	!	0.000010	690.026184	0.070188
  904	17029	  647	  298	0.01069994	!	7.383241	690.026184	0.080888
  904	17029	  648	  298	0.00001856	!	0.012809	690.026184	0.080906
  904	17029	  650	  298	0.10553417	!	72.821338	690.026184	0.186440
  904	17029	  651	  298	0.06650013	!	45.886833	690.026184	0.252940
  904	17029	  652	  298	0.00011571	!	0.079842	690.026184	0.253056
  904	17029	  647	  299	0.00000438	!	0.003022	690.026184	0.253060
  904	17029	  648	  299	0.15689870	!	108.264213	690.026184	0.409959
  904	17029	  649	  299	0.00539086	!	3.719834	690.026184	0.415350
  904	17029	  650	  299	0.03883615	!	26.797964	690.026184	0.454186
  904	17029	  651	  299	0.03259008	!	22.488010	690.026184	0.486776
  904	17029	  652	  299	0.00941957	!	6.499749	690.026184	0.496196
  904	17029	  653	  299	0.04749814	!	32.774960	690.026184	0.543694
  904	17029	  654	  299	0.01898108	!	13.097444	690.026184	0.562675
  904	17029	  655	  299	0.06039184	!	41.671951	690.026184	0.623067
  904	17029	  656	  299	0.00010591	!	0.073083	690.026184	0.623173
  904	17029	  648	  300	0.00006462	!	0.044588	690.026184	0.623237
  904	17029	  649	  300	0.00000222	!	0.001532	690.026184	0.623240
  904	17029	  650	  300	0.00001598	!	0.011024	690.026184	0.623256
  904	17029	  651	  300	0.00001341	!	0.009254	690.026184	0.623269
  904	17029	  652	  300	0.00487720	!	3.365393	690.026184	0.628146
  904	17029	  653	  300	0.00002808	!	0.019374	690.026184	0.628174
  904	17029	  654	  300	0.00000782	!	0.005394	690.026184	0.628182
  904	17029	  655	  300	0.00002487	!	0.017162	690.026184	0.628207
  904	17029	  656	  300	0.00000004	!	0.000030	690.026184	0.628207
  904	17029	  657	  300	0.03412479	!	23.546996	690.026184	0.662332
  904	17029	  658	  300	0.00006005	!	0.041436	690.026184	0.662392
  904	17029	  662	  300	0.01278864	!	8.824499	690.026184	0.675181
  904	17029	  663	  300	0.00547683	!	3.779155	690.026184	0.680657
  904	17029	  664	  300	0.00998316	!	6.888643	690.026184	0.690641
  904	17029	  665	  300	0.00001772	!	0.012230	690.026184	0.690658
  904	17029	  652	  301	0.00000202	!	0.001393	690.026184	0.690660
  904	17029	  653	  301	0.00000000	!	0.000002	690.026184	0.690660
  904	17029	  655	  301	0.01739313	!	12.001713	690.026184	0.708053
  904	17029	  656	  301	0.00003052	!	0.021060	690.026184	0.708084
  904	17029	  657	  301	0.00001414	!	0.009756	690.026184	0.708098
  904	17029	  658	  301	0.00000002	!	0.000017	690.026184	0.708098
  904	17029	  662	  301	0.00000530	!	0.003656	690.026184	0.708103
  904	17029	  663	  301	0.02502201	!	17.265844	690.026184	0.733125
  904	17029	  664	  301	0.00004854	!	0.033491	690.026184	0.733174
  904	17029	  665	  301	0.01532155	!	10.572270	690.026184	0.748495
  904	17029	  666	  301	0.00002727	!	0.018814	690.026184	0.748523
  904	17029	  651	  302	0.02676596	!	18.469217	690.026184	0.775289
  904	17029	  652	  302	0.03702274	!	25.546657	690.026184	0.812311
  904	17029	  653	  302	0.00006461	!	0.044581	690.026184	0.812376
  904	17029	  655	  302	0.00000725	!	0.005002	690.026184	0.812383
  904	17029	  656	  302	0.00000001	!	0.000009	690.026184	0.812383
  904	17029	  658	  302	0.00354885	!	2.448802	690.026184	0.815932
  904	17029	  659	  302	0.00000625	!	0.004315	690.026184	0.815938
  904	17029	  663	  302	0.01099712	!	7.588298	690.026184	0.826936
  904	17029	  664	  302	0.00001952	!	0.013466	690.026184	0.826955
  904	17029	  665	  302	0.02849595	!	19.662954	690.026184	0.855451
  904	17029	  666	  302	0.00005071	!	0.034992	690.026184	0.855502
  904	17029	  651	  303	0.03690415	!	25.464827	690.026184	0.892406
  904	17029	  652	  303	0.04259191	!	29.389532	690.026184	0.934998
  904	17029	  653	  303	0.00007431	!	0.051274	690.026184	0.935072
  904	17029	  654	  303	0.00697539	!	4.813199	690.026184	0.942047
  904	17029	  655	  303	0.00509661	!	3.516794	690.026184	0.947144
  904	17029	  656	  303	0.00000892	!	0.006156	690.026184	0.947153
  904	17029	  658	  303	0.00000149	!	0.001027	690.026184	0.947154
  904	17029	  659	  303	0.00000000	!	0.000002	690.026184	0.947154
  904	17029	  663	  303	0.00421411	!	2.907843	690.026184	0.951369
  904	17029	  664	  303	0.00000748	!	0.005160	690.026184	0.951376
  904	17029	  665	  303	0.00001194	!	0.008242	690.026184	0.951388
  904	17029	  666	  303	0.00000002	!	0.000015	690.026184	0.951388
  904	17029	  668	  303	0.04007245	!	27.651042	690.026184	0.991460
  904	17029	  669	  303	0.00007161	!	0.049413	690.026184	0.991532
  904	17029	  651	  304	0.00001556	!	0.010737	690.026184	0.991548
  904	17029	  652	  304	0.00001796	!	0.012391	690.026184	0.991566
  904	17029	  653	  304	0.00000003	!	0.000022	690.026184	0.991566
  904	17029	  654	  304	0.00000294	!	0.002030	690.026184	0.991569
  904	17029	  655	  304	0.00000215	!	0.001483	690.026184	0.991571
  904	17029	  656	  304	0.00000000	!	0.000003	690.026184	0.991571
  904	17029	  663	  304	0.00000178	!	0.001225	690.026184	0.991573
  904	17029	  664	  304	0.00000000	!	0.000002	690.026184	0.991573
  904	17029	  668	  304	0.00001690	!	0.011662	690.026184	0.991589
  904	17029	  669	  304	0.00000003	!	0.000021	690.026184	0.991589
  904	17029	  672	  305	0.00839189	!	5.790623	690.026184	0.999981
  904	17029	  673	  305	0.00001508	!	0.010406	690.026184	0.999996
  904	17029	  672	  306	0.00000358	!	0.002471	690.026184	1.000000
  904	17029	  673	  306	0.00000001	!	0.000004	690.026184	1.000000
  904	17063	  635	  433	0.01186211	!	98.581956	8310.659495	0.011862
  904	17063	  636	  433	0.04250689	!	353.260256	8310.659495	0.054369
  904	17063	  637	  433	0.00006296	!	0.523233	8310.659495	0.054432
  904	17063	  635	  434	0.00119369	!	9.920330	8310.659495	0.055626
  904	17063	  636	  434	0.00006657	!	0.553258	8310.659495	0.055692
  904	17063	  637	  434	0.00000011	!	0.000916	8310.659495	0.055692
  904	17063	  635	  435	0.00000088	!	0.007315	8310.659495	0.055693
  904	17063	  636	  435	0.00000000	!	0.000012	8310.659495	0.055693
  904	17063	  641	  439	0.00118994	!	9.889198	8310.659495	0.056883
  904	17063	  642	  439	0.00000205	!	0.017009	8310.659495	0.056885
  904	17063	  641	  440	0.00180257	!	14.980576	8310.659495	0.058688
  904	17063	  642	  440	0.00000310	!	0.025766	8310.659495	0.058691
  904	17063	  641	  441	0.00000137	!	0.011398	8310.659495	0.058692
  904	17063	  642	  441	0.00000000	!	0.000020	8310.659495	0.058692
  904	17063	  634	  444	0.00056830	!	4.722976	8310.659495	0.059261
  904	17063	  635	  444	0.00000097	!	0.008041	8310.659495	0.059262
  904	17063	  634	  445	0.00000044	!	0.003642	8310.659495	0.059262
  904	17063	  635	  445	0.00000000	!	0.000006	8310.659495	0.059262
  904	17063	  643	  446	0.00646582	!	53.735197	8310.659495	0.065728
  904	17063	  644	  446	0.00001115	!	0.092690	8310.659495	0.065739
  904	17063	  643	  447	0.00000502	!	0.041704	8310.659495	0.065744
  904	17063	  644	  447	0.00000001	!	0.000072	8310.659495	0.065744
  904	17063	  623	  448	0.00179688	!	14.933221	8310.659495	0.067541
  904	17063	  624	  448	0.00000656	!	0.054526	8310.659495	0.067547
  904	17063	  625	  448	0.00118797	!	9.872838	8310.659495	0.068735
  904	17063	  626	  448	0.00000200	!	0.016589	8310.659495	0.068737
  904	17063	  642	  448	0.00228073	!	18.954397	8310.659495	0.071018
  904	17063	  643	  448	0.01231796	!	102.370377	8310.659495	0.083336
  904	17063	  644	  448	0.00002124	!	0.176526	8310.659495	0.083357
  904	17063	  623	  449	0.00021702	!	1.803539	8310.659495	0.083574
  904	17063	  624	  449	0.00000062	!	0.005134	8310.659495	0.083575
  904	17063	  625	  449	0.00927694	!	77.097530	8310.659495	0.092852
  904	17063	  626	  449	0.00001559	!	0.129542	8310.659495	0.092867
  904	17063	  642	  449	0.00000178	!	0.014805	8310.659495	0.092869
  904	17063	  643	  449	0.00448526	!	37.275503	8310.659495	0.097354
  904	17063	  644	  449	0.00056589	!	4.702959	8310.659495	0.097920
  904	17063	  623	  450	0.00000019	!	0.001563	8310.659495	0.097921
  904	17063	  624	  450	0.00000000	!	0.000004	8310.659495	0.097921
  904	17063	  625	  450	0.00000727	!	0.060403	8310.659495	0.097928
  904	17063	  626	  450	0.00000001	!	0.000101	8310.659495	0.097928
  904	17063	  643	  450	0.00000351	!	0.029144	8310.659495	0.097931
  904	17063	  644	  450	0.00000042	!	0.003456	8310.659495	0.097932
  904	17063	  629	  452	0.00082273	!	6.837395	8310.659495	0.098755
  904	17063	  630	  452	0.00000139	!	0.011556	8310.659495	0.098756
  904	17063	  629	  453	0.00000065	!	0.005408	8310.659495	0.098757
  904	17063	  630	  453	0.00000000	!	0.000009	8310.659495	0.098757
  904	17063	  633	  453	0.00378024	!	31.416251	8310.659495	0.102537
  904	17063	  634	  453	0.00000643	!	0.053411	8310.659495	0.102543
  904	17063	  632	  454	0.00030554	!	2.539242	8310.659495	0.102849
  904	17063	  633	  454	0.00182261	!	15.147060	8310.659495	0.104671
  904	17063	  634	  454	0.00023948	!	1.990254	8310.659495	0.104911
  904	17063	  635	  454	0.00000040	!	0.003345	8310.659495	0.104911
  904	17063	  631	  455	0.00272498	!	22.646411	8310.659495	0.107636
  904	17063	  632	  455	0.00000486	!	0.040410	8310.659495	0.107641
  904	17063	  633	  455	0.00378824	!	31.482745	8310.659495	0.111429
  904	17063	  634	  455	0.00000663	!	0.055087	8310.659495	0.111436
  904	17063	  635	  455	0.00000000	!	0.000003	8310.659495	0.111436
  904	17063	  631	  456	0.00000218	!	0.018081	8310.659495	0.111438
  904	17063	  632	  456	0.05267107	!	437.731297	8310.659495	0.164109
  904	17063	  633	  456	0.18630426	!	1548.311279	8310.659495	0.350413
  904	17063	  634	  456	0.04385702	!	364.480746	8310.659495	0.394270
  904	17063	  635	  456	0.00007413	!	0.616079	8310.659495	0.394345
  904	17063	  636	  456	0.00242698	!	20.169799	8310.659495	0.396772
  904	17063	  637	  456	0.00000414	!	0.034441	8310.659495	0.396776
  904	17063	  641	  456	0.00294627	!	24.485464	8310.659495	0.399722
  904	17063	  642	  456	0.00000507	!	0.042114	8310.659495	0.399727
  904	17063	  632	  457	0.01265185	!	105.145220	8310.659495	0.412379
  904	17063	  633	  457	0.00017061	!	1.417909	8310.659495	0.412550
  904	17063	  634	  457	0.00003512	!	0.291909	8310.659495	0.412585
  904	17063	  635	  457	0.00000006	!	0.000493	8310.659495	0.412585
  904	17063	  636	  457	0.00000194	!	0.016154	8310.659495	0.412587
  904	17063	  637	  457	0.00000000	!	0.000028	8310.659495	0.412587
  904	17063	  639	  457	0.00041562	!	3.454046	8310.659495	0.413002
  904	17063	  640	  457	0.00000071	!	0.005924	8310.659495	0.413003
  904	17063	  641	  457	0.00000236	!	0.019610	8310.659495	0.413005
  904	17063	  642	  457	0.00228988	!	19.030417	8310.659495	0.415295
  904	17063	  643	  457	0.00000394	!	0.032779	8310.659495	0.415299
  904	17063	  632	  458	0.00337663	!	28.061984	8310.659495	0.418676
  904	17063	  633	  458	0.00530061	!	44.051554	8310.659495	0.423976
  904	17063	  634	  458	0.00000900	!	0.074811	8310.659495	0.423985
  904	17063	  636	  458	0.05182264	!	430.680346	8310.659495	0.475808
  904	17063	  637	  458	0.00008849	!	0.735407	8310.659495	0.475897
  904	17063	  638	  458	0.00201498	!	16.745836	8310.659495	0.477912
  904	17063	  639	  458	0.06945964	!	577.255411	8310.659495	0.547371
  904	17063	  640	  458	0.00011912	!	0.989943	8310.659495	0.547490
  904	17063	  642	  458	0.00000184	!	0.015288	8310.659495	0.547492
  904	17063	  643	  458	0.00000000	!	0.000026	8310.659495	0.547492
  904	17063	  632	  459	0.02504254	!	208.120025	8310.659495	0.572535
  904	17063	  633	  459	0.00004678	!	0.388768	8310.659495	0.572581
  904	17063	  634	  459	0.00000001	!	0.000060	8310.659495	0.572581
  904	17063	  636	  459	0.00004176	!	0.347063	8310.659495	0.572623
  904	17063	  637	  459	0.00000007	!	0.000593	8310.659495	0.572623
  904	17063	  638	  459	0.00145426	!	12.085883	8310.659495	0.574078
  904	17063	  639	  459	0.00084558	!	7.027365	8310.659495	0.574923
  904	17063	  640	  459	0.00061116	!	5.079136	8310.659495	0.575534
  904	17063	  641	  459	0.00000105	!	0.008703	8310.659495	0.575535
  904	17063	  642	  459	0.00080156	!	6.661472	8310.659495	0.576337
  904	17063	  643	  459	0.00000138	!	0.011474	8310.659495	0.576338
  904	17063	  632	  460	0.04022606	!	334.305118	8310.659495	0.616564
  904	17063	  633	  460	0.00006829	!	0.567521	8310.659495	0.616633
  904	17063	  637	  460	0.02250207	!	187.007052	8310.659495	0.639135
  904	17063	  638	  460	0.00003965	!	0.329546	8310.659495	0.639174
  904	17063	  639	  460	0.00000064	!	0.005304	8310.659495	0.639175
  904	17063	  640	  460	0.00000049	!	0.004105	8310.659495	0.639175
  904	17063	  641	  460	0.00000000	!	0.000007	8310.659495	0.639175
  904	17063	  642	  460	0.00000065	!	0.005385	8310.659495	0.639176
  904	17063	  643	  460	0.00000000	!	0.000009	8310.659495	0.639176
  904	17063	  632	  461	0.00003260	!	0.270921	8310.659495	0.639209
  904	17063	  633	  461	0.00000006	!	0.000460	8310.659495	0.639209
  904	17063	  637	  461	0.00001824	!	0.151627	8310.659495	0.639227
  904	17063	  638	  461	0.01809274	!	150.362609	8310.659495	0.657320
  904	17063	  639	  461	0.00003098	!	0.257498	8310.659495	0.657351
  904	17063	  640	  461	0.03551985	!	295.193409	8310.659495	0.692871
  904	17063	  641	  461	0.00006100	!	0.506989	8310.659495	0.692932
  904	17063	  638	  462	0.01077588	!	89.554667	8310.659495	0.703708
  904	17063	  639	  462	0.01823845	!	151.573558	8310.659495	0.721946
  904	17063	  640	  462	0.18703799	!	1554.409037	8310.659495	0.908984
  904	17063	  641	  462	0.04936695	!	410.271880	8310.659495	0.958351
  904	17063	  642	  462	0.00186943	!	15.536202	8310.659495	0.960220
  904	17063	  643	  462	0.00000307	!	0.025553	8310.659495	0.960223
  904	17063	  639	  463	0.00002554	!	0.212268	8310.659495	0.960249
  904	17063	  640	  463	0.00015261	!	1.268310	8310.659495	0.960402
  904	17063	  641	  463	0.01364209	!	113.374767	8310.659495	0.974044
  904	17063	  642	  463	0.02590512	!	215.288642	8310.659495	0.999949
  904	17063	  643	  463	0.00005124	!	0.425798	8310.659495	1.000000
  904	17065	  655	  175	0.06429496	!	1.696515	26.386436	0.064295
  904	17065	  656	  175	0.00011282	!	0.002977	26.386436	0.064408
  904	17065	  655	  176	0.00000674	!	0.000178	26.386436	0.064415
  904	17065	  656	  176	0.00000001	!	0.000000	26.386436	0.064415
  904	17065	  651	  183	0.73631306	!	19.428678	26.386436	0.800728
  904	17065	  652	  183	0.00128472	!	0.033899	26.386436	0.802012
  904	17065	  651	  184	0.00009174	!	0.002421	26.386436	0.802104
  904	17065	  652	  184	0.00000016	!	0.000004	26.386436	0.802104
  904	17065	  650	  196	0.19752674	!	5.212027	26.386436	0.999631
  904	17065	  651	  196	0.00034474	!	0.009096	26.386436	0.999976
  904	17065	  650	  197	0.00002426	!	0.000640	26.386436	1.000000
  904	17065	  651	  197	0.00000005	!	0.000001	26.386436	1.000000
  904	17199	  625	  141	0.15329692	!	432.192391	2819.315515	0.153297
  904	17199	  626	  141	0.02903716	!	81.864909	2819.315515	0.182334
  904	17199	  627	  141	0.00004843	!	0.136533	2819.315515	0.182383
  904	17199	  625	  142	0.00000316	!	0.008914	2819.315515	0.182386
  904	17199	  626	  142	0.00000060	!	0.001688	2819.315515	0.182386
  904	17199	  627	  142	0.00000000	!	0.000003	2819.315515	0.182386
  904	17199	  629	  142	0.00065365	!	1.842841	2819.315515	0.183040
  904	17199	  630	  142	0.00000110	!	0.003115	2819.315515	0.183041
  904	17199	  626	  143	0.03676020	!	103.638593	2819.315515	0.219801
  904	17199	  627	  143	0.00006186	!	0.174394	2819.315515	0.219863
  904	17199	  629	  143	0.00000002	!	0.000043	2819.315515	0.219863
  904	17199	  630	  143	0.00000000	!	0.000000	2819.315515	0.219863
  904	17199	  626	  144	0.00000094	!	0.002651	2819.315515	0.219864
  904	17199	  627	  144	0.00000000	!	0.000004	2819.315515	0.219864
  904	17199	  633	  146	0.00300487	!	8.471665	2819.315515	0.222869
  904	17199	  634	  146	0.00000511	!	0.014403	2819.315515	0.222874
  904	17199	  633	  147	0.00000010	!	0.000280	2819.315515	0.222874
  904	17199	  634	  147	0.00000000	!	0.000000	2819.315515	0.222874
  904	17199	  626	  150	0.02418099	!	68.173851	2819.315515	0.247055
  904	17199	  627	  150	0.00520063	!	14.662220	2819.315515	0.252256
  904	17199	  628	  150	0.00507826	!	14.317204	2819.315515	0.257334
  904	17199	  629	  150	0.00000856	!	0.024121	2819.315515	0.257343
  904	17199	  617	  151	0.00025320	!	0.713850	2819.315515	0.257596
  904	17199	  618	  151	0.00000042	!	0.001185	2819.315515	0.257596
  904	17199	  622	  151	0.02742837	!	77.329218	2819.315515	0.285025
  904	17199	  623	  151	0.00805750	!	22.716632	2819.315515	0.293082
  904	17199	  624	  151	0.01862134	!	52.499422	2819.315515	0.311703
  904	17199	  625	  151	0.00003122	!	0.088017	2819.315515	0.311735
  904	17199	  626	  151	0.01163919	!	32.814538	2819.315515	0.323374
  904	17199	  627	  151	0.01109983	!	31.293922	2819.315515	0.334474
  904	17199	  628	  151	0.00395829	!	11.159655	2819.315515	0.338432
  904	17199	  629	  151	0.00000665	!	0.018745	2819.315515	0.338439
  904	17199	  630	  151	0.00196353	!	5.535802	2819.315515	0.340402
  904	17199	  631	  151	0.00000332	!	0.009370	2819.315515	0.340405
  904	17199	  617	  152	0.00000001	!	0.000032	2819.315515	0.340405
  904	17199	  618	  152	0.00000000	!	0.000000	2819.315515	0.340405
  904	17199	  619	  152	0.00290151	!	8.180274	2819.315515	0.343307
  904	17199	  620	  152	0.00000483	!	0.013623	2819.315515	0.343312
  904	17199	  621	  152	0.00517314	!	14.584705	2819.315515	0.348485
  904	17199	  622	  152	0.00256733	!	7.238115	2819.315515	0.351052
  904	17199	  623	  152	0.00196966	!	5.553100	2819.315515	0.353022
  904	17199	  624	  152	0.08766092	!	247.143806	2819.315515	0.440683
  904	17199	  625	  152	0.04619705	!	130.244072	2819.315515	0.486880
  904	17199	  626	  152	0.26170448	!	737.827509	2819.315515	0.748584
  904	17199	  627	  152	0.18581092	!	523.859598	2819.315515	0.934395
  904	17199	  628	  152	0.00435329	!	12.273288	2819.315515	0.938749
  904	17199	  629	  152	0.00842990	!	23.766537	2819.315515	0.947178
  904	17199	  630	  152	0.00164897	!	4.648966	2819.315515	0.948827
  904	17199	  631	  152	0.00000277	!	0.007801	2819.315515	0.948830
  904	17199	  619	  153	0.00000014	!	0.000391	2819.315515	0.948830
  904	17199	  620	  153	0.00000000	!	0.000001	2819.315515	0.948830
  904	17199	  621	  153	0.00000025	!	0.000698	2819.315515	0.948831
  904	17199	  622	  153	0.00000012	!	0.000346	2819.315515	0.948831
  904	17199	  623	  153	0.00000009	!	0.000266	2819.315515	0.948831
  904	17199	  624	  153	0.00530719	!	14.962650	2819.315515	0.954138
  904	17199	  625	  153	0.00001111	!	0.031316	2819.315515	0.954149
  904	17199	  626	  153	0.00001252	!	0.035307	2819.315515	0.954162
  904	17199	  627	  153	0.00000889	!	0.025068	2819.315515	0.954170
  904	17199	  628	  153	0.01072872	!	30.247653	2819.315515	0.964899
  904	17199	  629	  153	0.00001851	!	0.052185	2819.315515	0.964918
  904	17199	  630	  153	0.00000008	!	0.000222	2819.315515	0.964918
  904	17199	  631	  153	0.00000000	!	0.000000	2819.315515	0.964918
  904	17199	  643	  153	0.00149285	!	4.208815	2819.315515	0.966411
  904	17199	  623	  154	0.00743300	!	20.955975	2819.315515	0.973844
  904	17199	  624	  154	0.00001272	!	0.035859	2819.315515	0.973856
  904	17199	  625	  154	0.00000000	!	0.000001	2819.315515	0.973856
  904	17199	  628	  154	0.00000054	!	0.001522	2819.315515	0.973857
  904	17199	  629	  154	0.00000000	!	0.000003	2819.315515	0.973857
  904	17199	  643	  154	0.00000006	!	0.000157	2819.315515	0.973857
  904	17199	  621	  155	0.00101575	!	2.863727	2819.315515	0.974873
  904	17199	  622	  155	0.00409184	!	11.536184	2819.315515	0.978965
  904	17199	  623	  155	0.00000723	!	0.020396	2819.315515	0.978972
  904	17199	  624	  155	0.00000000	!	0.000002	2819.315515	0.978972
  904	17199	  633	  155	0.00248418	!	7.003692	2819.315515	0.981456
  904	17199	  634	  155	0.00000422	!	0.011907	2819.315515	0.981460
  904	17199	  621	  156	0.00357124	!	10.068441	2819.315515	0.985031
  904	17199	  622	  156	0.00234869	!	6.621699	2819.315515	0.987380
  904	17199	  623	  156	0.00000392	!	0.011049	2819.315515	0.987384
  904	17199	  633	  156	0.00000014	!	0.000387	2819.315515	0.987384
  904	17199	  634	  156	0.00000000	!	0.000001	2819.315515	0.987384
  904	17199	  621	  157	0.00168748	!	4.757542	2819.315515	0.989072
  904	17199	  622	  157	0.00000295	!	0.008328	2819.315515	0.989075
  904	17199	  623	  157	0.00000000	!	0.000001	2819.315515	0.989075
  904	17199	  621	  158	0.00000010	!	0.000287	2819.315515	0.989075
  904	17199	  622	  158	0.00000000	!	0.000000	2819.315515	0.989075
  904	17199	  626	  158	0.00405942	!	11.444780	2819.315515	0.993134
  904	17199	  627	  158	0.00685365	!	19.322590	2819.315515	0.999988
  904	17199	  628	  158	0.00001154	!	0.032530	2819.315515	0.999999
  904	17199	  626	  159	0.00000025	!	0.000718	2819.315515	1.000000
  904	17199	  627	  159	0.00000043	!	0.001212	2819.315515	1.000000
  904	17199	  628	  159	0.00000000	!	0.000002	2819.315515	1.000000
  904	17155	  578	  430	0.07206121	!	7.118538	98.784599	0.072061
  904	17155	  579	  430	0.00027832	!	0.027494	98.784599	0.072340
  904	17155	  578	  431	0.00004828	!	0.004769	98.784599	0.072388
  904	17155	  579	  431	0.00000020	!	0.000020	98.784599	0.072388
  904	17155	  577	  441	0.27190011	!	26.859543	98.784599	0.344288
  904	17155	  578	  441	0.00046703	!	0.046136	98.784599	0.344755
  904	17155	  582	  441	0.01945185	!	1.921543	98.784599	0.364207
  904	17155	  583	  441	0.00003061	!	0.003023	98.784599	0.364238
  904	17155	  584	  441	0.03815843	!	3.769465	98.784599	0.402396
  904	17155	  585	  441	0.00006023	!	0.005950	98.784599	0.402456
  904	17155	  577	  442	0.00017478	!	0.017265	98.784599	0.402631
  904	17155	  578	  442	0.32786113	!	32.387630	98.784599	0.730492
  904	17155	  579	  442	0.00051262	!	0.050639	98.784599	0.731005
  904	17155	  582	  442	0.00001486	!	0.001467	98.784599	0.731020
  904	17155	  583	  442	0.00000002	!	0.000002	98.784599	0.731020
  904	17155	  584	  442	0.00002914	!	0.002879	98.784599	0.731049
  904	17155	  585	  442	0.00000005	!	0.000005	98.784599	0.731049
  904	17155	  578	  443	0.00025120	!	0.024815	98.784599	0.731300
  904	17155	  579	  443	0.00000039	!	0.000039	98.784599	0.731300
  904	17155	  585	  443	0.10735985	!	10.605499	98.784599	0.838660
  904	17155	  586	  443	0.00016973	!	0.016766	98.784599	0.838830
  904	17155	  579	  444	0.13831315	!	13.663209	98.784599	0.977143
  904	17155	  580	  444	0.00024379	!	0.024083	98.784599	0.977387
  904	17155	  585	  444	0.00008252	!	0.008152	98.784599	0.977469
  904	17155	  586	  444	0.00000013	!	0.000013	98.784599	0.977470
  904	17155	  579	  445	0.00004358	!	0.004305	98.784599	0.977513
  904	17155	  580	  445	0.00000019	!	0.000019	98.784599	0.977513
  904	17155	  585	  445	0.02245388	!	2.218098	98.784599	0.999967
  904	17155	  586	  445	0.00003273	!	0.003233	98.784599	1.000000
  904	17149	  492	  296	0.03061572	!	19.602089	640.262226	0.030616
  904	17149	  493	  296	0.42461040	!	271.861997	640.262226	0.455226
  904	17149	  494	  296	0.05952424	!	38.111123	640.262226	0.514750
  904	17149	  495	  296	0.02182141	!	13.971423	640.262226	0.536572
  904	17149	  496	  296	0.00002951	!	0.018897	640.262226	0.536601
  904	17149	  492	  297	0.00001238	!	0.007927	640.262226	0.536614
  904	17149	  493	  297	0.00017172	!	0.109945	640.262226	0.536785
  904	17149	  494	  297	0.00002407	!	0.015413	640.262226	0.536809
  904	17149	  495	  297	0.03026370	!	19.376701	640.262226	0.567073
  904	17149	  496	  297	0.00004108	!	0.026304	640.262226	0.567114
  904	17149	  495	  298	0.00001231	!	0.007882	640.262226	0.567127
  904	17149	  496	  298	0.00000002	!	0.000011	640.262226	0.567127
  904	17149	  486	  299	0.01198916	!	7.676205	640.262226	0.579116
  904	17149	  487	  299	0.05379260	!	34.441373	640.262226	0.632908
  904	17149	  488	  299	0.00007193	!	0.046057	640.262226	0.632980
  904	17149	  486	  300	0.00000494	!	0.003161	640.262226	0.632985
  904	17149	  487	  300	0.00002215	!	0.014184	640.262226	0.633007
  904	17149	  488	  300	0.00000003	!	0.000019	640.262226	0.633007
  904	17149	  493	  301	0.00354169	!	2.267613	640.262226	0.636549
  904	17149	  494	  301	0.00000479	!	0.003067	640.262226	0.636554
  904	17149	  493	  302	0.00000148	!	0.000945	640.262226	0.636555
  904	17149	  494	  302	0.00000000	!	0.000001	640.262226	0.636555
  904	17149	  497	  302	0.00686959	!	4.398336	640.262226	0.643425
  904	17149	  498	  302	0.00000936	!	0.005993	640.262226	0.643434
  904	17149	  479	  303	0.29749596	!	190.475427	640.262226	0.940930
  904	17149	  480	  303	0.01111658	!	7.117524	640.262226	0.952047
  904	17149	  481	  303	0.00001416	!	0.009066	640.262226	0.952061
  904	17149	  497	  303	0.01392762	!	8.917331	640.262226	0.965989
  904	17149	  498	  303	0.00001898	!	0.012150	640.262226	0.966008
  904	17149	  469	  304	0.01596960	!	10.224732	640.262226	0.981977
  904	17149	  470	  304	0.00002065	!	0.013220	640.262226	0.981998
  904	17149	  479	  304	0.00012547	!	0.080334	640.262226	0.982123
  904	17149	  480	  304	0.00000469	!	0.003002	640.262226	0.982128
  904	17149	  481	  304	0.00000001	!	0.000004	640.262226	0.982128
  904	17149	  497	  304	0.00000587	!	0.003760	640.262226	0.982134
  904	17149	  498	  304	0.00000001	!	0.000005	640.262226	0.982134
  904	17149	  499	  304	0.00659688	!	4.223735	640.262226	0.988731
  904	17149	  500	  304	0.00000902	!	0.005776	640.262226	0.988740
  904	17149	  469	  305	0.00000677	!	0.004338	640.262226	0.988747
  904	17149	  470	  305	0.00000001	!	0.000006	640.262226	0.988747
  904	17149	  499	  305	0.00651657	!	4.172317	640.262226	0.995263
  904	17149	  500	  305	0.00000891	!	0.005705	640.262226	0.995272
  904	17149	  499	  306	0.00000278	!	0.001780	640.262226	0.995275
  904	17149	  500	  306	0.00000000	!	0.000002	640.262226	0.995275
  904	17149	  462	  307	0.00246086	!	1.575595	640.262226	0.997736
  904	17149	  463	  307	0.00000338	!	0.002166	640.262226	0.997739
  904	17149	  506	  309	0.00225970	!	1.446799	640.262226	0.999999
  904	17149	  506	  310	0.00000123	!	0.000786	640.262226	1.000000
  904	17095	  513	  397	0.00088961	!	1.087930	1222.930470	0.000890
  904	17095	  514	  397	0.00127286	!	1.556615	1222.930470	0.002162
  904	17095	  515	  397	0.00000179	!	0.002184	1222.930470	0.002164
  904	17095	  540	  397	0.00067890	!	0.830251	1222.930470	0.002843
  904	17095	  513	  398	0.00000058	!	0.000712	1222.930470	0.002844
  904	17095	  514	  398	0.00000083	!	0.001019	1222.930470	0.002845
  904	17095	  515	  398	0.00000000	!	0.000001	1222.930470	0.002845
  904	17095	  540	  398	0.00000038	!	0.000462	1222.930470	0.002845
  904	17095	  536	  404	0.00457033	!	5.589196	1222.930470	0.007415
  904	17095	  537	  404	0.00000667	!	0.008156	1222.930470	0.007422
  904	17095	  513	  405	0.00169108	!	2.068069	1222.930470	0.009113
  904	17095	  514	  405	0.01636052	!	20.007775	1222.930470	0.025474
  904	17095	  515	  405	0.00002298	!	0.028100	1222.930470	0.025497
  904	17095	  533	  405	0.07470897	!	91.363880	1222.930470	0.100205
  904	17095	  534	  405	0.00010846	!	0.132644	1222.930470	0.100314
  904	17095	  536	  405	0.00000307	!	0.003756	1222.930470	0.100317
  904	17095	  537	  405	0.00000000	!	0.000005	1222.930470	0.100317
  904	17095	  513	  406	0.00000114	!	0.001395	1222.930470	0.100318
  904	17095	  514	  406	0.03855340	!	47.148124	1222.930470	0.138872
  904	17095	  515	  406	0.00005415	!	0.066227	1222.930470	0.138926
  904	17095	  521	  406	0.00109908	!	1.344098	1222.930470	0.140025
  904	17095	  522	  406	0.00000156	!	0.001911	1222.930470	0.140026
  904	17095	  533	  406	0.00005039	!	0.061623	1222.930470	0.140077
  904	17095	  534	  406	0.00000007	!	0.000089	1222.930470	0.140077
  904	17095	  513	  407	0.05811921	!	71.075750	1222.930470	0.198196
  904	17095	  514	  407	0.02033934	!	24.873596	1222.930470	0.218535
  904	17095	  515	  407	0.00002846	!	0.034799	1222.930470	0.218564
  904	17095	  518	  407	0.00747489	!	9.141276	1222.930470	0.226039
  904	17095	  519	  407	0.09177418	!	112.233439	1222.930470	0.317813
  904	17095	  520	  407	0.12992104	!	158.884396	1222.930470	0.447734
  904	17095	  521	  407	0.00018499	!	0.226228	1222.930470	0.447919
  904	17095	  522	  407	0.00000000	!	0.000001	1222.930470	0.447919
  904	17095	  512	  408	0.02723453	!	33.305939	1222.930470	0.475153
  904	17095	  513	  408	0.05613943	!	68.654615	1222.930470	0.531293
  904	17095	  514	  408	0.07048633	!	86.199876	1222.930470	0.601779
  904	17095	  515	  408	0.03516839	!	43.008501	1222.930470	0.636948
  904	17095	  516	  408	0.00004935	!	0.060349	1222.930470	0.636997
  904	17095	  517	  408	0.01380051	!	16.877069	1222.930470	0.650797
  904	17095	  518	  408	0.00002457	!	0.030043	1222.930470	0.650822
  904	17095	  519	  408	0.00006235	!	0.076255	1222.930470	0.650884
  904	17095	  520	  408	0.00008827	!	0.107952	1222.930470	0.650973
  904	17095	  521	  408	0.00000013	!	0.000153	1222.930470	0.650973
  904	17095	  511	  409	0.02968330	!	36.300609	1222.930470	0.680656
  904	17095	  512	  409	0.00006005	!	0.073431	1222.930470	0.680716
  904	17095	  513	  409	0.05013142	!	61.307239	1222.930470	0.730848
  904	17095	  514	  409	0.01354381	!	16.563132	1222.930470	0.744391
  904	17095	  515	  409	0.06256491	!	76.512534	1222.930470	0.806956
  904	17095	  516	  409	0.00770793	!	9.426262	1222.930470	0.814664
  904	17095	  517	  409	0.03046067	!	37.251277	1222.930470	0.845125
  904	17095	  518	  409	0.00004300	!	0.052584	1222.930470	0.845168
  904	17095	  536	  409	0.00262472	!	3.209848	1222.930470	0.847793
  904	17095	  537	  409	0.00225090	!	2.752697	1222.930470	0.850043
  904	17095	  538	  409	0.00000328	!	0.004017	1222.930470	0.850047
  904	17095	  511	  410	0.00002032	!	0.024844	1222.930470	0.850067
  904	17095	  512	  410	0.00000003	!	0.000035	1222.930470	0.850067
  904	17095	  513	  410	0.00173209	!	2.118227	1222.930470	0.851799
  904	17095	  514	  410	0.01833516	!	22.422626	1222.930470	0.870134
  904	17095	  515	  410	0.00716009	!	8.756290	1222.930470	0.877294
  904	17095	  516	  410	0.00196858	!	2.407435	1222.930470	0.879263
  904	17095	  517	  410	0.00002359	!	0.028854	1222.930470	0.879287
  904	17095	  518	  410	0.00000003	!	0.000036	1222.930470	0.879287
  904	17095	  536	  410	0.00000180	!	0.002197	1222.930470	0.879288
  904	17095	  537	  410	0.00000154	!	0.001884	1222.930470	0.879290
  904	17095	  538	  410	0.00000000	!	0.000003	1222.930470	0.879290
  904	17095	  513	  411	0.00000117	!	0.001426	1222.930470	0.879291
  904	17095	  514	  411	0.02059826	!	25.190245	1222.930470	0.899889
  904	17095	  515	  411	0.00003380	!	0.041341	1222.930470	0.899923
  904	17095	  516	  411	0.00000135	!	0.001649	1222.930470	0.899925
  904	17095	  517	  411	0.00000000	!	0.000002	1222.930470	0.899925
  904	17095	  512	  412	0.01579127	!	19.311627	1222.930470	0.915716
  904	17095	  513	  412	0.01300764	!	15.907439	1222.930470	0.928723
  904	17095	  514	  412	0.02240814	!	27.403603	1222.930470	0.951132
  904	17095	  515	  412	0.02032839	!	24.860209	1222.930470	0.971460
  904	17095	  516	  412	0.00002856	!	0.034928	1222.930470	0.971489
  904	17095	  517	  412	0.01142257	!	13.969004	1222.930470	0.982911
  904	17095	  518	  412	0.00001613	!	0.019726	1222.930470	0.982927
  904	17095	  512	  413	0.00001092	!	0.013360	1222.930470	0.982938
  904	17095	  513	  413	0.00000900	!	0.011005	1222.930470	0.982947
  904	17095	  514	  413	0.00001549	!	0.018947	1222.930470	0.982963
  904	17095	  515	  413	0.00069797	!	0.853569	1222.930470	0.983661
  904	17095	  516	  413	0.00099651	!	1.218663	1222.930470	0.984657
  904	17095	  517	  413	0.00965545	!	11.807944	1222.930470	0.994313
  904	17095	  518	  413	0.00001363	!	0.016672	1222.930470	0.994326
  904	17095	  515	  414	0.00000047	!	0.000581	1222.930470	0.994327
  904	17095	  516	  414	0.00000069	!	0.000846	1222.930470	0.994327
  904	17095	  517	  414	0.00000670	!	0.008192	1222.930470	0.994334
  904	17095	  518	  414	0.00000001	!	0.000012	1222.930470	0.994334
  904	17095	  522	  415	0.00153347	!	1.875325	1222.930470	0.995868
  904	17095	  523	  415	0.00000218	!	0.002671	1222.930470	0.995870
  904	17095	  522	  416	0.00000107	!	0.001311	1222.930470	0.995871
  904	17095	  523	  416	0.00000000	!	0.000002	1222.930470	0.995871
  904	17095	  520	  417	0.00160551	!	1.963430	1222.930470	0.997476
  904	17095	  521	  417	0.00000228	!	0.002787	1222.930470	0.997479
  904	17095	  520	  418	0.00000113	!	0.001383	1222.930470	0.997480
  904	17095	  521	  418	0.00000000	!	0.000002	1222.930470	0.997480
  904	17095	  526	  424	0.00243513	!	2.977997	1222.930470	0.999915
  904	17095	  527	  424	0.00000349	!	0.004272	1222.930470	0.999918
  904	17095	  526	  425	0.00000176	!	0.002149	1222.930470	0.999920
  904	17095	  527	  425	0.00000000	!	0.000003	1222.930470	0.999920
  904	17095	  535	  428	0.00007966	!	0.097422	1222.930470	1.000000
  904	17095	  536	  428	0.00000017	!	0.000203	1222.930470	1.000000
  904	17139	  636	  301	0.11094939	!	12.463133	112.331701	0.110949
  904	17139	  637	  301	0.00018945	!	0.021281	112.331701	0.111139
  904	17139	  636	  302	0.00004624	!	0.005195	112.331701	0.111185
  904	17139	  637	  302	0.00000008	!	0.000009	112.331701	0.111185
  904	17139	  635	  306	0.10321470	!	11.594283	112.331701	0.214400
  904	17139	  636	  306	0.00017599	!	0.019769	112.331701	0.214576
  904	17139	  634	  307	0.04699408	!	5.278925	112.331701	0.261570
  904	17139	  635	  307	0.37854188	!	42.522253	112.331701	0.640112
  904	17139	  636	  307	0.00064530	!	0.072488	112.331701	0.640757
  904	17139	  634	  308	0.00002029	!	0.002279	112.331701	0.640777
  904	17139	  635	  308	0.00016338	!	0.018353	112.331701	0.640941
  904	17139	  636	  308	0.00000028	!	0.000031	112.331701	0.640941
  904	17139	  632	  317	0.02218981	!	2.492619	112.331701	0.663131
  904	17139	  633	  317	0.00003767	!	0.004232	112.331701	0.663169
  904	17139	  642	  317	0.30362057	!	34.106215	112.331701	0.966789
  904	17139	  643	  317	0.02882608	!	3.238083	112.331701	0.995615
  904	17139	  632	  318	0.00001013	!	0.001138	112.331701	0.995625
  904	17139	  633	  318	0.00000002	!	0.000002	112.331701	0.995625
  904	17139	  642	  318	0.00013858	!	0.015567	112.331701	0.995764
  904	17139	  643	  318	0.00423483	!	0.475705	112.331701	0.999999
  904	17139	  643	  319	0.00000125	!	0.000140	112.331701	1.000000
  904	17081	  626	  185	0.00753284	!	33.208291	4408.469883	0.007533
  904	17081	  627	  185	0.00001268	!	0.055880	4408.469883	0.007546
  904	17081	  626	  186	0.02912585	!	128.400439	4408.469883	0.036671
  904	17081	  627	  186	0.19696683	!	868.322356	4408.469883	0.233638
  904	17081	  628	  186	0.00033185	!	1.462931	4408.469883	0.233970
  904	17081	  626	  187	0.00000384	!	0.016951	4408.469883	0.233974
  904	17081	  627	  187	0.00002600	!	0.114634	4408.469883	0.234000
  904	17081	  628	  187	0.00000004	!	0.000193	4408.469883	0.234000
  904	17081	  618	  190	0.00109044	!	4.807168	4408.469883	0.235090
  904	17081	  619	  190	0.00000181	!	0.007994	4408.469883	0.235092
  904	17081	  618	  191	0.00000015	!	0.000682	4408.469883	0.235092
  904	17081	  619	  191	0.00000000	!	0.000001	4408.469883	0.235092
  904	17081	  626	  196	0.08030743	!	354.032882	4408.469883	0.315400
  904	17081	  627	  196	0.00013513	!	0.595736	4408.469883	0.315535
  904	17081	  630	  196	0.03841918	!	169.369798	4408.469883	0.353954
  904	17081	  631	  196	0.00006503	!	0.286683	4408.469883	0.354019
  904	17081	  623	  197	0.02586767	!	114.036848	4408.469883	0.379887
  904	17081	  624	  197	0.00004334	!	0.191042	4408.469883	0.379930
  904	17081	  626	  197	0.00434541	!	19.156606	4408.469883	0.384276
  904	17081	  627	  197	0.00621283	!	27.389091	4408.469883	0.390488
  904	17081	  628	  197	0.00001046	!	0.046102	4408.469883	0.390499
  904	17081	  630	  197	0.00000602	!	0.026553	4408.469883	0.390505
  904	17081	  631	  197	0.00000001	!	0.000045	4408.469883	0.390505
  904	17081	  633	  197	0.02358214	!	103.961151	4408.469883	0.414087
  904	17081	  634	  197	0.00004009	!	0.176744	4408.469883	0.414127
  904	17081	  617	  198	0.00242390	!	10.685675	4408.469883	0.416551
  904	17081	  618	  198	0.00000402	!	0.017742	4408.469883	0.416555
  904	17081	  623	  198	0.01993966	!	87.903386	4408.469883	0.436495
  904	17081	  624	  198	0.00003340	!	0.147261	4408.469883	0.436528
  904	17081	  626	  198	0.01059487	!	46.707160	4408.469883	0.447123
  904	17081	  627	  198	0.00051783	!	2.282847	4408.469883	0.447641
  904	17081	  628	  198	0.00000084	!	0.003715	4408.469883	0.447642
  904	17081	  633	  198	0.00000376	!	0.016556	4408.469883	0.447645
  904	17081	  634	  198	0.00000001	!	0.000028	4408.469883	0.447645
  904	17081	  617	  199	0.00000039	!	0.001728	4408.469883	0.447646
  904	17081	  618	  199	0.00000000	!	0.000003	4408.469883	0.447646
  904	17081	  621	  199	0.00432563	!	19.069425	4408.469883	0.451971
  904	17081	  622	  199	0.43336414	!	1910.472758	4408.469883	0.885336
  904	17081	  623	  199	0.02255674	!	99.440717	4408.469883	0.907892
  904	17081	  624	  199	0.00720422	!	31.759576	4408.469883	0.915097
  904	17081	  625	  199	0.00248699	!	10.963799	4408.469883	0.917583
  904	17081	  626	  199	0.00882449	!	38.902482	4408.469883	0.926408
  904	17081	  627	  199	0.00411725	!	18.150786	4408.469883	0.930525
  904	17081	  628	  199	0.00000691	!	0.030477	4408.469883	0.930532
  904	17081	  621	  200	0.00270132	!	11.908684	4408.469883	0.933233
  904	17081	  622	  200	0.03578113	!	157.740022	4408.469883	0.969015
  904	17081	  623	  200	0.00006343	!	0.279633	4408.469883	0.969078
  904	17081	  624	  200	0.00000118	!	0.005215	4408.469883	0.969079
  904	17081	  625	  200	0.00461059	!	20.325662	4408.469883	0.973690
  904	17081	  626	  200	0.00470921	!	20.760422	4408.469883	0.978399
  904	17081	  627	  200	0.00976096	!	43.030910	4408.469883	0.988160
  904	17081	  628	  200	0.00352672	!	15.547427	4408.469883	0.991687
  904	17081	  629	  200	0.00000592	!	0.026117	4408.469883	0.991693
  904	17081	  621	  201	0.00000045	!	0.001984	4408.469883	0.991693
  904	17081	  622	  201	0.00000595	!	0.026239	4408.469883	0.991699
  904	17081	  623	  201	0.00000001	!	0.000044	4408.469883	0.991699
  904	17081	  625	  201	0.00000077	!	0.003388	4408.469883	0.991700
  904	17081	  626	  201	0.00000078	!	0.003459	4408.469883	0.991701
  904	17081	  627	  201	0.00000163	!	0.007172	4408.469883	0.991702
  904	17081	  628	  201	0.00000059	!	0.002591	4408.469883	0.991703
  904	17081	  629	  201	0.00000000	!	0.000004	4408.469883	0.991703
  904	17081	  622	  209	0.00762719	!	33.624255	4408.469883	0.999330
  904	17081	  623	  209	0.00001276	!	0.056246	4408.469883	0.999343
  904	17081	  622	  210	0.00000144	!	0.006354	4408.469883	0.999344
  904	17081	  623	  210	0.00000000	!	0.000011	4408.469883	0.999344
  904	17081	  609	  211	0.00065388	!	2.882593	4408.469883	0.999998
  904	17081	  610	  211	0.00000194	!	0.008532	4408.469883	1.000000
  904	17117	  545	  251	0.03418303	!	8.955982	262.000807	0.034183
  904	17117	  546	  251	0.00005065	!	0.013269	262.000807	0.034234
  904	17117	  564	  251	0.04247327	!	11.128030	262.000807	0.076707
  904	17117	  565	  251	0.00006074	!	0.015914	262.000807	0.076768
  904	17117	  545	  252	0.00001001	!	0.002624	262.000807	0.076778
  904	17117	  546	  252	0.00000001	!	0.000004	262.000807	0.076778
  904	17117	  564	  252	0.10141487	!	26.570778	262.000807	0.178193
  904	17117	  565	  252	0.00015504	!	0.040621	262.000807	0.178348
  904	17117	  541	  253	0.03287745	!	8.613919	262.000807	0.211225
  904	17117	  542	  253	0.00004918	!	0.012885	262.000807	0.211274
  904	17117	  553	  253	0.01462515	!	3.831800	262.000807	0.225899
  904	17117	  554	  253	0.00002196	!	0.005753	262.000807	0.225921
  904	17117	  563	  253	0.02195562	!	5.752390	262.000807	0.247877
  904	17117	  564	  253	0.00006347	!	0.016628	262.000807	0.247940
  904	17117	  565	  253	0.00000005	!	0.000012	262.000807	0.247940
  904	17117	  566	  253	0.00764626	!	2.003325	262.000807	0.255587
  904	17117	  567	  253	0.00001173	!	0.003073	262.000807	0.255598
  904	17117	  541	  254	0.00000996	!	0.002608	262.000807	0.255608
  904	17117	  542	  254	0.00000001	!	0.000004	262.000807	0.255608
  904	17117	  553	  254	0.02265607	!	5.935909	262.000807	0.278265
  904	17117	  554	  254	0.00003402	!	0.008913	262.000807	0.278299
  904	17117	  563	  254	0.00000654	!	0.001714	262.000807	0.278305
  904	17117	  564	  254	0.00000001	!	0.000003	262.000807	0.278305
  904	17117	  566	  254	0.03060532	!	8.018619	262.000807	0.308910
  904	17117	  567	  254	0.00004694	!	0.012298	262.000807	0.308957
  904	17117	  553	  255	0.00000680	!	0.001783	262.000807	0.308964
  904	17117	  554	  255	0.00000001	!	0.000003	262.000807	0.308964
  904	17117	  566	  255	0.00000919	!	0.002409	262.000807	0.308973
  904	17117	  567	  255	0.00000001	!	0.000004	262.000807	0.308973
  904	17117	  567	  256	0.02551612	!	6.685244	262.000807	0.334489
  904	17117	  568	  256	0.00003920	!	0.010270	262.000807	0.334529
  904	17117	  565	  257	0.01299782	!	3.405440	262.000807	0.347527
  904	17117	  566	  257	0.02786036	!	7.299437	262.000807	0.375387
  904	17117	  567	  257	0.04484538	!	11.749525	262.000807	0.420232
  904	17117	  568	  257	0.00923619	!	2.419888	262.000807	0.429468
  904	17117	  569	  257	0.00001411	!	0.003696	262.000807	0.429483
  904	17117	  565	  258	0.00000400	!	0.001048	262.000807	0.429487
  904	17117	  566	  258	0.00000858	!	0.002247	262.000807	0.429495
  904	17117	  567	  258	0.00001380	!	0.003616	262.000807	0.429509
  904	17117	  568	  258	0.01567220	!	4.106130	262.000807	0.445181
  904	17117	  569	  258	0.00002411	!	0.006318	262.000807	0.445205
  904	17117	  561	  259	0.03643279	!	9.545420	262.000807	0.481638
  904	17117	  562	  259	0.00005543	!	0.014522	262.000807	0.481693
  904	17117	  568	  259	0.00000486	!	0.001274	262.000807	0.481698
  904	17117	  569	  259	0.00000001	!	0.000002	262.000807	0.481698
  904	17117	  561	  260	0.00001140	!	0.002986	262.000807	0.481710
  904	17117	  562	  260	0.00000002	!	0.000005	262.000807	0.481710
  904	17117	  561	  261	0.01081986	!	2.834813	262.000807	0.492530
  904	17117	  562	  261	0.00001646	!	0.004313	262.000807	0.492546
  904	17117	  540	  262	0.01966937	!	5.153392	262.000807	0.512215
  904	17117	  541	  262	0.00004213	!	0.011038	262.000807	0.512258
  904	17117	  561	  262	0.00000344	!	0.000901	262.000807	0.512261
  904	17117	  562	  262	0.00000001	!	0.000001	262.000807	0.512261
  904	17117	  540	  263	0.00000667	!	0.001748	262.000807	0.512268
  904	17117	  541	  263	0.00000001	!	0.000004	262.000807	0.512268
  904	17117	  562	  263	0.00462352	!	1.211367	262.000807	0.516891
  904	17117	  563	  263	0.00000705	!	0.001846	262.000807	0.516898
  904	17117	  562	  264	0.00000149	!	0.000391	262.000807	0.516900
  904	17117	  563	  264	0.00000000	!	0.000001	262.000807	0.516900
  904	17117	  544	  271	0.01747995	!	4.579762	262.000807	0.534380
  904	17117	  545	  271	0.00002585	!	0.006774	262.000807	0.534406
  904	17117	  544	  272	0.00000599	!	0.001569	262.000807	0.534412
  904	17117	  545	  272	0.00000001	!	0.000002	262.000807	0.534412
  904	17117	  555	  273	0.00663863	!	1.739326	262.000807	0.541050
  904	17117	  556	  273	0.00001000	!	0.002620	262.000807	0.541060
  904	17117	  568	  273	0.00805596	!	2.110668	262.000807	0.549116
  904	17117	  555	  274	0.00000231	!	0.000604	262.000807	0.549118
  904	17117	  556	  274	0.08401096	!	22.010940	262.000807	0.633129
  904	17117	  557	  274	0.00012677	!	0.033213	262.000807	0.633256
  904	17117	  568	  274	0.00000072	!	0.000188	262.000807	0.633257
  904	17117	  556	  275	0.05330645	!	13.966333	262.000807	0.686563
  904	17117	  557	  275	0.00008043	!	0.021074	262.000807	0.686644
  904	17117	  556	  276	0.04059075	!	10.634810	262.000807	0.727235
  904	17117	  557	  276	0.00006125	!	0.016047	262.000807	0.727296
  904	17117	  556	  277	0.03061203	!	8.020377	262.000807	0.757908
  904	17117	  557	  277	0.00004619	!	0.012102	262.000807	0.757954
  904	17117	  556	  278	0.00001093	!	0.002865	262.000807	0.757965
  904	17117	  557	  278	0.00000002	!	0.000004	262.000807	0.757965
  904	17117	  548	  286	0.02860041	!	7.493331	262.000807	0.786565
  904	17117	  549	  286	0.00004259	!	0.011158	262.000807	0.786608
  904	17117	  548	  287	0.00001086	!	0.002845	262.000807	0.786619
  904	17117	  549	  287	0.00000002	!	0.000004	262.000807	0.786619
  904	17117	  562	  287	0.03739510	!	9.797548	262.000807	0.824014
  904	17117	  563	  287	0.00005698	!	0.014930	262.000807	0.824071
  904	17117	  561	  288	0.01152635	!	3.019913	262.000807	0.835597
  904	17117	  562	  288	0.01731434	!	4.536371	262.000807	0.852912
  904	17117	  563	  288	0.00002636	!	0.006906	262.000807	0.852938
  904	17117	  561	  289	0.00000443	!	0.001161	262.000807	0.852942
  904	17117	  562	  289	0.00707357	!	1.853280	262.000807	0.860016
  904	17117	  563	  289	0.00001078	!	0.002824	262.000807	0.860027
  904	17117	  562	  290	0.00000274	!	0.000717	262.000807	0.860029
  904	17117	  563	  290	0.00000000	!	0.000001	262.000807	0.860029
  904	17117	  562	  292	0.06323073	!	16.566502	262.000807	0.923260
  904	17117	  563	  292	0.00009635	!	0.025244	262.000807	0.923357
  904	17117	  562	  293	0.07649648	!	20.042140	262.000807	0.999853
  904	17117	  563	  293	0.00011657	!	0.030540	262.000807	0.999970
  904	17117	  562	  294	0.00003036	!	0.007954	262.000807	1.000000
  904	17117	  563	  294	0.00000005	!	0.000012	262.000807	1.000000
  904	17109	  491	  364	0.01524155	!	3.804740	249.629515	0.015242
  904	17109	  492	  364	0.00002054	!	0.005127	249.629515	0.015262
  904	17109	  491	  365	0.00000873	!	0.002180	249.629515	0.015271
  904	17109	  492	  365	0.00000001	!	0.000003	249.629515	0.015271
  904	17109	  494	  366	0.02506846	!	6.257828	249.629515	0.040339
  904	17109	  495	  366	0.00003397	!	0.008479	249.629515	0.040373
  904	17109	  498	  366	0.01369812	!	3.419454	249.629515	0.054071
  904	17109	  499	  366	0.00001870	!	0.004667	249.629515	0.054090
  904	17109	  494	  367	0.00001449	!	0.003616	249.629515	0.054105
  904	17109	  495	  367	0.00000002	!	0.000005	249.629515	0.054105
  904	17109	  497	  367	0.04042561	!	10.091426	249.629515	0.094530
  904	17109	  498	  367	0.08071487	!	20.148814	249.629515	0.175245
  904	17109	  499	  367	0.02789844	!	6.964275	249.629515	0.203144
  904	17109	  500	  367	0.03471539	!	8.665987	249.629515	0.237859
  904	17109	  501	  367	0.00767814	!	1.916690	249.629515	0.245537
  904	17109	  502	  367	0.00001047	!	0.002614	249.629515	0.245548
  904	17109	  497	  368	0.03787698	!	9.455211	249.629515	0.283424
  904	17109	  498	  368	0.07377354	!	18.416052	249.629515	0.357198
  904	17109	  499	  368	0.03155624	!	7.877368	249.629515	0.388754
  904	17109	  500	  368	0.07292833	!	18.205064	249.629515	0.461683
  904	17109	  501	  368	0.06937490	!	17.318022	249.629515	0.531057
  904	17109	  502	  368	0.08439312	!	21.067013	249.629515	0.615451
  904	17109	  503	  368	0.00011590	!	0.028932	249.629515	0.615567
  904	17109	  497	  369	0.00002206	!	0.005507	249.629515	0.615589
  904	17109	  498	  369	0.00004297	!	0.010726	249.629515	0.615632
  904	17109	  499	  369	0.00001838	!	0.004588	249.629515	0.615650
  904	17109	  500	  369	0.00004249	!	0.010607	249.629515	0.615692
  904	17109	  501	  369	0.00004043	!	0.010092	249.629515	0.615733
  904	17109	  502	  369	0.00004918	!	0.012278	249.629515	0.615782
  904	17109	  503	  369	0.00000007	!	0.000017	249.629515	0.615782
  904	17109	  500	  370	0.00580618	!	1.449394	249.629515	0.621588
  904	17109	  501	  370	0.00000795	!	0.001986	249.629515	0.621596
  904	17109	  500	  371	0.00000341	!	0.000852	249.629515	0.621600
  904	17109	  501	  371	0.00000000	!	0.000001	249.629515	0.621600
  904	17109	  499	  375	0.01930637	!	4.819441	249.629515	0.640906
  904	17109	  500	  375	0.00002640	!	0.006590	249.629515	0.640932
  904	17109	  499	  376	0.00001159	!	0.002892	249.629515	0.640944
  904	17109	  500	  376	0.00000002	!	0.000004	249.629515	0.640944
  904	17109	  508	  376	0.34460693	!	86.024060	249.629515	0.985551
  904	17109	  509	  376	0.01421369	!	3.548158	249.629515	0.999765
  904	17109	  510	  376	0.00001912	!	0.004773	249.629515	0.999784
  904	17109	  508	  377	0.00020766	!	0.051839	249.629515	0.999991
  904	17109	  509	  377	0.00000857	!	0.002138	249.629515	1.000000
  904	17109	  510	  377	0.00000001	!	0.000003	249.629515	1.000000
  904	17135	  582	  264	0.01614092	!	19.850537	1229.826987	0.016141
  904	17135	  583	  264	0.00002540	!	0.031234	1229.826987	0.016166
  904	17135	  571	  265	0.01534585	!	18.872738	1229.826987	0.031512
  904	17135	  572	  265	0.00002373	!	0.029180	1229.826987	0.031536
  904	17135	  581	  265	0.01428297	!	17.565586	1229.826987	0.045819
  904	17135	  582	  265	0.01149734	!	14.139736	1229.826987	0.057316
  904	17135	  583	  265	0.00001806	!	0.022205	1229.826987	0.057334
  904	17135	  570	  266	0.22334732	!	274.678562	1229.826987	0.280682
  904	17135	  571	  266	0.03555370	!	43.724905	1229.826987	0.316235
  904	17135	  572	  266	0.00311293	!	3.828362	1229.826987	0.319348
  904	17135	  573	  266	0.00000474	!	0.005825	1229.826987	0.319353
  904	17135	  581	  266	0.00000468	!	0.005755	1229.826987	0.319358
  904	17135	  582	  266	0.01817603	!	22.353376	1229.826987	0.337534
  904	17135	  583	  266	0.01878781	!	23.105760	1229.826987	0.356321
  904	17135	  584	  266	0.00002956	!	0.036358	1229.826987	0.356351
  904	17135	  570	  267	0.04266928	!	52.475834	1229.826987	0.399020
  904	17135	  571	  267	0.04513601	!	55.509486	1229.826987	0.444156
  904	17135	  572	  267	0.00007069	!	0.086942	1229.826987	0.444227
  904	17135	  573	  267	0.00000000	!	0.000002	1229.826987	0.444227
  904	17135	  582	  267	0.00000600	!	0.007378	1229.826987	0.444233
  904	17135	  583	  267	0.00000620	!	0.007627	1229.826987	0.444239
  904	17135	  584	  267	0.00000001	!	0.000012	1229.826987	0.444239
  904	17135	  570	  268	0.00001417	!	0.017423	1229.826987	0.444253
  904	17135	  571	  268	0.00001501	!	0.018457	1229.826987	0.444268
  904	17135	  572	  268	0.00000002	!	0.000028	1229.826987	0.444268
  904	17135	  571	  270	0.00733618	!	9.022232	1229.826987	0.451605
  904	17135	  572	  270	0.00001134	!	0.013950	1229.826987	0.451616
  904	17135	  587	  270	0.00851523	!	10.472263	1229.826987	0.460131
  904	17135	  588	  270	0.00001350	!	0.016608	1229.826987	0.460145
  904	17135	  571	  271	0.00000249	!	0.003068	1229.826987	0.460147
  904	17135	  572	  271	0.00000000	!	0.000005	1229.826987	0.460147
  904	17135	  587	  271	0.00000290	!	0.003561	1229.826987	0.460150
  904	17135	  588	  271	0.00000000	!	0.000006	1229.826987	0.460150
  904	17135	  568	  273	0.02294898	!	28.223269	1229.826987	0.483099
  904	17135	  569	  273	0.00003795	!	0.046675	1229.826987	0.483137
  904	17135	  568	  274	0.00000842	!	0.010351	1229.826987	0.483145
  904	17135	  569	  274	0.00000001	!	0.000016	1229.826987	0.483145
  904	17135	  571	  275	0.01440774	!	17.719029	1229.826987	0.497553
  904	17135	  572	  275	0.00002228	!	0.027396	1229.826987	0.497575
  904	17135	  590	  275	0.00758642	!	9.329981	1229.826987	0.505162
  904	17135	  591	  275	0.00001209	!	0.014866	1229.826987	0.505174
  904	17135	  571	  276	0.00000508	!	0.006244	1229.826987	0.505179
  904	17135	  572	  276	0.00000001	!	0.000010	1229.826987	0.505179
  904	17135	  590	  276	0.00000267	!	0.003288	1229.826987	0.505182
  904	17135	  591	  276	0.00000000	!	0.000005	1229.826987	0.505182
  904	17135	  571	  278	0.00511281	!	6.287867	1229.826987	0.510295
  904	17135	  572	  278	0.00000791	!	0.009722	1229.826987	0.510302
  904	17135	  571	  279	0.00466547	!	5.737724	1229.826987	0.514968
  904	17135	  572	  279	0.00000721	!	0.008871	1229.826987	0.514975
  904	17135	  575	  279	0.00245894	!	3.024072	1229.826987	0.517434
  904	17135	  576	  279	0.00000383	!	0.004706	1229.826987	0.517438
  904	17135	  594	  279	0.00295064	!	3.628777	1229.826987	0.520389
  904	17135	  595	  279	0.00000473	!	0.005818	1229.826987	0.520393
  904	17135	  571	  280	0.18132302	!	222.995940	1229.826987	0.701716
  904	17135	  572	  280	0.00028035	!	0.344785	1229.826987	0.701997
  904	17135	  575	  280	0.00000089	!	0.001096	1229.826987	0.701998
  904	17135	  576	  280	0.00000000	!	0.000002	1229.826987	0.701998
  904	17135	  594	  280	0.00000107	!	0.001315	1229.826987	0.701999
  904	17135	  595	  280	0.00000000	!	0.000002	1229.826987	0.701999
  904	17135	  571	  281	0.17900752	!	220.148274	1229.826987	0.881006
  904	17135	  572	  281	0.00027677	!	0.340382	1229.826987	0.881283
  904	17135	  571	  282	0.00006572	!	0.080822	1229.826987	0.881349
  904	17135	  572	  282	0.00000010	!	0.000125	1229.826987	0.881349
  904	17135	  570	  289	0.11842258	!	145.639280	1229.826987	0.999771
  904	17135	  571	  289	0.00018280	!	0.224819	1229.826987	0.999954
  904	17135	  570	  290	0.00004584	!	0.056373	1229.826987	1.000000
  904	17135	  571	  290	0.00000007	!	0.000087	1229.826987	1.000000
  904	17177	  559	  517	0.00986504	!	11.867429	1202.978733	0.009865
  904	17177	  560	  517	0.00001379	!	0.016591	1202.978733	0.009879
  904	17177	  559	  518	0.00002036	!	0.024488	1202.978733	0.009899
  904	17177	  560	  518	0.00000003	!	0.000037	1202.978733	0.009899
  904	17177	  540	  521	0.01240129	!	14.918491	1202.978733	0.022301
  904	17177	  541	  521	0.00001822	!	0.021918	1202.978733	0.022319
  904	17177	  553	  521	0.03627737	!	43.640902	1202.978733	0.058596
  904	17177	  554	  521	0.00005447	!	0.065525	1202.978733	0.058651
  904	17177	  535	  522	0.00260436	!	3.132985	1202.978733	0.061255
  904	17177	  536	  522	0.00000379	!	0.004564	1202.978733	0.061259
  904	17177	  540	  522	0.00001193	!	0.014352	1202.978733	0.061271
  904	17177	  541	  522	0.00000002	!	0.000021	1202.978733	0.061271
  904	17177	  552	  522	0.01727967	!	20.787080	1202.978733	0.078550
  904	17177	  553	  522	0.05168522	!	62.176218	1202.978733	0.130236
  904	17177	  554	  522	0.00007756	!	0.093309	1202.978733	0.130313
  904	17177	  535	  523	0.00000251	!	0.003022	1202.978733	0.130316
  904	17177	  536	  523	0.00000000	!	0.000004	1202.978733	0.130316
  904	17177	  551	  523	0.02145044	!	25.804425	1202.978733	0.151766
  904	17177	  552	  523	0.00441752	!	5.314178	1202.978733	0.156184
  904	17177	  553	  523	0.00005637	!	0.067808	1202.978733	0.156240
  904	17177	  554	  523	0.00850637	!	10.232981	1202.978733	0.164746
  904	17177	  555	  523	0.01851712	!	22.275706	1202.978733	0.183263
  904	17177	  556	  523	0.00616452	!	7.415788	1202.978733	0.189428
  904	17177	  557	  523	0.00196357	!	2.362128	1202.978733	0.191392
  904	17177	  558	  523	0.00108739	!	1.308108	1202.978733	0.192479
  904	17177	  559	  523	0.00000164	!	0.001975	1202.978733	0.192481
  904	17177	  551	  524	0.00302230	!	3.635758	1202.978733	0.195503
  904	17177	  552	  524	0.00567244	!	6.823822	1202.978733	0.201175
  904	17177	  553	  524	0.00272060	!	3.272823	1202.978733	0.203896
  904	17177	  554	  524	0.03506770	!	42.185696	1202.978733	0.238964
  904	17177	  555	  524	0.00007063	!	0.084964	1202.978733	0.239034
  904	17177	  556	  524	0.00000596	!	0.007171	1202.978733	0.239040
  904	17177	  557	  524	0.00000190	!	0.002284	1202.978733	0.239042
  904	17177	  558	  524	0.00000105	!	0.001265	1202.978733	0.239043
  904	17177	  559	  524	0.00000000	!	0.000002	1202.978733	0.239043
  904	17177	  550	  525	0.00608441	!	7.319422	1202.978733	0.245128
  904	17177	  551	  525	0.09373445	!	112.760553	1202.978733	0.338862
  904	17177	  552	  525	0.53512791	!	643.747495	1202.978733	0.873990
  904	17177	  553	  525	0.01305626	!	15.706404	1202.978733	0.887046
  904	17177	  554	  525	0.00005239	!	0.063018	1202.978733	0.887099
  904	17177	  555	  525	0.00000005	!	0.000061	1202.978733	0.887099
  904	17177	  550	  526	0.00000591	!	0.007114	1202.978733	0.887105
  904	17177	  551	  526	0.00009110	!	0.109596	1202.978733	0.887196
  904	17177	  552	  526	0.00052012	!	0.625696	1202.978733	0.887716
  904	17177	  553	  526	0.00001269	!	0.015263	1202.978733	0.887728
  904	17177	  554	  526	0.00000002	!	0.000022	1202.978733	0.887728
  904	17177	  540	  528	0.00549907	!	6.615261	1202.978733	0.893228
  904	17177	  541	  528	0.00000808	!	0.009719	1202.978733	0.893236
  904	17177	  540	  529	0.00000539	!	0.006479	1202.978733	0.893241
  904	17177	  541	  529	0.05079492	!	61.105205	1202.978733	0.944036
  904	17177	  542	  529	0.00007475	!	0.089927	1202.978733	0.944111
  904	17177	  539	  530	0.00429982	!	5.172597	1202.978733	0.948410
  904	17177	  540	  530	0.00730487	!	8.787607	1202.978733	0.955715
  904	17177	  541	  530	0.00006060	!	0.072898	1202.978733	0.955776
  904	17177	  542	  530	0.00000007	!	0.000088	1202.978733	0.955776
  904	17177	  539	  531	0.00322540	!	3.880084	1202.978733	0.959001
  904	17177	  540	  531	0.00001192	!	0.014334	1202.978733	0.959013
  904	17177	  541	  531	0.00000001	!	0.000013	1202.978733	0.959013
  904	17177	  539	  532	0.00000318	!	0.003824	1202.978733	0.959017
  904	17177	  540	  532	0.00000000	!	0.000006	1202.978733	0.959017
  904	17177	  534	  533	0.00374972	!	4.510837	1202.978733	0.962766
  904	17177	  535	  533	0.00000545	!	0.006560	1202.978733	0.962772
  904	17177	  558	  533	0.00048845	!	0.587597	1202.978733	0.963260
  904	17177	  559	  533	0.00000074	!	0.000890	1202.978733	0.963261
  904	17177	  534	  534	0.00000372	!	0.004474	1202.978733	0.963265
  904	17177	  535	  534	0.00000001	!	0.000007	1202.978733	0.963265
  904	17177	  558	  534	0.00000048	!	0.000583	1202.978733	0.963265
  904	17177	  559	  534	0.00000000	!	0.000001	1202.978733	0.963265
  904	17177	  545	  535	0.00899188	!	10.817039	1202.978733	0.972257
  904	17177	  546	  535	0.00001332	!	0.016027	1202.978733	0.972270
  904	17177	  559	  535	0.01431336	!	17.218666	1202.978733	0.986584
  904	17177	  560	  535	0.00002170	!	0.026110	1202.978733	0.986605
  904	17177	  545	  536	0.00000896	!	0.010782	1202.978733	0.986614
  904	17177	  546	  536	0.00000001	!	0.000016	1202.978733	0.986614
  904	17177	  554	  536	0.01004615	!	12.085306	1202.978733	0.996661
  904	17177	  555	  536	0.00001511	!	0.018176	1202.978733	0.996676
  904	17177	  559	  536	0.00001427	!	0.017163	1202.978733	0.996690
  904	17177	  560	  536	0.00000002	!	0.000026	1202.978733	0.996690
  904	17177	  564	  536	0.00069519	!	0.836302	1202.978733	0.997385
  904	17177	  565	  536	0.00000106	!	0.001279	1202.978733	0.997386
  904	17177	  554	  537	0.00001004	!	0.012076	1202.978733	0.997396
  904	17177	  555	  537	0.00000002	!	0.000018	1202.978733	0.997396
  904	17177	  564	  537	0.00000069	!	0.000836	1202.978733	0.997397
  904	17177	  565	  537	0.00000000	!	0.000001	1202.978733	0.997397
  904	17177	  549	  539	0.00259660	!	3.123649	1202.978733	0.999994
  904	17177	  550	  539	0.00000387	!	0.004659	1202.978733	0.999997
  904	17177	  549	  540	0.00000261	!	0.003145	1202.978733	1.000000
  904	17177	  550	  540	0.00000000	!	0.000005	1202.978733	1.000000
  904	17111	  616	  519	0.00021967	!	0.900844	4100.884400	0.000220
  904	17111	  617	  519	0.00000036	!	0.001493	4100.884400	0.000220
  904	17111	  624	  519	0.00073515	!	3.014775	4100.884400	0.000955
  904	17111	  625	  519	0.00000113	!	0.004647	4100.884400	0.000956
  904	17111	  626	  519	0.01939613	!	79.541283	4100.884400	0.020352
  904	17111	  627	  519	0.00112341	!	4.606961	4100.884400	0.021476
  904	17111	  628	  519	0.00000157	!	0.006441	4100.884400	0.021477
  904	17111	  616	  520	0.00000021	!	0.000862	4100.884400	0.021478
  904	17111	  617	  520	0.00000000	!	0.000001	4100.884400	0.021478
  904	17111	  624	  520	0.00000111	!	0.004532	4100.884400	0.021479
  904	17111	  625	  520	0.00000000	!	0.000008	4100.884400	0.021479
  904	17111	  626	  520	0.00275875	!	11.313296	4100.884400	0.024237
  904	17111	  627	  520	0.00758741	!	31.115083	4100.884400	0.031825
  904	17111	  628	  520	0.00202233	!	8.293345	4100.884400	0.033847
  904	17111	  629	  520	0.00000339	!	0.013908	4100.884400	0.033851
  904	17111	  630	  520	0.00292640	!	12.000826	4100.884400	0.036777
  904	17111	  631	  520	0.00138496	!	5.679568	4100.884400	0.038162
  904	17111	  632	  520	0.00265153	!	10.873629	4100.884400	0.040814
  904	17111	  633	  520	0.00026671	!	1.093758	4100.884400	0.041080
  904	17111	  634	  520	0.00000042	!	0.001723	4100.884400	0.041081
  904	17111	  635	  520	0.00364956	!	14.966423	4100.884400	0.044730
  904	17111	  636	  520	0.00113449	!	4.652407	4100.884400	0.045865
  904	17111	  637	  520	0.00036263	!	1.487119	4100.884400	0.046227
  904	17111	  638	  520	0.00000057	!	0.002353	4100.884400	0.046228
  904	17111	  625	  521	0.00036143	!	1.482179	4100.884400	0.046589
  904	17111	  626	  521	0.00183623	!	7.530155	4100.884400	0.048426
  904	17111	  627	  521	0.00001036	!	0.042494	4100.884400	0.048436
  904	17111	  628	  521	0.00173894	!	7.131182	4100.884400	0.050175
  904	17111	  629	  521	0.00166018	!	6.808189	4100.884400	0.051835
  904	17111	  630	  521	0.00338010	!	13.861407	4100.884400	0.055215
  904	17111	  631	  521	0.00618570	!	25.366821	4100.884400	0.061401
  904	17111	  632	  521	0.00147178	!	6.035606	4100.884400	0.062873
  904	17111	  633	  521	0.00000281	!	0.011507	4100.884400	0.062875
  904	17111	  634	  521	0.00044821	!	1.838045	4100.884400	0.063324
  904	17111	  635	  521	0.00208992	!	8.570535	4100.884400	0.065414
  904	17111	  636	  521	0.00085224	!	3.494950	4100.884400	0.066266
  904	17111	  637	  521	0.00000234	!	0.009603	4100.884400	0.066268
  904	17111	  638	  521	0.00000000	!	0.000006	4100.884400	0.066268
  904	17111	  614	  522	0.00251805	!	10.326222	4100.884400	0.068786
  904	17111	  615	  522	0.00293217	!	12.024481	4100.884400	0.071718
  904	17111	  616	  522	0.00000485	!	0.019877	4100.884400	0.071723
  904	17111	  619	  522	0.00235177	!	9.644335	4100.884400	0.074075
  904	17111	  620	  522	0.00020185	!	0.827750	4100.884400	0.074277
  904	17111	  621	  522	0.00000033	!	0.001354	4100.884400	0.074277
  904	17111	  625	  522	0.00000035	!	0.001426	4100.884400	0.074277
  904	17111	  626	  522	0.00043846	!	1.798086	4100.884400	0.074716
  904	17111	  627	  522	0.00245181	!	10.054576	4100.884400	0.077168
  904	17111	  628	  522	0.00071588	!	2.935747	4100.884400	0.077884
  904	17111	  629	  522	0.00000280	!	0.011464	4100.884400	0.077886
  904	17111	  630	  522	0.00000325	!	0.013324	4100.884400	0.077890
  904	17111	  631	  522	0.00033460	!	1.372153	4100.884400	0.078224
  904	17111	  632	  522	0.00713745	!	29.269875	4100.884400	0.085362
  904	17111	  633	  522	0.00246347	!	10.102408	4100.884400	0.087825
  904	17111	  634	  522	0.00116209	!	4.765583	4100.884400	0.088987
  904	17111	  635	  522	0.00000398	!	0.016303	4100.884400	0.088991
  904	17111	  636	  522	0.00000082	!	0.003354	4100.884400	0.088992
  904	17111	  637	  522	0.00000000	!	0.000006	4100.884400	0.088992
  904	17111	  614	  523	0.00000243	!	0.009960	4100.884400	0.088995
  904	17111	  615	  523	0.00000283	!	0.011598	4100.884400	0.088997
  904	17111	  616	  523	0.00000000	!	0.000019	4100.884400	0.088997
  904	17111	  619	  523	0.00000227	!	0.009302	4100.884400	0.089000
  904	17111	  620	  523	0.00000019	!	0.000798	4100.884400	0.089000
  904	17111	  621	  523	0.00000000	!	0.000001	4100.884400	0.089000
  904	17111	  626	  523	0.00000042	!	0.001727	4100.884400	0.089000
  904	17111	  627	  523	0.00000236	!	0.009698	4100.884400	0.089003
  904	17111	  628	  523	0.00000069	!	0.002825	4100.884400	0.089003
  904	17111	  629	  523	0.00062363	!	2.557441	4100.884400	0.089627
  904	17111	  630	  523	0.00000105	!	0.004322	4100.884400	0.089628
  904	17111	  631	  523	0.00638992	!	26.204313	4100.884400	0.096018
  904	17111	  632	  523	0.00400706	!	16.432478	4100.884400	0.100025
  904	17111	  633	  523	0.00364064	!	14.929839	4100.884400	0.103666
  904	17111	  634	  523	0.08805792	!	361.115331	4100.884400	0.191724
  904	17111	  635	  523	0.00014992	!	0.614785	4100.884400	0.191873
  904	17111	  629	  524	0.00000060	!	0.002473	4100.884400	0.191874
  904	17111	  630	  524	0.00058501	!	2.399054	4100.884400	0.192459
  904	17111	  631	  524	0.00269875	!	11.067247	4100.884400	0.195158
  904	17111	  632	  524	0.00246157	!	10.094603	4100.884400	0.197619
  904	17111	  633	  524	0.01685902	!	69.136902	4100.884400	0.214478
  904	17111	  634	  524	0.01988903	!	81.562609	4100.884400	0.234367
  904	17111	  635	  524	0.00324291	!	13.298792	4100.884400	0.237610
  904	17111	  636	  524	0.00095001	!	3.895863	4100.884400	0.238560
  904	17111	  637	  524	0.00000161	!	0.006614	4100.884400	0.238562
  904	17111	  638	  524	0.01222816	!	50.146279	4100.884400	0.250790
  904	17111	  639	  524	0.00065241	!	2.675441	4100.884400	0.251442
  904	17111	  640	  524	0.00196145	!	8.043667	4100.884400	0.253404
  904	17111	  615	  525	0.00037210	!	1.525946	4100.884400	0.253776
  904	17111	  616	  525	0.00072069	!	2.955483	4100.884400	0.254497
  904	17111	  617	  525	0.00000119	!	0.004896	4100.884400	0.254498
  904	17111	  618	  525	0.02303943	!	94.482035	4100.884400	0.277537
  904	17111	  619	  525	0.00069944	!	2.868316	4100.884400	0.278237
  904	17111	  620	  525	0.00036931	!	1.514516	4100.884400	0.278606
  904	17111	  621	  525	0.00000061	!	0.002518	4100.884400	0.278607
  904	17111	  630	  525	0.00000057	!	0.002326	4100.884400	0.278607
  904	17111	  631	  525	0.00000261	!	0.010705	4100.884400	0.278610
  904	17111	  632	  525	0.00227312	!	9.321806	4100.884400	0.280883
  904	17111	  633	  525	0.00703627	!	28.854911	4100.884400	0.287919
  904	17111	  634	  525	0.00189384	!	7.766429	4100.884400	0.289813
  904	17111	  635	  525	0.02807644	!	115.138220	4100.884400	0.317890
  904	17111	  636	  525	0.00099844	!	4.094492	4100.884400	0.318888
  904	17111	  637	  525	0.00834221	!	34.210433	4100.884400	0.327230
  904	17111	  638	  525	0.00759826	!	31.159582	4100.884400	0.334828
  904	17111	  639	  525	0.00001360	!	0.055772	4100.884400	0.334842
  904	17111	  640	  525	0.00000177	!	0.007239	4100.884400	0.334844
  904	17111	  613	  526	0.00024425	!	1.001639	4100.884400	0.335088
  904	17111	  614	  526	0.00170055	!	6.973769	4100.884400	0.336789
  904	17111	  615	  526	0.00168416	!	6.906551	4100.884400	0.338473
  904	17111	  616	  526	0.14599816	!	598.721570	4100.884400	0.484471
  904	17111	  617	  526	0.00024204	!	0.992591	4100.884400	0.484713
  904	17111	  618	  526	0.00002239	!	0.091834	4100.884400	0.484735
  904	17111	  619	  526	0.00000068	!	0.002788	4100.884400	0.484736
  904	17111	  620	  526	0.00000036	!	0.001472	4100.884400	0.484736
  904	17111	  621	  526	0.00000000	!	0.000002	4100.884400	0.484736
  904	17111	  631	  526	0.00732551	!	30.041073	4100.884400	0.492062
  904	17111	  632	  526	0.00767418	!	31.470916	4100.884400	0.499736
  904	17111	  633	  526	0.01276894	!	52.363957	4100.884400	0.512505
  904	17111	  634	  526	0.00772832	!	31.692957	4100.884400	0.520233
  904	17111	  635	  526	0.04607002	!	188.927818	4100.884400	0.566303
  904	17111	  636	  526	0.01073939	!	44.041000	4100.884400	0.577043
  904	17111	  637	  526	0.00002631	!	0.107897	4100.884400	0.577069
  904	17111	  638	  526	0.00000737	!	0.030239	4100.884400	0.577076
  904	17111	  639	  526	0.00000001	!	0.000052	4100.884400	0.577077
  904	17111	  613	  527	0.00000024	!	0.000976	4100.884400	0.577077
  904	17111	  614	  527	0.00194799	!	7.988498	4100.884400	0.579025
  904	17111	  615	  527	0.00043933	!	1.801657	4100.884400	0.579464
  904	17111	  616	  527	0.00014299	!	0.586370	4100.884400	0.579607
  904	17111	  617	  527	0.00000024	!	0.000967	4100.884400	0.579607
  904	17111	  631	  527	0.00228044	!	9.351815	4100.884400	0.581888
  904	17111	  632	  527	0.00607063	!	24.894937	4100.884400	0.587958
  904	17111	  633	  527	0.02779614	!	113.988742	4100.884400	0.615754
  904	17111	  634	  527	0.00005475	!	0.224509	4100.884400	0.615809
  904	17111	  635	  527	0.00004487	!	0.183991	4100.884400	0.615854
  904	17111	  636	  527	0.00001046	!	0.042912	4100.884400	0.615865
  904	17111	  637	  527	0.00000002	!	0.000073	4100.884400	0.615865
  904	17111	  614	  528	0.00000190	!	0.007798	4100.884400	0.615866
  904	17111	  615	  528	0.00000043	!	0.001754	4100.884400	0.615867
  904	17111	  616	  528	0.00000000	!	0.000003	4100.884400	0.615867
  904	17111	  631	  528	0.00000222	!	0.009107	4100.884400	0.615869
  904	17111	  632	  528	0.00000592	!	0.024291	4100.884400	0.615875
  904	17111	  633	  528	0.00226841	!	9.302481	4100.884400	0.618143
  904	17111	  634	  528	0.06035771	!	247.519987	4100.884400	0.678501
  904	17111	  635	  528	0.00010276	!	0.421396	4100.884400	0.678604
  904	17111	  636	  528	0.00277664	!	11.386668	4100.884400	0.681381
  904	17111	  637	  528	0.00228113	!	9.354637	4100.884400	0.683662
  904	17111	  638	  528	0.00000389	!	0.015963	4100.884400	0.683666
  904	17111	  627	  529	0.00180225	!	7.390811	4100.884400	0.685468
  904	17111	  628	  529	0.00000304	!	0.012455	4100.884400	0.685471
  904	17111	  629	  529	0.00364856	!	14.962341	4100.884400	0.689119
  904	17111	  630	  529	0.00000617	!	0.025289	4100.884400	0.689126
  904	17111	  633	  529	0.00000220	!	0.009002	4100.884400	0.689128
  904	17111	  634	  529	0.00005911	!	0.242423	4100.884400	0.689187
  904	17111	  635	  529	0.00181427	!	7.440130	4100.884400	0.691001
  904	17111	  636	  529	0.00000581	!	0.023837	4100.884400	0.691007
  904	17111	  637	  529	0.00000223	!	0.009162	4100.884400	0.691009
  904	17111	  638	  529	0.00000000	!	0.000016	4100.884400	0.691009
  904	17111	  625	  530	0.01025891	!	42.070596	4100.884400	0.701268
  904	17111	  626	  530	0.00917134	!	37.610604	4100.884400	0.710439
  904	17111	  627	  530	0.00001717	!	0.070426	4100.884400	0.710457
  904	17111	  628	  530	0.00000000	!	0.000012	4100.884400	0.710457
  904	17111	  629	  530	0.00000358	!	0.014691	4100.884400	0.710460
  904	17111	  630	  530	0.00000001	!	0.000025	4100.884400	0.710460
  904	17111	  634	  530	0.01056528	!	43.326993	4100.884400	0.721026
  904	17111	  635	  530	0.00001977	!	0.081073	4100.884400	0.721045
  904	17111	  636	  530	0.00000000	!	0.000012	4100.884400	0.721045
  904	17111	  640	  530	0.00006257	!	0.256578	4100.884400	0.721108
  904	17111	  625	  531	0.00574927	!	23.577076	4100.884400	0.726857
  904	17111	  626	  531	0.00873204	!	35.809089	4100.884400	0.735589
  904	17111	  627	  531	0.00001468	!	0.060190	4100.884400	0.735604
  904	17111	  634	  531	0.00001040	!	0.042650	4100.884400	0.735614
  904	17111	  635	  531	0.00000002	!	0.000073	4100.884400	0.735614
  904	17111	  639	  531	0.00155027	!	6.357498	4100.884400	0.737165
  904	17111	  640	  531	0.00000149	!	0.006123	4100.884400	0.737166
  904	17111	  623	  532	0.00211877	!	8.688833	4100.884400	0.739285
  904	17111	  624	  532	0.00409883	!	16.808828	4100.884400	0.743384
  904	17111	  625	  532	0.01288229	!	52.828793	4100.884400	0.756266
  904	17111	  626	  532	0.00192866	!	7.909205	4100.884400	0.758195
  904	17111	  627	  532	0.00000321	!	0.013160	4100.884400	0.758198
  904	17111	  634	  532	0.00138957	!	5.698457	4100.884400	0.759587
  904	17111	  635	  532	0.00000237	!	0.009702	4100.884400	0.759590
  904	17111	  639	  532	0.00000148	!	0.006049	4100.884400	0.759591
  904	17111	  622	  533	0.00286908	!	11.765784	4100.884400	0.762460
  904	17111	  623	  533	0.02117803	!	86.848670	4100.884400	0.783638
  904	17111	  624	  533	0.01557645	!	63.877231	4100.884400	0.799215
  904	17111	  625	  533	0.00077409	!	3.174437	4100.884400	0.799989
  904	17111	  626	  533	0.00000313	!	0.012856	4100.884400	0.799992
  904	17111	  627	  533	0.00000000	!	0.000013	4100.884400	0.799992
  904	17111	  633	  533	0.00522089	!	21.410252	4100.884400	0.805213
  904	17111	  634	  533	0.03910059	!	160.347000	4100.884400	0.844313
  904	17111	  635	  533	0.00477183	!	19.568730	4100.884400	0.849085
  904	17111	  636	  533	0.00000802	!	0.032901	4100.884400	0.849093
  904	17111	  621	  534	0.00063439	!	2.601548	4100.884400	0.849728
  904	17111	  622	  534	0.00085274	!	3.496995	4100.884400	0.850580
  904	17111	  623	  534	0.00002242	!	0.091952	4100.884400	0.850603
  904	17111	  624	  534	0.00630910	!	25.872881	4100.884400	0.856912
  904	17111	  625	  534	0.00001131	!	0.046399	4100.884400	0.856923
  904	17111	  626	  534	0.00000000	!	0.000005	4100.884400	0.856923
  904	17111	  632	  534	0.00103437	!	4.241846	4100.884400	0.857958
  904	17111	  633	  534	0.00206661	!	8.474941	4100.884400	0.860024
  904	17111	  634	  534	0.00287432	!	11.787237	4100.884400	0.862899
  904	17111	  635	  534	0.00143344	!	5.878364	4100.884400	0.864332
  904	17111	  636	  534	0.00000244	!	0.009989	4100.884400	0.864334
  904	17111	  639	  534	0.00173272	!	7.105682	4100.884400	0.866067
  904	17111	  621	  535	0.00000063	!	0.002587	4100.884400	0.866068
  904	17111	  622	  535	0.00000085	!	0.003465	4100.884400	0.866069
  904	17111	  623	  535	0.00000000	!	0.000006	4100.884400	0.866069
  904	17111	  624	  535	0.00000626	!	0.025662	4100.884400	0.866075
  904	17111	  625	  535	0.00000001	!	0.000043	4100.884400	0.866075
  904	17111	  632	  535	0.00000103	!	0.004218	4100.884400	0.866076
  904	17111	  633	  535	0.00000205	!	0.008405	4100.884400	0.866078
  904	17111	  634	  535	0.00512337	!	21.010359	4100.884400	0.871201
  904	17111	  635	  535	0.00001014	!	0.041578	4100.884400	0.871212
  904	17111	  636	  535	0.00000000	!	0.000010	4100.884400	0.871212
  904	17111	  638	  535	0.00189147	!	7.756710	4100.884400	0.873103
  904	17111	  639	  535	0.00080483	!	3.300496	4100.884400	0.873908
  904	17111	  620	  536	0.00052120	!	2.137389	4100.884400	0.874429
  904	17111	  621	  536	0.00000087	!	0.003565	4100.884400	0.874430
  904	17111	  632	  536	0.00153953	!	6.313430	4100.884400	0.875969
  904	17111	  633	  536	0.00045198	!	1.853508	4100.884400	0.876421
  904	17111	  634	  536	0.00678317	!	27.817016	4100.884400	0.883205
  904	17111	  635	  536	0.00553051	!	22.679964	4100.884400	0.888735
  904	17111	  636	  536	0.00179659	!	7.367605	4100.884400	0.890532
  904	17111	  637	  536	0.00000305	!	0.012515	4100.884400	0.890535
  904	17111	  638	  536	0.00000189	!	0.007732	4100.884400	0.890537
  904	17111	  639	  536	0.00031276	!	1.282603	4100.884400	0.890849
  904	17111	  620	  537	0.00000052	!	0.002136	4100.884400	0.890850
  904	17111	  621	  537	0.00000000	!	0.000004	4100.884400	0.890850
  904	17111	  632	  537	0.00000154	!	0.006309	4100.884400	0.890851
  904	17111	  633	  537	0.00000045	!	0.001852	4100.884400	0.890852
  904	17111	  634	  537	0.00523511	!	21.468572	4100.884400	0.896087
  904	17111	  635	  537	0.00256996	!	10.539095	4100.884400	0.898657
  904	17111	  636	  537	0.00000615	!	0.025231	4100.884400	0.898663
  904	17111	  637	  537	0.00000000	!	0.000013	4100.884400	0.898663
  904	17111	  639	  537	0.00000028	!	0.001163	4100.884400	0.898663
  904	17111	  634	  538	0.00093236	!	3.823492	4100.884400	0.899596
  904	17111	  635	  538	0.00162189	!	6.651198	4100.884400	0.901218
  904	17111	  636	  538	0.00000276	!	0.011330	4100.884400	0.901220
  904	17111	  609	  539	0.00185321	!	7.599820	4100.884400	0.903074
  904	17111	  610	  539	0.00000304	!	0.012468	4100.884400	0.903077
  904	17111	  613	  539	0.01564000	!	64.137828	4100.884400	0.918717
  904	17111	  614	  539	0.00852158	!	34.945998	4100.884400	0.927238
  904	17111	  615	  539	0.00001404	!	0.057588	4100.884400	0.927252
  904	17111	  632	  539	0.00230664	!	9.459273	4100.884400	0.929559
  904	17111	  633	  539	0.00000392	!	0.016058	4100.884400	0.929563
  904	17111	  634	  539	0.00000093	!	0.003818	4100.884400	0.929564
  904	17111	  635	  539	0.00000163	!	0.006669	4100.884400	0.929565
  904	17111	  636	  539	0.00000000	!	0.000011	4100.884400	0.929565
  904	17111	  609	  540	0.00000187	!	0.007651	4100.884400	0.929567
  904	17111	  610	  540	0.00000000	!	0.000013	4100.884400	0.929567
  904	17111	  612	  540	0.00940623	!	38.573879	4100.884400	0.938974
  904	17111	  613	  540	0.01258751	!	51.619905	4100.884400	0.951561
  904	17111	  614	  540	0.00002930	!	0.120163	4100.884400	0.951590
  904	17111	  615	  540	0.00000001	!	0.000058	4100.884400	0.951590
  904	17111	  622	  540	0.01789881	!	73.400949	4100.884400	0.969489
  904	17111	  623	  540	0.00002994	!	0.122784	4100.884400	0.969519
  904	17111	  632	  540	0.00000232	!	0.009523	4100.884400	0.969521
  904	17111	  633	  540	0.00436263	!	17.890655	4100.884400	0.973884
  904	17111	  634	  540	0.00000742	!	0.030416	4100.884400	0.973891
  904	17111	  612	  541	0.00286237	!	11.738267	4100.884400	0.976754
  904	17111	  613	  541	0.00761916	!	31.245304	4100.884400	0.984373
  904	17111	  614	  541	0.00001257	!	0.051536	4100.884400	0.984386
  904	17111	  622	  541	0.00001806	!	0.074074	4100.884400	0.984404
  904	17111	  623	  541	0.00000003	!	0.000124	4100.884400	0.984404
  904	17111	  633	  541	0.00000440	!	0.018055	4100.884400	0.984408
  904	17111	  634	  541	0.00000001	!	0.000031	4100.884400	0.984408
  904	17111	  639	  541	0.00002695	!	0.110499	4100.884400	0.984435
  904	17111	  612	  542	0.00000289	!	0.011836	4100.884400	0.984438
  904	17111	  613	  542	0.00000770	!	0.031557	4100.884400	0.984446
  904	17111	  614	  542	0.00000001	!	0.000052	4100.884400	0.984446
  904	17111	  636	  543	0.00068876	!	2.824534	4100.884400	0.985134
  904	17111	  637	  543	0.00000118	!	0.004823	4100.884400	0.985136
  904	17111	  631	  544	0.00087608	!	3.592686	4100.884400	0.986012
  904	17111	  632	  544	0.00081625	!	3.347345	4100.884400	0.986828
  904	17111	  633	  544	0.00000138	!	0.005672	4100.884400	0.986829
  904	17111	  635	  544	0.00710474	!	29.135699	4100.884400	0.993934
  904	17111	  636	  544	0.00075359	!	3.090373	4100.884400	0.994688
  904	17111	  637	  544	0.00000127	!	0.005192	4100.884400	0.994689
  904	17111	  624	  545	0.00087835	!	3.602002	4100.884400	0.995567
  904	17111	  625	  545	0.00000147	!	0.006043	4100.884400	0.995569
  904	17111	  631	  545	0.00000089	!	0.003661	4100.884400	0.995570
  904	17111	  632	  545	0.00000083	!	0.003411	4100.884400	0.995570
  904	17111	  633	  545	0.00000000	!	0.000006	4100.884400	0.995570
  904	17111	  635	  545	0.00000724	!	0.029692	4100.884400	0.995578
  904	17111	  636	  545	0.00000077	!	0.003146	4100.884400	0.995578
  904	17111	  637	  545	0.00000000	!	0.000005	4100.884400	0.995578
  904	17111	  624	  546	0.00114537	!	4.697027	4100.884400	0.996724
  904	17111	  625	  546	0.00000192	!	0.007880	4100.884400	0.996726
  904	17111	  624	  547	0.00000117	!	0.004806	4100.884400	0.996727
  904	17111	  625	  547	0.00000000	!	0.000008	4100.884400	0.996727
  904	17111	  631	  547	0.00186613	!	7.652802	4100.884400	0.998593
  904	17111	  632	  547	0.00000316	!	0.012973	4100.884400	0.998596
  904	17111	  637	  547	0.00110564	!	4.534115	4100.884400	0.999702
  904	17111	  638	  547	0.00029489	!	1.209306	4100.884400	0.999997
  904	17111	  631	  548	0.00000192	!	0.007856	4100.884400	0.999999
  904	17111	  632	  548	0.00000000	!	0.000013	4100.884400	0.999999
  904	17111	  637	  548	0.00000113	!	0.004654	4100.884400	1.000000
  904	17111	  638	  548	0.00000026	!	0.001085	4100.884400	1.000000
  904	17057	  520	  350	0.02278733	!	2.027092	88.956972	0.022787
  904	17057	  521	  350	0.00003235	!	0.002878	88.956972	0.022820
  904	17057	  520	  351	0.00001226	!	0.001091	88.956972	0.022832
  904	17057	  521	  351	0.00000002	!	0.000002	88.956972	0.022832
  904	17057	  537	  356	0.02589915	!	2.303910	88.956972	0.048731
  904	17057	  537	  357	0.07143997	!	6.355084	88.956972	0.120171
  904	17057	  538	  357	0.01616508	!	1.437996	88.956972	0.136336
  904	17057	  537	  358	0.00003982	!	0.003542	88.956972	0.136376
  904	17057	  538	  358	0.00000957	!	0.000851	88.956972	0.136386
  904	17057	  531	  364	0.03688922	!	3.281554	88.956972	0.173275
  904	17057	  532	  364	0.00005337	!	0.004748	88.956972	0.173328
  904	17057	  531	  365	0.00002113	!	0.001880	88.956972	0.173349
  904	17057	  532	  365	0.00000003	!	0.000003	88.956972	0.173349
  904	17057	  531	  366	0.02558168	!	2.275669	88.956972	0.198931
  904	17057	  532	  366	0.00003701	!	0.003293	88.956972	0.198968
  904	17057	  531	  367	0.00001478	!	0.001315	88.956972	0.198983
  904	17057	  532	  367	0.00000002	!	0.000002	88.956972	0.198983
  904	17057	  528	  372	0.02935541	!	2.611368	88.956972	0.228338
  904	17057	  529	  372	0.00004225	!	0.003759	88.956972	0.228380
  904	17057	  528	  373	0.00001740	!	0.001548	88.956972	0.228398
  904	17057	  529	  373	0.00000003	!	0.000002	88.956972	0.228398
  904	17057	  539	  377	0.07376414	!	6.561834	88.956972	0.302162
  904	17057	  540	  377	0.00010819	!	0.009624	88.956972	0.302270
  904	17057	  538	  378	0.13949717	!	12.409246	88.956972	0.441767
  904	17057	  539	  378	0.04884644	!	4.345231	88.956972	0.490614
  904	17057	  540	  378	0.04709656	!	4.189568	88.956972	0.537710
  904	17057	  541	  378	0.00006909	!	0.006146	88.956972	0.537779
  904	17057	  535	  379	0.08587426	!	7.639114	88.956972	0.623654
  904	17057	  536	  379	0.00012510	!	0.011129	88.956972	0.623779
  904	17057	  538	  379	0.16856494	!	14.995027	88.956972	0.792344
  904	17057	  539	  379	0.00027634	!	0.024583	88.956972	0.792620
  904	17057	  540	  379	0.00002861	!	0.002545	88.956972	0.792649
  904	17057	  541	  379	0.00000004	!	0.000004	88.956972	0.792649
  904	17057	  535	  380	0.00005239	!	0.004660	88.956972	0.792701
  904	17057	  536	  380	0.00000008	!	0.000007	88.956972	0.792701
  904	17057	  538	  380	0.01873833	!	1.666905	88.956972	0.811440
  904	17057	  539	  380	0.00002744	!	0.002441	88.956972	0.811467
  904	17057	  538	  381	0.01341457	!	1.193319	88.956972	0.824882
  904	17057	  539	  381	0.00001964	!	0.001747	88.956972	0.824901
  904	17057	  538	  382	0.00000824	!	0.000733	88.956972	0.824909
  904	17057	  539	  382	0.00000001	!	0.000001	88.956972	0.824909
  904	17057	  512	  385	0.02638121	!	2.346792	88.956972	0.851291
  904	17057	  513	  385	0.00004384	!	0.003900	88.956972	0.851335
  904	17057	  512	  386	0.00001708	!	0.001519	88.956972	0.851352
  904	17057	  513	  386	0.00000003	!	0.000002	88.956972	0.851352
  904	17057	  539	  390	0.10783888	!	9.593020	88.956972	0.959191
  904	17057	  540	  390	0.04071567	!	3.621943	88.956972	0.999906
  904	17057	  539	  391	0.00006873	!	0.006114	88.956972	0.999975
  904	17057	  540	  391	0.00002509	!	0.002232	88.956972	1.000000
  904	17105	  630	  402	0.00300439	!	4.077141	1357.061975	0.003004
  904	17105	  631	  402	0.00465187	!	6.312873	1357.061975	0.007656
  904	17105	  632	  402	0.01660941	!	22.539998	1357.061975	0.024266
  904	17105	  633	  402	0.00002818	!	0.038246	1357.061975	0.024294
  904	17105	  630	  403	0.00000200	!	0.002720	1357.061975	0.024296
  904	17105	  631	  403	0.00000310	!	0.004211	1357.061975	0.024299
  904	17105	  632	  403	0.00001108	!	0.015035	1357.061975	0.024310
  904	17105	  633	  403	0.00000002	!	0.000026	1357.061975	0.024310
  904	17105	  639	  403	0.02032954	!	27.588449	1357.061975	0.044640
  904	17105	  640	  403	0.00003487	!	0.047314	1357.061975	0.044674
  904	17105	  646	  403	0.00698030	!	9.472702	1357.061975	0.051655
  904	17105	  647	  403	0.00001209	!	0.016410	1357.061975	0.051667
  904	17105	  639	  404	0.00001361	!	0.018471	1357.061975	0.051680
  904	17105	  640	  404	0.00000002	!	0.000032	1357.061975	0.051680
  904	17105	  646	  404	0.00245746	!	3.334929	1357.061975	0.054138
  904	17105	  647	  404	0.00000426	!	0.005777	1357.061975	0.054142
  904	17105	  646	  405	0.00000165	!	0.002237	1357.061975	0.054144
  904	17105	  647	  405	0.00000000	!	0.000004	1357.061975	0.054144
  904	17105	  621	  408	0.14679440	!	199.209093	1357.061975	0.200938
  904	17105	  622	  408	0.00024519	!	0.332739	1357.061975	0.201183
  904	17105	  621	  409	0.14361999	!	194.901226	1357.061975	0.344803
  904	17105	  622	  409	0.00023989	!	0.325543	1357.061975	0.345043
  904	17105	  621	  410	0.00009822	!	0.133296	1357.061975	0.345142
  904	17105	  622	  410	0.00000016	!	0.000223	1357.061975	0.345142
  904	17105	  621	  412	0.00384430	!	5.216955	1357.061975	0.348986
  904	17105	  622	  412	0.06191759	!	84.026010	1357.061975	0.410904
  904	17105	  623	  412	0.01119690	!	15.194883	1357.061975	0.422101
  904	17105	  624	  412	0.00001858	!	0.025220	1357.061975	0.422119
  904	17105	  621	  413	0.00000266	!	0.003609	1357.061975	0.422122
  904	17105	  622	  413	0.01387395	!	18.827806	1357.061975	0.435996
  904	17105	  623	  413	0.01590698	!	21.586755	1357.061975	0.451903
  904	17105	  624	  413	0.05646073	!	76.620706	1357.061975	0.508363
  904	17105	  625	  413	0.00009468	!	0.128490	1357.061975	0.508458
  904	17105	  622	  414	0.00000960	!	0.013032	1357.061975	0.508468
  904	17105	  623	  414	0.00001104	!	0.014981	1357.061975	0.508479
  904	17105	  624	  414	0.00003920	!	0.053198	1357.061975	0.508518
  904	17105	  625	  414	0.00000007	!	0.000089	1357.061975	0.508518
  904	17105	  637	  415	0.01834161	!	24.890708	1357.061975	0.526860
  904	17105	  638	  415	0.00003136	!	0.042564	1357.061975	0.526891
  904	17105	  623	  416	0.01072877	!	14.559604	1357.061975	0.537620
  904	17105	  624	  416	0.00001797	!	0.024391	1357.061975	0.537638
  904	17105	  637	  416	0.00001283	!	0.017405	1357.061975	0.537651
  904	17105	  638	  416	0.00000002	!	0.000030	1357.061975	0.537651
  904	17105	  622	  417	0.01981582	!	26.891302	1357.061975	0.557466
  904	17105	  623	  417	0.00004068	!	0.055200	1357.061975	0.557507
  904	17105	  624	  417	0.00000001	!	0.000017	1357.061975	0.557507
  904	17105	  622	  418	0.00210757	!	2.860102	1357.061975	0.559615
  904	17105	  623	  418	0.00000353	!	0.004784	1357.061975	0.559618
  904	17105	  622	  419	0.00000148	!	0.002008	1357.061975	0.559620
  904	17105	  623	  419	0.00000000	!	0.000003	1357.061975	0.559620
  904	17105	  629	  424	0.01173575	!	15.926142	1357.061975	0.571355
  904	17105	  630	  424	0.00001984	!	0.026918	1357.061975	0.571375
  904	17105	  629	  425	0.00000847	!	0.011492	1357.061975	0.571384
  904	17105	  630	  425	0.00000001	!	0.000019	1357.061975	0.571384
  904	17105	  604	  426	0.06670222	!	90.519046	1357.061975	0.638086
  904	17105	  605	  426	0.00013293	!	0.180399	1357.061975	0.638219
  904	17105	  604	  427	0.00005123	!	0.069525	1357.061975	0.638270
  904	17105	  605	  427	0.00000010	!	0.000131	1357.061975	0.638270
  904	17105	  608	  429	0.00331938	!	4.504608	1357.061975	0.641590
  904	17105	  609	  429	0.00000544	!	0.007379	1357.061975	0.641595
  904	17105	  608	  430	0.00000244	!	0.003306	1357.061975	0.641597
  904	17105	  609	  430	0.00000000	!	0.000005	1357.061975	0.641597
  904	17105	  610	  430	0.01383526	!	18.775305	1357.061975	0.655433
  904	17105	  611	  430	0.00002424	!	0.032900	1357.061975	0.655457
  904	17105	  634	  432	0.02772860	!	37.629428	1357.061975	0.683186
  904	17105	  635	  432	0.00004721	!	0.064067	1357.061975	0.683233
  904	17105	  634	  433	0.00002056	!	0.027898	1357.061975	0.683253
  904	17105	  635	  433	0.04503463	!	61.114781	1357.061975	0.728288
  904	17105	  636	  433	0.27119038	!	368.022152	1357.061975	0.999478
  904	17105	  637	  433	0.00052166	!	0.707926	1357.061975	1.000000
